<?xml version='1.0' encoding='UTF-8'?>
<smallbismark>
 <comment name='WARNING'>This is a draft version of small-BiSMark. Specification is the subject to change!</comment>
 <motif name='abd-A' id='ABD_A.MTF' length='8'>
  <PCM length='8'>
   <pm-column position='1'>
    <a>5</a>
    <c>2</c>
    <g>13</g>
    <t>17</t>
   </pm-column>
   <pm-column position='2'>
    <a>10</a>
    <c>15</c>
    <g>3</g>
    <t>9</t>
   </pm-column>
   <pm-column position='3'>
    <a>22</a>
    <c>15</c>
    <g>0</g>
    <t>0</t>
   </pm-column>
   <pm-column position='4'>
    <a>36</a>
    <c>0</c>
    <g>0</g>
    <t>1</t>
   </pm-column>
   <pm-column position='5'>
    <a>0</a>
    <c>0</c>
    <g>0</g>
    <t>37</t>
   </pm-column>
   <pm-column position='6'>
    <a>11</a>
    <c>2</c>
    <g>0</g>
    <t>24</t>
   </pm-column>
   <pm-column position='7'>
    <a>33</a>
    <c>1</c>
    <g>0</g>
    <t>3</t>
   </pm-column>
   <pm-column position='8'>
    <a>18</a>
    <c>2</c>
    <g>4</g>
    <t>13</t>
   </pm-column>
  </PCM>
  <PPM length='8'>
   <pm-column position='1'>
    <a>0.135135135135135</a>
    <c>0.0540540540540541</c>
    <g>0.351351351351351</g>
    <t>0.459459459459459</t>
   </pm-column>
   <pm-column position='2'>
    <a>0.27027027027027</a>
    <c>0.405405405405405</c>
    <g>0.0810810810810811</g>
    <t>0.243243243243243</t>
   </pm-column>
   <pm-column position='3'>
    <a>0.594594594594595</a>
    <c>0.405405405405405</c>
    <g>0.0</g>
    <t>0.0</t>
   </pm-column>
   <pm-column position='4'>
    <a>0.972972972972973</a>
    <c>0.0</c>
    <g>0.0</g>
    <t>0.027027027027027</t>
   </pm-column>
   <pm-column position='5'>
    <a>0.0</a>
    <c>0.0</c>
    <g>0.0</g>
    <t>1.0</t>
   </pm-column>
   <pm-column position='6'>
    <a>0.297297297297297</a>
    <c>0.0540540540540541</c>
    <g>0.0</g>
    <t>0.648648648648649</t>
   </pm-column>
   <pm-column position='7'>
    <a>0.891891891891892</a>
    <c>0.027027027027027</c>
    <g>0.0</g>
    <t>0.0810810810810811</t>
   </pm-column>
   <pm-column position='8'>
    <a>0.486486486486487</a>
    <c>0.0540540540540541</c>
    <g>0.108108108108108</g>
    <t>0.351351351351351</t>
   </pm-column>
  </PPM>
  <PWM length='8'>
   <pm-column position='1'>
    <a>-0.593063722002963</a>
    <c>-1.44036158239017</c>
    <g>0.332705753825736</g>
    <t>0.596520344870874</t>
   </pm-column>
   <pm-column position='2'>
    <a>0.0759859069779221</a>
    <c>0.473287704446926</c>
    <g>-1.07263680226485</g>
    <t>-0.0266682470821613</t>
   </pm-column>
   <pm-column position='3'>
    <a>0.851050210005754</a>
    <c>0.473287704446926</c>
    <g>-3.63758615972639</g>
    <t>-3.63758615972639</t>
   </pm-column>
   <pm-column position='4'>
    <a>1.33914758269419</a>
    <c>-3.63758615972639</c>
    <g>-3.63758615972639</g>
    <t>-2.02814824729229</t>
   </pm-column>
   <pm-column position='5'>
    <a>-3.63758615972639</a>
    <c>-3.63758615972639</c>
    <g>-3.63758615972639</g>
    <t>1.36636014621907</t>
   </pm-column>
   <pm-column position='6'>
    <a>0.169076330043934</a>
    <c>-1.44036158239017</c>
    <g>-3.63758615972639</g>
    <t>0.937124818776997</t>
   </pm-column>
   <pm-column position='7'>
    <a>1.25276296849537</a>
    <c>-2.02814824729229</c>
    <g>-3.63758615972639</g>
    <t>-1.07263680226485</t>
   </pm-column>
   <pm-column position='8'>
    <a>0.652873281422005</a>
    <c>-1.44036158239017</c>
    <g>-0.80437281567017</g>
    <t>0.332705753825736</t>
   </pm-column>
  </PWM>
 </motif>
</smallbismark>