<?xml version='1.0' encoding='UTF-8'?>
<smallbismark>
 <comment name='WARNING'>This is a draft version of small-BiSMark. Specification is the subject to change!</comment>
 <motif name='bcd' id='BCD.MTF' length='8'>
  <PCM length='8'>
   <pm-column position='1'>
    <a>9</a>
    <c>18</c>
    <g>3</g>
    <t>18</t>
   </pm-column>
   <pm-column position='2'>
    <a>8</a>
    <c>3</c>
    <g>1</g>
    <t>36</t>
   </pm-column>
   <pm-column position='3'>
    <a>45</a>
    <c>1</c>
    <g>1</g>
    <t>1</t>
   </pm-column>
   <pm-column position='4'>
    <a>47</a>
    <c>0</c>
    <g>1</g>
    <t>0</t>
   </pm-column>
   <pm-column position='5'>
    <a>1</a>
    <c>0</c>
    <g>16</g>
    <t>31</t>
   </pm-column>
   <pm-column position='6'>
    <a>1</a>
    <c>44</c>
    <g>0</g>
    <t>3</t>
   </pm-column>
   <pm-column position='7'>
    <a>2</a>
    <c>26</c>
    <g>3</g>
    <t>17</t>
   </pm-column>
   <pm-column position='8'>
    <a>5</a>
    <c>12</c>
    <g>18</g>
    <t>13</t>
   </pm-column>
  </PCM>
  <PPM length='8'>
   <pm-column position='1'>
    <a>0.1875</a>
    <c>0.375</c>
    <g>0.0625</g>
    <t>0.375</t>
   </pm-column>
   <pm-column position='2'>
    <a>0.166666666666667</a>
    <c>0.0625</c>
    <g>0.0208333333333333</g>
    <t>0.75</t>
   </pm-column>
   <pm-column position='3'>
    <a>0.9375</a>
    <c>0.0208333333333333</c>
    <g>0.0208333333333333</g>
    <t>0.0208333333333333</t>
   </pm-column>
   <pm-column position='4'>
    <a>0.979166666666667</a>
    <c>0.0</c>
    <g>0.0208333333333333</g>
    <t>0.0</t>
   </pm-column>
   <pm-column position='5'>
    <a>0.0208333333333333</a>
    <c>0.0</c>
    <g>0.333333333333333</g>
    <t>0.645833333333333</t>
   </pm-column>
   <pm-column position='6'>
    <a>0.0208333333333333</a>
    <c>0.916666666666667</c>
    <g>0.0</g>
    <t>0.0625</t>
   </pm-column>
   <pm-column position='7'>
    <a>0.0416666666666667</a>
    <c>0.541666666666667</c>
    <g>0.0625</g>
    <t>0.354166666666667</t>
   </pm-column>
   <pm-column position='8'>
    <a>0.104166666666667</a>
    <c>0.25</c>
    <g>0.375</g>
    <t>0.270833333333333</t>
   </pm-column>
  </PPM>
  <PWM length='8'>
   <pm-column position='1'>
    <a>-0.280902385466402</a>
    <c>0.398639143037765</c>
    <g>-1.32687094064909</g>
    <t>0.398639143037765</t>
   </pm-column>
   <pm-column position='2'>
    <a>-0.395312736644146</a>
    <c>-1.32687094064909</c>
    <g>-2.28238238567653</g>
    <t>1.08491344430995</t>
   </pm-column>
   <pm-column position='3'>
    <a>1.3066767331552</a>
    <c>-2.28238238567653</c>
    <g>-2.28238238567653</g>
    <t>-2.28238238567653</t>
   </pm-column>
   <pm-column position='4'>
    <a>1.34992671694902</a>
    <c>-3.89182029811063</c>
    <g>-2.28238238567653</g>
    <t>-3.89182029811063</t>
   </pm-column>
   <pm-column position='5'>
    <a>-2.28238238567653</a>
    <c>-3.89182029811063</c>
    <g>0.28256697178501</g>
    <t>0.936493439191674</t>
   </pm-column>
   <pm-column position='6'>
    <a>-2.28238238567653</a>
    <c>1.2843294344632</c>
    <g>-3.89182029811063</g>
    <t>-1.32687094064909</t>
   </pm-column>
   <pm-column position='7'>
    <a>-1.69459572077441</a>
    <c>0.762140052046897</c>
    <g>-1.32687094064909</g>
    <t>0.342286206486633</t>
   </pm-column>
   <pm-column position='8'>
    <a>-0.847297860387204</a>
    <c>0.0</c>
    <g>0.398639143037765</g>
    <t>0.0784716154414953</t>
   </pm-column>
  </PWM>
 </motif>
</smallbismark>