<?xml version='1.0' encoding='UTF-8'?>
<smallbismark>
 <comment name='WARNING'>This is a draft version of small-BiSMark. Specification is the subject to change!</comment>
 <motif name='BEAF-32' id='BEAF_32.MTF' length='8'>
  <PCM length='8'>
   <pm-column position='1'>
    <a>0</a>
    <c>0</c>
    <g>0</g>
    <t>2</t>
   </pm-column>
   <pm-column position='2'>
    <a>2</a>
    <c>0</c>
    <g>0</g>
    <t>0</t>
   </pm-column>
   <pm-column position='3'>
    <a>0</a>
    <c>0</c>
    <g>0</g>
    <t>2</t>
   </pm-column>
   <pm-column position='4'>
    <a>0</a>
    <c>2</c>
    <g>0</g>
    <t>0</t>
   </pm-column>
   <pm-column position='5'>
    <a>0</a>
    <c>0</c>
    <g>2</g>
    <t>0</t>
   </pm-column>
   <pm-column position='6'>
    <a>2</a>
    <c>0</c>
    <g>0</g>
    <t>0</t>
   </pm-column>
   <pm-column position='7'>
    <a>0</a>
    <c>0</c>
    <g>0</g>
    <t>2</t>
   </pm-column>
   <pm-column position='8'>
    <a>2</a>
    <c>0</c>
    <g>0</g>
    <t>0</t>
   </pm-column>
  </PCM>
  <PPM length='8'>
   <pm-column position='1'>
    <a>0.0</a>
    <c>0.0</c>
    <g>0.0</g>
    <t>1.0</t>
   </pm-column>
   <pm-column position='2'>
    <a>1.0</a>
    <c>0.0</c>
    <g>0.0</g>
    <t>0.0</t>
   </pm-column>
   <pm-column position='3'>
    <a>0.0</a>
    <c>0.0</c>
    <g>0.0</g>
    <t>1.0</t>
   </pm-column>
   <pm-column position='4'>
    <a>0.0</a>
    <c>1.0</c>
    <g>0.0</g>
    <t>0.0</t>
   </pm-column>
   <pm-column position='5'>
    <a>0.0</a>
    <c>0.0</c>
    <g>1.0</g>
    <t>0.0</t>
   </pm-column>
   <pm-column position='6'>
    <a>1.0</a>
    <c>0.0</c>
    <g>0.0</g>
    <t>0.0</t>
   </pm-column>
   <pm-column position='7'>
    <a>0.0</a>
    <c>0.0</c>
    <g>0.0</g>
    <t>1.0</t>
   </pm-column>
   <pm-column position='8'>
    <a>1.0</a>
    <c>0.0</c>
    <g>0.0</g>
    <t>0.0</t>
   </pm-column>
  </PPM>
  <PWM length='8'>
   <pm-column position='1'>
    <a>-1.09861228866811</a>
    <c>-1.09861228866811</c>
    <g>-1.09861228866811</g>
    <t>1.09861228866811</t>
   </pm-column>
   <pm-column position='2'>
    <a>1.09861228866811</a>
    <c>-1.09861228866811</c>
    <g>-1.09861228866811</g>
    <t>-1.09861228866811</t>
   </pm-column>
   <pm-column position='3'>
    <a>-1.09861228866811</a>
    <c>-1.09861228866811</c>
    <g>-1.09861228866811</g>
    <t>1.09861228866811</t>
   </pm-column>
   <pm-column position='4'>
    <a>-1.09861228866811</a>
    <c>1.09861228866811</c>
    <g>-1.09861228866811</g>
    <t>-1.09861228866811</t>
   </pm-column>
   <pm-column position='5'>
    <a>-1.09861228866811</a>
    <c>-1.09861228866811</c>
    <g>1.09861228866811</g>
    <t>-1.09861228866811</t>
   </pm-column>
   <pm-column position='6'>
    <a>1.09861228866811</a>
    <c>-1.09861228866811</c>
    <g>-1.09861228866811</g>
    <t>-1.09861228866811</t>
   </pm-column>
   <pm-column position='7'>
    <a>-1.09861228866811</a>
    <c>-1.09861228866811</c>
    <g>-1.09861228866811</g>
    <t>1.09861228866811</t>
   </pm-column>
   <pm-column position='8'>
    <a>1.09861228866811</a>
    <c>-1.09861228866811</c>
    <g>-1.09861228866811</g>
    <t>-1.09861228866811</t>
   </pm-column>
  </PWM>
 </motif>
</smallbismark>