<?xml version='1.0' encoding='UTF-8'?>
<smallbismark>
 <comment name='WARNING'>This is a draft version of small-BiSMark. Specification is the subject to change!</comment>
 <motif name='br-Z2' id='BR_Z2.MTF' length='8'>
  <PCM length='8'>
   <pm-column position='1'>
    <a>7</a>
    <c>3</c>
    <g>1</g>
    <t>10</t>
   </pm-column>
   <pm-column position='2'>
    <a>0</a>
    <c>15</c>
    <g>4</g>
    <t>2</t>
   </pm-column>
   <pm-column position='3'>
    <a>0</a>
    <c>0</c>
    <g>0</g>
    <t>21</t>
   </pm-column>
   <pm-column position='4'>
    <a>21</a>
    <c>0</c>
    <g>0</g>
    <t>0</t>
   </pm-column>
   <pm-column position='5'>
    <a>1</a>
    <c>0</c>
    <g>5</g>
    <t>15</t>
   </pm-column>
   <pm-column position='6'>
    <a>2</a>
    <c>5</c>
    <g>5</g>
    <t>9</t>
   </pm-column>
   <pm-column position='7'>
    <a>12</a>
    <c>1</c>
    <g>1</g>
    <t>7</t>
   </pm-column>
   <pm-column position='8'>
    <a>11</a>
    <c>4</c>
    <g>1</g>
    <t>5</t>
   </pm-column>
  </PCM>
  <PPM length='8'>
   <pm-column position='1'>
    <a>0.333333333333333</a>
    <c>0.142857142857143</c>
    <g>0.0476190476190476</g>
    <t>0.476190476190476</t>
   </pm-column>
   <pm-column position='2'>
    <a>0.0</a>
    <c>0.714285714285714</c>
    <g>0.19047619047619</g>
    <t>0.0952380952380952</t>
   </pm-column>
   <pm-column position='3'>
    <a>0.0</a>
    <c>0.0</c>
    <g>0.0</g>
    <t>1.0</t>
   </pm-column>
   <pm-column position='4'>
    <a>1.0</a>
    <c>0.0</c>
    <g>0.0</g>
    <t>0.0</t>
   </pm-column>
   <pm-column position='5'>
    <a>0.0476190476190476</a>
    <c>0.0</c>
    <g>0.238095238095238</g>
    <t>0.714285714285714</t>
   </pm-column>
   <pm-column position='6'>
    <a>0.0952380952380952</a>
    <c>0.238095238095238</c>
    <g>0.238095238095238</g>
    <t>0.428571428571429</t>
   </pm-column>
   <pm-column position='7'>
    <a>0.571428571428571</a>
    <c>0.0476190476190476</c>
    <g>0.0476190476190476</g>
    <t>0.333333333333333</t>
   </pm-column>
   <pm-column position='8'>
    <a>0.523809523809524</a>
    <c>0.19047619047619</c>
    <g>0.0476190476190476</g>
    <t>0.238095238095238</t>
   </pm-column>
  </PPM>
  <PWM length='8'>
   <pm-column position='1'>
    <a>0.276253376628158</a>
    <c>-0.526093095896779</c>
    <g>-1.48160454092422</g>
    <t>0.622529613345992</t>
   </pm-column>
   <pm-column position='2'>
    <a>-3.09104245335832</a>
    <c>1.019831410815</c>
    <g>-0.2578291093021</g>
    <t>-0.893817876022096</t>
   </pm-column>
   <pm-column position='3'>
    <a>-3.09104245335832</a>
    <c>-3.09104245335832</c>
    <g>-3.09104245335832</g>
    <t>1.351608803132</t>
   </pm-column>
   <pm-column position='4'>
    <a>1.351608803132</a>
    <c>-3.09104245335832</c>
    <g>-3.09104245335832</g>
    <t>-3.09104245335832</t>
   </pm-column>
   <pm-column position='5'>
    <a>-1.48160454092422</a>
    <c>-3.09104245335832</c>
    <g>-0.0465200156348928</g>
    <t>1.019831410815</t>
   </pm-column>
   <pm-column position='6'>
    <a>-0.893817876022096</a>
    <c>-0.0465200156348928</c>
    <g>-0.0465200156348928</g>
    <t>0.519875459285909</t>
   </pm-column>
   <pm-column position='7'>
    <a>0.800777844752311</a>
    <c>-1.48160454092422</c>
    <g>-1.48160454092422</g>
    <t>0.276253376628158</t>
   </pm-column>
   <pm-column position='8'>
    <a>0.715620036412004</a>
    <c>-0.2578291093021</c>
    <g>-1.48160454092422</g>
    <t>-0.0465200156348928</t>
   </pm-column>
  </PWM>
 </motif>
</smallbismark>