<?xml version='1.0' encoding='UTF-8'?>
<smallbismark>
 <comment name='WARNING'>This is a draft version of small-BiSMark. Specification is the subject to change!</comment>
 <motif name='br-Z3' id='BR_Z3.MTF' length='8'>
  <PCM length='8'>
   <pm-column position='1'>
    <a>7</a>
    <c>3</c>
    <g>3</g>
    <t>3</t>
   </pm-column>
   <pm-column position='2'>
    <a>12</a>
    <c>1</c>
    <g>0</g>
    <t>3</t>
   </pm-column>
   <pm-column position='3'>
    <a>10</a>
    <c>0</c>
    <g>6</g>
    <t>0</t>
   </pm-column>
   <pm-column position='4'>
    <a>1</a>
    <c>11</c>
    <g>0</g>
    <t>4</t>
   </pm-column>
   <pm-column position='5'>
    <a>0</a>
    <c>0</c>
    <g>1</g>
    <t>15</t>
   </pm-column>
   <pm-column position='6'>
    <a>7</a>
    <c>0</c>
    <g>3</g>
    <t>6</t>
   </pm-column>
   <pm-column position='7'>
    <a>0</a>
    <c>0</c>
    <g>10</g>
    <t>6</t>
   </pm-column>
   <pm-column position='8'>
    <a>0</a>
    <c>0</c>
    <g>1</g>
    <t>15</t>
   </pm-column>
  </PCM>
  <PPM length='8'>
   <pm-column position='1'>
    <a>0.4375</a>
    <c>0.1875</c>
    <g>0.1875</g>
    <t>0.1875</t>
   </pm-column>
   <pm-column position='2'>
    <a>0.75</a>
    <c>0.0625</c>
    <g>0.0</g>
    <t>0.1875</t>
   </pm-column>
   <pm-column position='3'>
    <a>0.625</a>
    <c>0.0</c>
    <g>0.375</g>
    <t>0.0</t>
   </pm-column>
   <pm-column position='4'>
    <a>0.0625</a>
    <c>0.6875</c>
    <g>0.0</g>
    <t>0.25</t>
   </pm-column>
   <pm-column position='5'>
    <a>0.0</a>
    <c>0.0</c>
    <g>0.0625</g>
    <t>0.9375</t>
   </pm-column>
   <pm-column position='6'>
    <a>0.4375</a>
    <c>0.0</c>
    <g>0.1875</g>
    <t>0.375</t>
   </pm-column>
   <pm-column position='7'>
    <a>0.0</a>
    <c>0.0</c>
    <g>0.625</g>
    <t>0.375</t>
   </pm-column>
   <pm-column position='8'>
    <a>0.0</a>
    <c>0.0</c>
    <g>0.0625</g>
    <t>0.9375</t>
   </pm-column>
  </PPM>
  <PWM length='8'>
   <pm-column position='1'>
    <a>0.534082485930258</a>
    <c>-0.268263986594679</c>
    <g>-0.268263986594679</g>
    <t>-0.268263986594679</t>
   </pm-column>
   <pm-column position='2'>
    <a>1.05860695405441</a>
    <c>-1.22377543162212</c>
    <g>-2.83321334405622</g>
    <t>-0.268263986594679</t>
   </pm-column>
   <pm-column position='3'>
    <a>0.880358722648092</a>
    <c>-2.83321334405622</c>
    <g>0.385662480811985</g>
    <t>-2.83321334405622</t>
   </pm-column>
   <pm-column position='4'>
    <a>-1.22377543162212</a>
    <c>0.973449145714104</c>
    <g>-2.83321334405622</g>
    <t>0.0</t>
   </pm-column>
   <pm-column position='5'>
    <a>-2.83321334405622</a>
    <c>-2.83321334405622</c>
    <g>-1.22377543162212</g>
    <t>1.2776605201171</t>
   </pm-column>
   <pm-column position='6'>
    <a>0.534082485930258</a>
    <c>-2.83321334405622</c>
    <g>-0.268263986594679</g>
    <t>0.385662480811985</t>
   </pm-column>
   <pm-column position='7'>
    <a>-2.83321334405622</a>
    <c>-2.83321334405622</c>
    <g>0.880358722648092</g>
    <t>0.385662480811985</t>
   </pm-column>
   <pm-column position='8'>
    <a>-2.83321334405622</a>
    <c>-2.83321334405622</c>
    <g>-1.22377543162212</g>
    <t>1.2776605201171</t>
   </pm-column>
  </PWM>
 </motif>
</smallbismark>