<?xml version='1.0' encoding='UTF-8'?>
<smallbismark>
 <comment name='WARNING'>This is a draft version of small-BiSMark. Specification is the subject to change!</comment>
 <motif name='br-Z4' id='BR_Z4.MTF' length='6'>
  <PCM length='6'>
   <pm-column position='1'>
    <a>5</a>
    <c>0</c>
    <g>3</g>
    <t>0</t>
   </pm-column>
   <pm-column position='2'>
    <a>2</a>
    <c>5</c>
    <g>0</g>
    <t>1</t>
   </pm-column>
   <pm-column position='3'>
    <a>1</a>
    <c>0</c>
    <g>0</g>
    <t>7</t>
   </pm-column>
   <pm-column position='4'>
    <a>8</a>
    <c>0</c>
    <g>0</g>
    <t>0</t>
   </pm-column>
   <pm-column position='5'>
    <a>8</a>
    <c>0</c>
    <g>0</g>
    <t>0</t>
   </pm-column>
   <pm-column position='6'>
    <a>1</a>
    <c>0</c>
    <g>0</g>
    <t>7</t>
   </pm-column>
  </PCM>
  <PPM length='6'>
   <pm-column position='1'>
    <a>0.625</a>
    <c>0.0</c>
    <g>0.375</g>
    <t>0.0</t>
   </pm-column>
   <pm-column position='2'>
    <a>0.25</a>
    <c>0.625</c>
    <g>0.0</g>
    <t>0.125</t>
   </pm-column>
   <pm-column position='3'>
    <a>0.125</a>
    <c>0.0</c>
    <g>0.0</g>
    <t>0.875</t>
   </pm-column>
   <pm-column position='4'>
    <a>1.0</a>
    <c>0.0</c>
    <g>0.0</g>
    <t>0.0</t>
   </pm-column>
   <pm-column position='5'>
    <a>1.0</a>
    <c>0.0</c>
    <g>0.0</g>
    <t>0.0</t>
   </pm-column>
   <pm-column position='6'>
    <a>0.125</a>
    <c>0.0</c>
    <g>0.0</g>
    <t>0.875</t>
   </pm-column>
  </PPM>
  <PWM length='6'>
   <pm-column position='1'>
    <a>0.847297860387204</a>
    <c>-2.19722457733622</c>
    <g>0.367724780125317</g>
    <t>-2.19722457733622</t>
   </pm-column>
   <pm-column position='2'>
    <a>0.0</a>
    <c>0.847297860387204</c>
    <g>-2.19722457733622</g>
    <t>-0.587786664902119</t>
   </pm-column>
   <pm-column position='3'>
    <a>-0.587786664902119</a>
    <c>-2.19722457733622</c>
    <g>-2.19722457733622</g>
    <t>1.17007125265025</t>
   </pm-column>
   <pm-column position='4'>
    <a>1.29928298413026</a>
    <c>-2.19722457733622</c>
    <g>-2.19722457733622</g>
    <t>-2.19722457733622</t>
   </pm-column>
   <pm-column position='5'>
    <a>1.29928298413026</a>
    <c>-2.19722457733622</c>
    <g>-2.19722457733622</g>
    <t>-2.19722457733622</t>
   </pm-column>
   <pm-column position='6'>
    <a>-0.587786664902119</a>
    <c>-2.19722457733622</c>
    <g>-2.19722457733622</g>
    <t>1.17007125265025</t>
   </pm-column>
  </PWM>
 </motif>
</smallbismark>