<?xml version='1.0' encoding='UTF-8'?>
<smallbismark>
 <comment name='WARNING'>This is a draft version of small-BiSMark. Specification is the subject to change!</comment>
 <motif name='br-Z1' id='BR_Z1.MTF' length='8'>
  <PCM length='8'>
   <pm-column position='1'>
    <a>12</a>
    <c>0</c>
    <g>2</g>
    <t>3</t>
   </pm-column>
   <pm-column position='2'>
    <a>12</a>
    <c>2</c>
    <g>3</g>
    <t>0</t>
   </pm-column>
   <pm-column position='3'>
    <a>9</a>
    <c>0</c>
    <g>0</g>
    <t>8</t>
   </pm-column>
   <pm-column position='4'>
    <a>0</a>
    <c>3</c>
    <g>0</g>
    <t>14</t>
   </pm-column>
   <pm-column position='5'>
    <a>14</a>
    <c>0</c>
    <g>2</g>
    <t>1</t>
   </pm-column>
   <pm-column position='6'>
    <a>1</a>
    <c>4</c>
    <g>9</g>
    <t>3</t>
   </pm-column>
   <pm-column position='7'>
    <a>11</a>
    <c>3</c>
    <g>2</g>
    <t>1</t>
   </pm-column>
   <pm-column position='8'>
    <a>16</a>
    <c>1</c>
    <g>0</g>
    <t>0</t>
   </pm-column>
  </PCM>
  <PPM length='8'>
   <pm-column position='1'>
    <a>0.705882352941177</a>
    <c>0.0</c>
    <g>0.117647058823529</g>
    <t>0.176470588235294</t>
   </pm-column>
   <pm-column position='2'>
    <a>0.705882352941177</a>
    <c>0.117647058823529</c>
    <g>0.176470588235294</g>
    <t>0.0</t>
   </pm-column>
   <pm-column position='3'>
    <a>0.529411764705882</a>
    <c>0.0</c>
    <g>0.0</g>
    <t>0.470588235294118</t>
   </pm-column>
   <pm-column position='4'>
    <a>0.0</a>
    <c>0.176470588235294</c>
    <g>0.0</g>
    <t>0.823529411764706</t>
   </pm-column>
   <pm-column position='5'>
    <a>0.823529411764706</a>
    <c>0.0</c>
    <g>0.117647058823529</g>
    <t>0.0588235294117647</t>
   </pm-column>
   <pm-column position='6'>
    <a>0.0588235294117647</a>
    <c>0.235294117647059</c>
    <g>0.529411764705882</g>
    <t>0.176470588235294</t>
   </pm-column>
   <pm-column position='7'>
    <a>0.647058823529412</a>
    <c>0.176470588235294</c>
    <g>0.117647058823529</g>
    <t>0.0588235294117647</t>
   </pm-column>
   <pm-column position='8'>
    <a>0.941176470588235</a>
    <c>0.0588235294117647</c>
    <g>0.0</g>
    <t>0.0</t>
   </pm-column>
  </PPM>
  <PWM length='8'>
   <pm-column position='1'>
    <a>1.00144854021446</a>
    <c>-2.89037175789617</c>
    <g>-0.693147180559945</g>
    <t>-0.325422400434628</t>
   </pm-column>
   <pm-column position='2'>
    <a>1.00144854021446</a>
    <c>-0.693147180559945</c>
    <g>-0.325422400434628</g>
    <t>-2.89037175789617</t>
   </pm-column>
   <pm-column position='3'>
    <a>0.72054615474806</a>
    <c>-2.89037175789617</c>
    <g>-2.89037175789617</g>
    <t>0.606135803570315</t>
   </pm-column>
   <pm-column position='4'>
    <a>-2.89037175789617</a>
    <c>-0.325422400434628</c>
    <g>-2.89037175789617</g>
    <t>1.15267950993839</t>
   </pm-column>
   <pm-column position='5'>
    <a>1.15267950993839</a>
    <c>-2.89037175789617</c>
    <g>-0.693147180559945</g>
    <t>-1.28093384546206</t>
   </pm-column>
   <pm-column position='6'>
    <a>-1.28093384546206</a>
    <c>-0.0571584138399486</c>
    <g>0.72054615474806</g>
    <t>-0.325422400434628</t>
   </pm-column>
   <pm-column position='7'>
    <a>0.916290731874155</a>
    <c>-0.325422400434628</c>
    <g>-0.693147180559945</g>
    <t>-1.28093384546206</t>
   </pm-column>
   <pm-column position='8'>
    <a>1.28401551199947</a>
    <c>-1.28093384546206</c>
    <g>-2.89037175789617</g>
    <t>-2.89037175789617</t>
   </pm-column>
  </PWM>
 </motif>
</smallbismark>