<?xml version='1.0' encoding='UTF-8'?>
<smallbismark>
 <comment name='WARNING'>This is a draft version of small-BiSMark. Specification is the subject to change!</comment>
 <motif name='Deaf1' id='DEAF1.MTF' length='6'>
  <PCM length='6'>
   <pm-column position='1'>
    <a>0</a>
    <c>3</c>
    <g>0</g>
    <t>7</t>
   </pm-column>
   <pm-column position='2'>
    <a>0</a>
    <c>0</c>
    <g>0</g>
    <t>10</t>
   </pm-column>
   <pm-column position='3'>
    <a>0</a>
    <c>10</c>
    <g>0</g>
    <t>0</t>
   </pm-column>
   <pm-column position='4'>
    <a>0</a>
    <c>0</c>
    <g>10</g>
    <t>0</t>
   </pm-column>
   <pm-column position='5'>
    <a>0</a>
    <c>0</c>
    <g>5</g>
    <t>5</t>
   </pm-column>
   <pm-column position='6'>
    <a>1</a>
    <c>3</c>
    <g>4</g>
    <t>2</t>
   </pm-column>
  </PCM>
  <PPM length='6'>
   <pm-column position='1'>
    <a>0.0</a>
    <c>0.3</c>
    <g>0.0</g>
    <t>0.7</t>
   </pm-column>
   <pm-column position='2'>
    <a>0.0</a>
    <c>0.0</c>
    <g>0.0</g>
    <t>1.0</t>
   </pm-column>
   <pm-column position='3'>
    <a>0.0</a>
    <c>1.0</c>
    <g>0.0</g>
    <t>0.0</t>
   </pm-column>
   <pm-column position='4'>
    <a>0.0</a>
    <c>0.0</c>
    <g>1.0</g>
    <t>0.0</t>
   </pm-column>
   <pm-column position='5'>
    <a>0.0</a>
    <c>0.0</c>
    <g>0.5</g>
    <t>0.5</t>
   </pm-column>
   <pm-column position='6'>
    <a>0.1</a>
    <c>0.3</c>
    <g>0.4</g>
    <t>0.2</t>
   </pm-column>
  </PPM>
  <PWM length='6'>
   <pm-column position='1'>
    <a>-2.39789527279837</a>
    <c>0.167054084663166</c>
    <g>-2.39789527279837</g>
    <t>0.969400557188103</t>
   </pm-column>
   <pm-column position='2'>
    <a>-2.39789527279837</a>
    <c>-2.39789527279837</c>
    <g>-2.39789527279837</g>
    <t>1.31567679390594</t>
   </pm-column>
   <pm-column position='3'>
    <a>-2.39789527279837</a>
    <c>1.31567679390594</c>
    <g>-2.39789527279837</g>
    <t>-2.39789527279837</t>
   </pm-column>
   <pm-column position='4'>
    <a>-2.39789527279837</a>
    <c>-2.39789527279837</c>
    <g>1.31567679390594</g>
    <t>-2.39789527279837</t>
   </pm-column>
   <pm-column position='5'>
    <a>-2.39789527279837</a>
    <c>-2.39789527279837</c>
    <g>0.646627164925052</g>
    <t>0.646627164925052</t>
   </pm-column>
   <pm-column position='6'>
    <a>-0.78845736036427</a>
    <c>0.167054084663166</c>
    <g>0.435318071257846</g>
    <t>-0.200670695462151</t>
   </pm-column>
  </PWM>
 </motif>
</smallbismark>