<?xml version='1.0' encoding='UTF-8'?>
<smallbismark>
 <comment name='WARNING'>This is a draft version of small-BiSMark. Specification is the subject to change!</comment>
 <motif name='Dref' id='DREF.MTF'>
  <PCM length='12'>
   <pm-column position='1'>
    <a>0</a>
    <c>3</c>
    <g>1</g>
    <t>4</t>
   </pm-column>
   <pm-column position='2'>
    <a>1</a>
    <c>1</c>
    <g>1</g>
    <t>5</t>
   </pm-column>
   <pm-column position='3'>
    <a>5</a>
    <c>0</c>
    <g>1</g>
    <t>2</t>
   </pm-column>
   <pm-column position='4'>
    <a>0</a>
    <c>0</c>
    <g>2</g>
    <t>6</t>
   </pm-column>
   <pm-column position='5'>
    <a>0</a>
    <c>8</c>
    <g>0</g>
    <t>0</t>
   </pm-column>
   <pm-column position='6'>
    <a>0</a>
    <c>0</c>
    <g>8</g>
    <t>0</t>
   </pm-column>
   <pm-column position='7'>
    <a>8</a>
    <c>0</c>
    <g>0</g>
    <t>0</t>
   </pm-column>
   <pm-column position='8'>
    <a>0</a>
    <c>0</c>
    <g>0</g>
    <t>8</t>
   </pm-column>
   <pm-column position='9'>
    <a>8</a>
    <c>0</c>
    <g>0</g>
    <t>0</t>
   </pm-column>
   <pm-column position='10'>
    <a>4</a>
    <c>0</c>
    <g>0</g>
    <t>4</t>
   </pm-column>
   <pm-column position='11'>
    <a>2</a>
    <c>2</c>
    <g>2</g>
    <t>2</t>
   </pm-column>
   <pm-column position='12'>
    <a>4</a>
    <c>1</c>
    <g>0</g>
    <t>3</t>
   </pm-column>
  </PCM>
  <PPM length='12'>
   <pm-column position='1'>
    <a>0.0</a>
    <c>0.375</c>
    <g>0.125</g>
    <t>0.5</t>
   </pm-column>
   <pm-column position='2'>
    <a>0.125</a>
    <c>0.125</c>
    <g>0.125</g>
    <t>0.625</t>
   </pm-column>
   <pm-column position='3'>
    <a>0.625</a>
    <c>0.0</c>
    <g>0.125</g>
    <t>0.25</t>
   </pm-column>
   <pm-column position='4'>
    <a>0.0</a>
    <c>0.0</c>
    <g>0.25</g>
    <t>0.75</t>
   </pm-column>
   <pm-column position='5'>
    <a>0.0</a>
    <c>1.0</c>
    <g>0.0</g>
    <t>0.0</t>
   </pm-column>
   <pm-column position='6'>
    <a>0.0</a>
    <c>0.0</c>
    <g>1.0</g>
    <t>0.0</t>
   </pm-column>
   <pm-column position='7'>
    <a>1.0</a>
    <c>0.0</c>
    <g>0.0</g>
    <t>0.0</t>
   </pm-column>
   <pm-column position='8'>
    <a>0.0</a>
    <c>0.0</c>
    <g>0.0</g>
    <t>1.0</t>
   </pm-column>
   <pm-column position='9'>
    <a>1.0</a>
    <c>0.0</c>
    <g>0.0</g>
    <t>0.0</t>
   </pm-column>
   <pm-column position='10'>
    <a>0.5</a>
    <c>0.0</c>
    <g>0.0</g>
    <t>0.5</t>
   </pm-column>
   <pm-column position='11'>
    <a>0.25</a>
    <c>0.25</c>
    <g>0.25</g>
    <t>0.25</t>
   </pm-column>
   <pm-column position='12'>
    <a>0.5</a>
    <c>0.125</c>
    <g>0.0</g>
    <t>0.375</t>
   </pm-column>
  </PPM>
  <PWM length='12'>
   <pm-column position='1'>
    <a>-2.19722457733622</a>
    <c>0.367724780125317</c>
    <g>-0.587786664902119</g>
    <t>0.635988766719997</t>
   </pm-column>
   <pm-column position='2'>
    <a>-0.587786664902119</a>
    <c>-0.587786664902119</c>
    <g>-0.587786664902119</g>
    <t>0.847297860387204</t>
   </pm-column>
   <pm-column position='3'>
    <a>0.847297860387204</a>
    <c>-2.19722457733622</c>
    <g>-0.587786664902119</g>
    <t>0.0</t>
   </pm-column>
   <pm-column position='4'>
    <a>-2.19722457733622</a>
    <c>-2.19722457733622</c>
    <g>0.0</g>
    <t>1.02165124753198</t>
   </pm-column>
   <pm-column position='5'>
    <a>-2.19722457733622</a>
    <c>1.29928298413026</c>
    <g>-2.19722457733622</g>
    <t>-2.19722457733622</t>
   </pm-column>
   <pm-column position='6'>
    <a>-2.19722457733622</a>
    <c>-2.19722457733622</c>
    <g>1.29928298413026</g>
    <t>-2.19722457733622</t>
   </pm-column>
   <pm-column position='7'>
    <a>1.29928298413026</a>
    <c>-2.19722457733622</c>
    <g>-2.19722457733622</g>
    <t>-2.19722457733622</t>
   </pm-column>
   <pm-column position='8'>
    <a>-2.19722457733622</a>
    <c>-2.19722457733622</c>
    <g>-2.19722457733622</g>
    <t>1.29928298413026</t>
   </pm-column>
   <pm-column position='9'>
    <a>1.29928298413026</a>
    <c>-2.19722457733622</c>
    <g>-2.19722457733622</g>
    <t>-2.19722457733622</t>
   </pm-column>
   <pm-column position='10'>
    <a>0.635988766719997</a>
    <c>-2.19722457733622</c>
    <g>-2.19722457733622</g>
    <t>0.635988766719997</t>
   </pm-column>
   <pm-column position='11'>
    <a>0.0</a>
    <c>0.0</c>
    <g>0.0</g>
    <t>0.0</t>
   </pm-column>
   <pm-column position='12'>
    <a>0.635988766719997</a>
    <c>-0.587786664902119</c>
    <g>-2.19722457733622</g>
    <t>0.367724780125317</t>
   </pm-column>
  </PWM>
 </motif>
</smallbismark>