<?xml version='1.0' encoding='UTF-8'?>
<smallbismark>
 <comment name='WARNING'>This is a draft version of small-BiSMark. Specification is the subject to change!</comment>
 <motif name='eve' id='EVE.MTF' length='12'>
  <PCM length='12'>
   <pm-column position='1'>
    <a>6</a>
    <c>8</c>
    <g>0</g>
    <t>5</t>
   </pm-column>
   <pm-column position='2'>
    <a>0</a>
    <c>3</c>
    <g>10</g>
    <t>6</t>
   </pm-column>
   <pm-column position='3'>
    <a>2</a>
    <c>5</c>
    <g>3</g>
    <t>9</t>
   </pm-column>
   <pm-column position='4'>
    <a>3</a>
    <c>0</c>
    <g>0</g>
    <t>16</t>
   </pm-column>
   <pm-column position='5'>
    <a>16</a>
    <c>0</c>
    <g>2</g>
    <t>1</t>
   </pm-column>
   <pm-column position='6'>
    <a>19</a>
    <c>0</c>
    <g>0</g>
    <t>0</t>
   </pm-column>
   <pm-column position='7'>
    <a>0</a>
    <c>5</c>
    <g>0</g>
    <t>14</t>
   </pm-column>
   <pm-column position='8'>
    <a>3</a>
    <c>4</c>
    <g>5</g>
    <t>7</t>
   </pm-column>
   <pm-column position='9'>
    <a>7</a>
    <c>0</c>
    <g>6</g>
    <t>6</t>
   </pm-column>
   <pm-column position='10'>
    <a>3</a>
    <c>0</c>
    <g>2</g>
    <t>14</t>
   </pm-column>
   <pm-column position='11'>
    <a>1</a>
    <c>0</c>
    <g>7</g>
    <t>11</t>
   </pm-column>
   <pm-column position='12'>
    <a>0</a>
    <c>6</c>
    <g>1</g>
    <t>12</t>
   </pm-column>
  </PCM>
  <PPM length='12'>
   <pm-column position='1'>
    <a>0.315789473684211</a>
    <c>0.421052631578947</c>
    <g>0.0</g>
    <t>0.263157894736842</t>
   </pm-column>
   <pm-column position='2'>
    <a>0.0</a>
    <c>0.157894736842105</c>
    <g>0.526315789473684</g>
    <t>0.315789473684211</t>
   </pm-column>
   <pm-column position='3'>
    <a>0.105263157894737</a>
    <c>0.263157894736842</c>
    <g>0.157894736842105</g>
    <t>0.473684210526316</t>
   </pm-column>
   <pm-column position='4'>
    <a>0.157894736842105</a>
    <c>0.0</c>
    <g>0.0</g>
    <t>0.842105263157895</t>
   </pm-column>
   <pm-column position='5'>
    <a>0.842105263157895</a>
    <c>0.0</c>
    <g>0.105263157894737</g>
    <t>0.0526315789473684</t>
   </pm-column>
   <pm-column position='6'>
    <a>1.0</a>
    <c>0.0</c>
    <g>0.0</g>
    <t>0.0</t>
   </pm-column>
   <pm-column position='7'>
    <a>0.0</a>
    <c>0.263157894736842</c>
    <g>0.0</g>
    <t>0.736842105263158</t>
   </pm-column>
   <pm-column position='8'>
    <a>0.157894736842105</a>
    <c>0.210526315789474</c>
    <g>0.263157894736842</g>
    <t>0.368421052631579</t>
   </pm-column>
   <pm-column position='9'>
    <a>0.368421052631579</a>
    <c>0.0</c>
    <g>0.315789473684211</g>
    <t>0.315789473684211</t>
   </pm-column>
   <pm-column position='10'>
    <a>0.157894736842105</a>
    <c>0.0</c>
    <g>0.105263157894737</g>
    <t>0.736842105263158</t>
   </pm-column>
   <pm-column position='11'>
    <a>0.0526315789473684</a>
    <c>0.0</c>
    <g>0.368421052631579</g>
    <t>0.578947368421053</t>
   </pm-column>
   <pm-column position='12'>
    <a>0.0</a>
    <c>0.315789473684211</c>
    <g>0.0526315789473684</g>
    <t>0.631578947368421</t>
   </pm-column>
  </PPM>
  <PWM length='12'>
   <pm-column position='1'>
    <a>0.22314355131421</a>
    <c>0.500775287912489</c>
    <g>-2.99573227355399</g>
    <t>0.048790164169432</t>
   </pm-column>
   <pm-column position='2'>
    <a>-2.99573227355399</a>
    <c>-0.430782916092454</c>
    <g>0.717839793150317</g>
    <t>0.22314355131421</t>
   </pm-column>
   <pm-column position='3'>
    <a>-0.798507696217772</a>
    <c>0.048790164169432</c>
    <g>-0.430782916092454</g>
    <t>0.615185639090233</t>
   </pm-column>
   <pm-column position='4'>
    <a>-0.430782916092454</a>
    <c>-2.99573227355399</c>
    <g>-2.99573227355399</g>
    <t>1.17865499634165</t>
   </pm-column>
   <pm-column position='5'>
    <a>1.17865499634165</a>
    <c>-2.99573227355399</c>
    <g>-0.798507696217772</g>
    <t>-1.38629436111989</t>
   </pm-column>
   <pm-column position='6'>
    <a>1.34807314829969</a>
    <c>-2.99573227355399</c>
    <g>-2.99573227355399</g>
    <t>-2.99573227355399</t>
   </pm-column>
   <pm-column position='7'>
    <a>-2.99573227355399</a>
    <c>0.048790164169432</c>
    <g>-2.99573227355399</g>
    <t>1.04731899428056</t>
   </pm-column>
   <pm-column position='8'>
    <a>-0.430782916092454</a>
    <c>-0.162518929497775</c>
    <g>0.048790164169432</g>
    <t>0.371563556432483</t>
   </pm-column>
   <pm-column position='9'>
    <a>0.371563556432483</a>
    <c>-2.99573227355399</c>
    <g>0.22314355131421</g>
    <t>0.22314355131421</t>
   </pm-column>
   <pm-column position='10'>
    <a>-0.430782916092454</a>
    <c>-2.99573227355399</c>
    <g>-0.798507696217772</g>
    <t>1.04731899428056</t>
   </pm-column>
   <pm-column position='11'>
    <a>-1.38629436111989</a>
    <c>-2.99573227355399</c>
    <g>0.371563556432483</g>
    <t>0.810930216216329</t>
   </pm-column>
   <pm-column position='12'>
    <a>-2.99573227355399</a>
    <c>0.22314355131421</c>
    <g>-1.38629436111989</g>
    <t>0.896088024556636</t>
   </pm-column>
  </PWM>
 </motif>
</smallbismark>