<?xml version='1.0' encoding='UTF-8'?>
<smallbismark>
 <comment name='WARNING'>This is a draft version of small-BiSMark. Specification is the subject to change!</comment>
 <motif name='grh' id='GRH.MTF' length='10'>
  <PCM length='10'>
   <pm-column position='1'>
    <a>2</a>
    <c>6</c>
    <g>0</g>
    <t>0</t>
   </pm-column>
   <pm-column position='2'>
    <a>0</a>
    <c>1</c>
    <g>0</g>
    <t>7</t>
   </pm-column>
   <pm-column position='3'>
    <a>0</a>
    <c>0</c>
    <g>6</g>
    <t>2</t>
   </pm-column>
   <pm-column position='4'>
    <a>1</a>
    <c>0</c>
    <g>6</g>
    <t>1</t>
   </pm-column>
   <pm-column position='5'>
    <a>0</a>
    <c>1</c>
    <g>0</g>
    <t>7</t>
   </pm-column>
   <pm-column position='6'>
    <a>0</a>
    <c>0</c>
    <g>0</g>
    <t>8</t>
   </pm-column>
   <pm-column position='7'>
    <a>0</a>
    <c>3</c>
    <g>1</g>
    <t>4</t>
   </pm-column>
   <pm-column position='8'>
    <a>2</a>
    <c>1</c>
    <g>1</g>
    <t>4</t>
   </pm-column>
   <pm-column position='9'>
    <a>3</a>
    <c>2</c>
    <g>3</g>
    <t>0</t>
   </pm-column>
   <pm-column position='10'>
    <a>1</a>
    <c>3</c>
    <g>0</g>
    <t>4</t>
   </pm-column>
  </PCM>
  <PPM length='10'>
   <pm-column position='1'>
    <a>0.25</a>
    <c>0.75</c>
    <g>0.0</g>
    <t>0.0</t>
   </pm-column>
   <pm-column position='2'>
    <a>0.0</a>
    <c>0.125</c>
    <g>0.0</g>
    <t>0.875</t>
   </pm-column>
   <pm-column position='3'>
    <a>0.0</a>
    <c>0.0</c>
    <g>0.75</g>
    <t>0.25</t>
   </pm-column>
   <pm-column position='4'>
    <a>0.125</a>
    <c>0.0</c>
    <g>0.75</g>
    <t>0.125</t>
   </pm-column>
   <pm-column position='5'>
    <a>0.0</a>
    <c>0.125</c>
    <g>0.0</g>
    <t>0.875</t>
   </pm-column>
   <pm-column position='6'>
    <a>0.0</a>
    <c>0.0</c>
    <g>0.0</g>
    <t>1.0</t>
   </pm-column>
   <pm-column position='7'>
    <a>0.0</a>
    <c>0.375</c>
    <g>0.125</g>
    <t>0.5</t>
   </pm-column>
   <pm-column position='8'>
    <a>0.25</a>
    <c>0.125</c>
    <g>0.125</g>
    <t>0.5</t>
   </pm-column>
   <pm-column position='9'>
    <a>0.375</a>
    <c>0.25</c>
    <g>0.375</g>
    <t>0.0</t>
   </pm-column>
   <pm-column position='10'>
    <a>0.125</a>
    <c>0.375</c>
    <g>0.0</g>
    <t>0.5</t>
   </pm-column>
  </PPM>
  <PWM length='10'>
   <pm-column position='1'>
    <a>0.0</a>
    <c>1.02165124753198</c>
    <g>-2.19722457733622</g>
    <t>-2.19722457733622</t>
   </pm-column>
   <pm-column position='2'>
    <a>-2.19722457733622</a>
    <c>-0.587786664902119</c>
    <g>-2.19722457733622</g>
    <t>1.17007125265025</t>
   </pm-column>
   <pm-column position='3'>
    <a>-2.19722457733622</a>
    <c>-2.19722457733622</c>
    <g>1.02165124753198</g>
    <t>0.0</t>
   </pm-column>
   <pm-column position='4'>
    <a>-0.587786664902119</a>
    <c>-2.19722457733622</c>
    <g>1.02165124753198</g>
    <t>-0.587786664902119</t>
   </pm-column>
   <pm-column position='5'>
    <a>-2.19722457733622</a>
    <c>-0.587786664902119</c>
    <g>-2.19722457733622</g>
    <t>1.17007125265025</t>
   </pm-column>
   <pm-column position='6'>
    <a>-2.19722457733622</a>
    <c>-2.19722457733622</c>
    <g>-2.19722457733622</g>
    <t>1.29928298413026</t>
   </pm-column>
   <pm-column position='7'>
    <a>-2.19722457733622</a>
    <c>0.367724780125317</c>
    <g>-0.587786664902119</g>
    <t>0.635988766719997</t>
   </pm-column>
   <pm-column position='8'>
    <a>0.0</a>
    <c>-0.587786664902119</c>
    <g>-0.587786664902119</g>
    <t>0.635988766719997</t>
   </pm-column>
   <pm-column position='9'>
    <a>0.367724780125317</a>
    <c>0.0</c>
    <g>0.367724780125317</g>
    <t>-2.19722457733622</t>
   </pm-column>
   <pm-column position='10'>
    <a>-0.587786664902119</a>
    <c>0.367724780125317</c>
    <g>-2.19722457733622</g>
    <t>0.635988766719997</t>
   </pm-column>
  </PWM>
 </motif>
</smallbismark>