<?xml version='1.0' encoding='UTF-8'?>
<smallbismark>
 <comment name='WARNING'>This is a draft version of small-BiSMark. Specification is the subject to change!</comment>
 <motif name='hb' id='HB.MTF' length='8'>
  <PCM length='8'>
   <pm-column position='1'>
    <a>17</a>
    <c>13</c>
    <g>7</g>
    <t>66</t>
   </pm-column>
   <pm-column position='2'>
    <a>0</a>
    <c>0</c>
    <g>3</g>
    <t>100</t>
   </pm-column>
   <pm-column position='3'>
    <a>1</a>
    <c>5</c>
    <g>1</g>
    <t>96</t>
   </pm-column>
   <pm-column position='4'>
    <a>0</a>
    <c>1</c>
    <g>0</g>
    <t>102</t>
   </pm-column>
   <pm-column position='5'>
    <a>0</a>
    <c>0</c>
    <g>0</g>
    <t>103</t>
   </pm-column>
   <pm-column position='6'>
    <a>1</a>
    <c>4</c>
    <g>0</g>
    <t>98</t>
   </pm-column>
   <pm-column position='7'>
    <a>59</a>
    <c>7</c>
    <g>29</g>
    <t>8</t>
   </pm-column>
   <pm-column position='8'>
    <a>20</a>
    <c>17</c>
    <g>14</g>
    <t>52</t>
   </pm-column>
  </PCM>
  <PPM length='8'>
   <pm-column position='1'>
    <a>0.16504854368932</a>
    <c>0.12621359223301</c>
    <g>0.0679611650485437</g>
    <t>0.640776699029126</t>
   </pm-column>
   <pm-column position='2'>
    <a>0.0</a>
    <c>0.0</c>
    <g>0.029126213592233</g>
    <t>0.970873786407767</t>
   </pm-column>
   <pm-column position='3'>
    <a>0.00970873786407767</a>
    <c>0.0485436893203883</c>
    <g>0.00970873786407767</g>
    <t>0.932038834951456</t>
   </pm-column>
   <pm-column position='4'>
    <a>0.0</a>
    <c>0.00970873786407767</c>
    <g>0.0</g>
    <t>0.990291262135922</t>
   </pm-column>
   <pm-column position='5'>
    <a>0.0</a>
    <c>0.0</c>
    <g>0.0</g>
    <t>1.0</t>
   </pm-column>
   <pm-column position='6'>
    <a>0.00970873786407767</a>
    <c>0.0388349514563107</c>
    <g>0.0</g>
    <t>0.951456310679612</t>
   </pm-column>
   <pm-column position='7'>
    <a>0.572815533980582</a>
    <c>0.0679611650485437</c>
    <g>0.281553398058252</g>
    <t>0.0776699029126214</t>
   </pm-column>
   <pm-column position='8'>
    <a>0.194174757281553</a>
    <c>0.16504854368932</c>
    <g>0.135922330097087</g>
    <t>0.504854368932039</t>
   </pm-column>
  </PPM>
  <PWM length='8'>
   <pm-column position='1'>
    <a>-0.410284394544113</a>
    <c>-0.674098985589251</c>
    <g>-1.2770950691549</g>
    <t>0.935338926844849</t>
   </pm-column>
   <pm-column position='2'>
    <a>-4.64439089914137</a>
    <c>-4.64439089914137</c>
    <g>-2.07944154167984</g>
    <t>1.3495705281652</t>
   </pm-column>
   <pm-column position='3'>
    <a>-3.03495298670727</a>
    <c>-1.59986846141795</c>
    <g>-3.03495298670727</g>
    <t>1.30885243514641</t>
   </pm-column>
   <pm-column position='4'>
    <a>-4.64439089914137</a>
    <c>-3.03495298670727</c>
    <g>-4.64439089914137</g>
    <t>1.36932425690143</t>
   </pm-column>
   <pm-column position='5'>
    <a>-4.64439089914137</a>
    <c>-4.64439089914137</c>
    <g>-4.64439089914137</g>
    <t>1.37905669381966</t>
   </pm-column>
   <pm-column position='6'>
    <a>-3.03495298670727</a>
    <c>-1.81117755508516</c>
    <g>-4.64439089914137</g>
    <t>1.32941871272789</t>
   </pm-column>
   <pm-column position='7'>
    <a>0.823669241993758</a>
    <c>-1.2770950691549</c>
    <g>0.117783035656383</g>
    <t>-1.14788333767489</t>
   </pm-column>
   <pm-column position='8'>
    <a>-0.249941744468934</a>
    <c>-0.410284394544113</c>
    <g>-0.601339631306822</g>
    <t>0.697943352823438</t>
   </pm-column>
  </PWM>
 </motif>
</smallbismark>