<?xml version='1.0' encoding='UTF-8'?>
<smallbismark>
 <comment name='WARNING'>This is a draft version of small-BiSMark. Specification is the subject to change!</comment>
 <motif name='hkb' id='HKB.MTF' length='14'>
  <PCM length='14'>
   <pm-column position='1'>
    <a>0</a>
    <c>0</c>
    <g>0</g>
    <t>2</t>
   </pm-column>
   <pm-column position='2'>
    <a>0</a>
    <c>1</c>
    <g>0</g>
    <t>1</t>
   </pm-column>
   <pm-column position='3'>
    <a>0</a>
    <c>2</c>
    <g>0</g>
    <t>0</t>
   </pm-column>
   <pm-column position='4'>
    <a>1</a>
    <c>0</c>
    <g>1</g>
    <t>0</t>
   </pm-column>
   <pm-column position='5'>
    <a>0</a>
    <c>0</c>
    <g>1</g>
    <t>1</t>
   </pm-column>
   <pm-column position='6'>
    <a>0</a>
    <c>0</c>
    <g>2</g>
    <t>0</t>
   </pm-column>
   <pm-column position='7'>
    <a>0</a>
    <c>0</c>
    <g>2</g>
    <t>0</t>
   </pm-column>
   <pm-column position='8'>
    <a>0</a>
    <c>0</c>
    <g>2</g>
    <t>0</t>
   </pm-column>
   <pm-column position='9'>
    <a>0</a>
    <c>2</c>
    <g>0</g>
    <t>0</t>
   </pm-column>
   <pm-column position='10'>
    <a>0</a>
    <c>0</c>
    <g>2</g>
    <t>0</t>
   </pm-column>
   <pm-column position='11'>
    <a>0</a>
    <c>0</c>
    <g>0</g>
    <t>2</t>
   </pm-column>
   <pm-column position='12'>
    <a>0</a>
    <c>0</c>
    <g>0</g>
    <t>2</t>
   </pm-column>
   <pm-column position='13'>
    <a>1</a>
    <c>0</c>
    <g>1</g>
    <t>0</t>
   </pm-column>
   <pm-column position='14'>
    <a>0</a>
    <c>2</c>
    <g>0</g>
    <t>0</t>
   </pm-column>
  </PCM>
  <PPM length='14'>
   <pm-column position='1'>
    <a>0.0</a>
    <c>0.0</c>
    <g>0.0</g>
    <t>1.0</t>
   </pm-column>
   <pm-column position='2'>
    <a>0.0</a>
    <c>0.5</c>
    <g>0.0</g>
    <t>0.5</t>
   </pm-column>
   <pm-column position='3'>
    <a>0.0</a>
    <c>1.0</c>
    <g>0.0</g>
    <t>0.0</t>
   </pm-column>
   <pm-column position='4'>
    <a>0.5</a>
    <c>0.0</c>
    <g>0.5</g>
    <t>0.0</t>
   </pm-column>
   <pm-column position='5'>
    <a>0.0</a>
    <c>0.0</c>
    <g>0.5</g>
    <t>0.5</t>
   </pm-column>
   <pm-column position='6'>
    <a>0.0</a>
    <c>0.0</c>
    <g>1.0</g>
    <t>0.0</t>
   </pm-column>
   <pm-column position='7'>
    <a>0.0</a>
    <c>0.0</c>
    <g>1.0</g>
    <t>0.0</t>
   </pm-column>
   <pm-column position='8'>
    <a>0.0</a>
    <c>0.0</c>
    <g>1.0</g>
    <t>0.0</t>
   </pm-column>
   <pm-column position='9'>
    <a>0.0</a>
    <c>1.0</c>
    <g>0.0</g>
    <t>0.0</t>
   </pm-column>
   <pm-column position='10'>
    <a>0.0</a>
    <c>0.0</c>
    <g>1.0</g>
    <t>0.0</t>
   </pm-column>
   <pm-column position='11'>
    <a>0.0</a>
    <c>0.0</c>
    <g>0.0</g>
    <t>1.0</t>
   </pm-column>
   <pm-column position='12'>
    <a>0.0</a>
    <c>0.0</c>
    <g>0.0</g>
    <t>1.0</t>
   </pm-column>
   <pm-column position='13'>
    <a>0.5</a>
    <c>0.0</c>
    <g>0.5</g>
    <t>0.0</t>
   </pm-column>
   <pm-column position='14'>
    <a>0.0</a>
    <c>1.0</c>
    <g>0.0</g>
    <t>0.0</t>
   </pm-column>
  </PPM>
  <PWM length='14'>
   <pm-column position='1'>
    <a>-1.09861228866811</a>
    <c>-1.09861228866811</c>
    <g>-1.09861228866811</g>
    <t>1.09861228866811</t>
   </pm-column>
   <pm-column position='2'>
    <a>-1.09861228866811</a>
    <c>0.510825623765991</c>
    <g>-1.09861228866811</g>
    <t>0.510825623765991</t>
   </pm-column>
   <pm-column position='3'>
    <a>-1.09861228866811</a>
    <c>1.09861228866811</c>
    <g>-1.09861228866811</g>
    <t>-1.09861228866811</t>
   </pm-column>
   <pm-column position='4'>
    <a>0.510825623765991</a>
    <c>-1.09861228866811</c>
    <g>0.510825623765991</g>
    <t>-1.09861228866811</t>
   </pm-column>
   <pm-column position='5'>
    <a>-1.09861228866811</a>
    <c>-1.09861228866811</c>
    <g>0.510825623765991</g>
    <t>0.510825623765991</t>
   </pm-column>
   <pm-column position='6'>
    <a>-1.09861228866811</a>
    <c>-1.09861228866811</c>
    <g>1.09861228866811</g>
    <t>-1.09861228866811</t>
   </pm-column>
   <pm-column position='7'>
    <a>-1.09861228866811</a>
    <c>-1.09861228866811</c>
    <g>1.09861228866811</g>
    <t>-1.09861228866811</t>
   </pm-column>
   <pm-column position='8'>
    <a>-1.09861228866811</a>
    <c>-1.09861228866811</c>
    <g>1.09861228866811</g>
    <t>-1.09861228866811</t>
   </pm-column>
   <pm-column position='9'>
    <a>-1.09861228866811</a>
    <c>1.09861228866811</c>
    <g>-1.09861228866811</g>
    <t>-1.09861228866811</t>
   </pm-column>
   <pm-column position='10'>
    <a>-1.09861228866811</a>
    <c>-1.09861228866811</c>
    <g>1.09861228866811</g>
    <t>-1.09861228866811</t>
   </pm-column>
   <pm-column position='11'>
    <a>-1.09861228866811</a>
    <c>-1.09861228866811</c>
    <g>-1.09861228866811</g>
    <t>1.09861228866811</t>
   </pm-column>
   <pm-column position='12'>
    <a>-1.09861228866811</a>
    <c>-1.09861228866811</c>
    <g>-1.09861228866811</g>
    <t>1.09861228866811</t>
   </pm-column>
   <pm-column position='13'>
    <a>0.510825623765991</a>
    <c>-1.09861228866811</c>
    <g>0.510825623765991</g>
    <t>-1.09861228866811</t>
   </pm-column>
   <pm-column position='14'>
    <a>-1.09861228866811</a>
    <c>1.09861228866811</c>
    <g>-1.09861228866811</g>
    <t>-1.09861228866811</t>
   </pm-column>
  </PWM>
 </motif>
</smallbismark>