<?xml version='1.0' encoding='UTF-8'?>
<smallbismark>
 <comment name='WARNING'>This is a draft version of small-BiSMark. Specification is the subject to change!</comment>
 <motif name='kni' id='KNI.MTF'>
  <PCM length='10'>
   <pm-column position='1'>
    <a>13</a>
    <c>1</c>
    <g>5</g>
    <t>1</t>
   </pm-column>
   <pm-column position='2'>
    <a>18</a>
    <c>1</c>
    <g>1</g>
    <t>0</t>
   </pm-column>
   <pm-column position='3'>
    <a>10</a>
    <c>2</c>
    <g>2</g>
    <t>6</t>
   </pm-column>
   <pm-column position='4'>
    <a>4</a>
    <c>4</c>
    <g>4</g>
    <t>8</t>
   </pm-column>
   <pm-column position='5'>
    <a>1</a>
    <c>1</c>
    <g>11</g>
    <t>7</t>
   </pm-column>
   <pm-column position='6'>
    <a>9</a>
    <c>6</c>
    <g>5</g>
    <t>0</t>
   </pm-column>
   <pm-column position='7'>
    <a>1</a>
    <c>0</c>
    <g>19</g>
    <t>0</t>
   </pm-column>
   <pm-column position='8'>
    <a>9</a>
    <c>5</c>
    <g>3</g>
    <t>3</t>
   </pm-column>
   <pm-column position='9'>
    <a>6</a>
    <c>2</c>
    <g>1</g>
    <t>11</t>
   </pm-column>
   <pm-column position='10'>
    <a>0</a>
    <c>18</c>
    <g>1</g>
    <t>1</t>
   </pm-column>
  </PCM>
  <PPM length='10'>
   <pm-column position='1'>
    <a>0.65</a>
    <c>0.05</c>
    <g>0.25</g>
    <t>0.05</t>
   </pm-column>
   <pm-column position='2'>
    <a>0.9</a>
    <c>0.05</c>
    <g>0.05</g>
    <t>0.0</t>
   </pm-column>
   <pm-column position='3'>
    <a>0.5</a>
    <c>0.1</c>
    <g>0.1</g>
    <t>0.3</t>
   </pm-column>
   <pm-column position='4'>
    <a>0.2</a>
    <c>0.2</c>
    <g>0.2</g>
    <t>0.4</t>
   </pm-column>
   <pm-column position='5'>
    <a>0.05</a>
    <c>0.05</c>
    <g>0.55</g>
    <t>0.35</t>
   </pm-column>
   <pm-column position='6'>
    <a>0.45</a>
    <c>0.3</c>
    <g>0.25</g>
    <t>0.0</t>
   </pm-column>
   <pm-column position='7'>
    <a>0.05</a>
    <c>0.0</c>
    <g>0.95</g>
    <t>0.0</t>
   </pm-column>
   <pm-column position='8'>
    <a>0.45</a>
    <c>0.25</c>
    <g>0.15</g>
    <t>0.15</t>
   </pm-column>
   <pm-column position='9'>
    <a>0.3</a>
    <c>0.1</c>
    <g>0.05</g>
    <t>0.55</t>
   </pm-column>
   <pm-column position='10'>
    <a>0.0</a>
    <c>0.9</c>
    <g>0.05</g>
    <t>0.05</t>
   </pm-column>
  </PPM>
  <PWM length='10'>
   <pm-column position='1'>
    <a>0.925769475828699</a>
    <c>-1.43508452528932</c>
    <g>0.0</g>
    <t>-1.43508452528932</t>
   </pm-column>
   <pm-column position='2'>
    <a>1.24593700342497</a>
    <c>-1.43508452528932</c>
    <g>-1.43508452528932</g>
    <t>-3.04452243772342</t>
   </pm-column>
   <pm-column position='3'>
    <a>0.669049628980885</a>
    <c>-0.847297860387204</c>
    <g>-0.847297860387204</g>
    <t>0.174353387144778</t>
   </pm-column>
   <pm-column position='4'>
    <a>-0.211309093667207</a>
    <c>-0.211309093667207</c>
    <g>-0.211309093667207</g>
    <t>0.451985123743057</t>
   </pm-column>
   <pm-column position='5'>
    <a>-1.43508452528932</a>
    <c>-1.43508452528932</c>
    <g>0.762140052046897</g>
    <t>0.322773392263051</t>
   </pm-column>
   <pm-column position='6'>
    <a>0.566395474920801</a>
    <c>0.174353387144778</c>
    <g>0.0</g>
    <t>-3.04452243772342</t>
   </pm-column>
   <pm-column position='7'>
    <a>-1.43508452528932</a>
    <c>-3.04452243772342</c>
    <g>1.29928298413026</g>
    <t>-3.04452243772342</t>
   </pm-column>
   <pm-column position='8'>
    <a>0.566395474920801</a>
    <c>0.0</c>
    <g>-0.479573080261886</g>
    <t>-0.479573080261886</t>
   </pm-column>
   <pm-column position='9'>
    <a>0.174353387144778</a>
    <c>-0.847297860387204</c>
    <g>-1.43508452528932</g>
    <t>0.762140052046897</t>
   </pm-column>
   <pm-column position='10'>
    <a>-3.04452243772342</a>
    <c>1.24593700342497</c>
    <g>-1.43508452528932</g>
    <t>-1.43508452528932</t>
   </pm-column>
  </PWM>
 </motif>
</smallbismark>