<?xml version='1.0' encoding='UTF-8'?>
<smallbismark>
 <comment name='WARNING'>This is a draft version of small-BiSMark. Specification is the subject to change!</comment>
 <motif name='Mad' id='MAD.MTF' length='10'>
  <PCM length='10'>
   <pm-column position='1'>
    <a>1</a>
    <c>12</c>
    <g>5</g>
    <t>2</t>
   </pm-column>
   <pm-column position='2'>
    <a>1</a>
    <c>5</c>
    <g>7</g>
    <t>7</t>
   </pm-column>
   <pm-column position='3'>
    <a>3</a>
    <c>0</c>
    <g>16</g>
    <t>1</t>
   </pm-column>
   <pm-column position='4'>
    <a>3</a>
    <c>8</c>
    <g>8</g>
    <t>1</t>
   </pm-column>
   <pm-column position='5'>
    <a>0</a>
    <c>16</c>
    <g>1</g>
    <t>3</t>
   </pm-column>
   <pm-column position='6'>
    <a>0</a>
    <c>0</c>
    <g>20</g>
    <t>0</t>
   </pm-column>
   <pm-column position='7'>
    <a>6</a>
    <c>2</c>
    <g>6</g>
    <t>6</t>
   </pm-column>
   <pm-column position='8'>
    <a>0</a>
    <c>15</c>
    <g>4</g>
    <t>1</t>
   </pm-column>
   <pm-column position='9'>
    <a>5</a>
    <c>0</c>
    <g>15</g>
    <t>0</t>
   </pm-column>
   <pm-column position='10'>
    <a>1</a>
    <c>15</c>
    <g>0</g>
    <t>4</t>
   </pm-column>
  </PCM>
  <PPM length='10'>
   <pm-column position='1'>
    <a>0.05</a>
    <c>0.6</c>
    <g>0.25</g>
    <t>0.1</t>
   </pm-column>
   <pm-column position='2'>
    <a>0.05</a>
    <c>0.25</c>
    <g>0.35</g>
    <t>0.35</t>
   </pm-column>
   <pm-column position='3'>
    <a>0.15</a>
    <c>0.0</c>
    <g>0.8</g>
    <t>0.05</t>
   </pm-column>
   <pm-column position='4'>
    <a>0.15</a>
    <c>0.4</c>
    <g>0.4</g>
    <t>0.05</t>
   </pm-column>
   <pm-column position='5'>
    <a>0.0</a>
    <c>0.8</c>
    <g>0.05</g>
    <t>0.15</t>
   </pm-column>
   <pm-column position='6'>
    <a>0.0</a>
    <c>0.0</c>
    <g>1.0</g>
    <t>0.0</t>
   </pm-column>
   <pm-column position='7'>
    <a>0.3</a>
    <c>0.1</c>
    <g>0.3</g>
    <t>0.3</t>
   </pm-column>
   <pm-column position='8'>
    <a>0.0</a>
    <c>0.75</c>
    <g>0.2</g>
    <t>0.05</t>
   </pm-column>
   <pm-column position='9'>
    <a>0.25</a>
    <c>0.0</c>
    <g>0.75</g>
    <t>0.0</t>
   </pm-column>
   <pm-column position='10'>
    <a>0.05</a>
    <c>0.75</c>
    <g>0.0</g>
    <t>0.2</t>
   </pm-column>
  </PPM>
  <PWM length='10'>
   <pm-column position='1'>
    <a>-1.43508452528932</a>
    <c>0.847297860387204</c>
    <g>0.0</g>
    <t>-0.847297860387204</t>
   </pm-column>
   <pm-column position='2'>
    <a>-1.43508452528932</a>
    <c>0.0</c>
    <g>0.322773392263051</g>
    <t>0.322773392263051</t>
   </pm-column>
   <pm-column position='3'>
    <a>-0.479573080261886</a>
    <c>-3.04452243772342</c>
    <g>1.12986483217221</g>
    <t>-1.43508452528932</t>
   </pm-column>
   <pm-column position='4'>
    <a>-0.479573080261886</a>
    <c>0.451985123743057</c>
    <g>0.451985123743057</g>
    <t>-1.43508452528932</t>
   </pm-column>
   <pm-column position='5'>
    <a>-3.04452243772342</a>
    <c>1.12986483217221</c>
    <g>-1.43508452528932</g>
    <t>-0.479573080261886</t>
   </pm-column>
   <pm-column position='6'>
    <a>-3.04452243772342</a>
    <c>-3.04452243772342</c>
    <g>1.34992671694902</g>
    <t>-3.04452243772342</t>
   </pm-column>
   <pm-column position='7'>
    <a>0.174353387144778</a>
    <c>-0.847297860387204</c>
    <g>0.174353387144778</g>
    <t>0.174353387144778</t>
   </pm-column>
   <pm-column position='8'>
    <a>-3.04452243772342</a>
    <c>1.06635142644989</c>
    <g>-0.211309093667207</g>
    <t>-1.43508452528932</t>
   </pm-column>
   <pm-column position='9'>
    <a>0.0</a>
    <c>-3.04452243772342</c>
    <g>1.06635142644989</g>
    <t>-3.04452243772342</t>
   </pm-column>
   <pm-column position='10'>
    <a>-1.43508452528932</a>
    <c>1.06635142644989</c>
    <g>-3.04452243772342</g>
    <t>-0.211309093667207</t>
   </pm-column>
  </PWM>
 </motif>
</smallbismark>