<?xml version='1.0' encoding='UTF-8'?>
<smallbismark>
 <comment name='WARNING'>This is a draft version of small-BiSMark. Specification is the subject to change!</comment>
 <motif name='slbo' id='SLBO.MTF' length='8'>
  <PCM length='8'>
   <pm-column position='1'>
    <a>9</a>
    <c>1</c>
    <g>1</g>
    <t>1</t>
   </pm-column>
   <pm-column position='2'>
    <a>0</a>
    <c>1</c>
    <g>0</g>
    <t>11</t>
   </pm-column>
   <pm-column position='3'>
    <a>0</a>
    <c>0</c>
    <g>3</g>
    <t>9</t>
   </pm-column>
   <pm-column position='4'>
    <a>3</a>
    <c>2</c>
    <g>7</g>
    <t>0</t>
   </pm-column>
   <pm-column position='5'>
    <a>2</a>
    <c>10</c>
    <g>0</g>
    <t>0</t>
   </pm-column>
   <pm-column position='6'>
    <a>7</a>
    <c>2</c>
    <g>2</g>
    <t>1</t>
   </pm-column>
   <pm-column position='7'>
    <a>6</a>
    <c>5</c>
    <g>1</g>
    <t>0</t>
   </pm-column>
   <pm-column position='8'>
    <a>11</a>
    <c>1</c>
    <g>0</g>
    <t>0</t>
   </pm-column>
  </PCM>
  <PPM length='8'>
   <pm-column position='1'>
    <a>0.75</a>
    <c>0.0833333333333333</c>
    <g>0.0833333333333333</g>
    <t>0.0833333333333333</t>
   </pm-column>
   <pm-column position='2'>
    <a>0.0</a>
    <c>0.0833333333333333</c>
    <g>0.0</g>
    <t>0.916666666666667</t>
   </pm-column>
   <pm-column position='3'>
    <a>0.0</a>
    <c>0.0</c>
    <g>0.25</g>
    <t>0.75</t>
   </pm-column>
   <pm-column position='4'>
    <a>0.25</a>
    <c>0.166666666666667</c>
    <g>0.583333333333333</g>
    <t>0.0</t>
   </pm-column>
   <pm-column position='5'>
    <a>0.166666666666667</a>
    <c>0.833333333333333</c>
    <g>0.0</g>
    <t>0.0</t>
   </pm-column>
   <pm-column position='6'>
    <a>0.583333333333333</a>
    <c>0.166666666666667</c>
    <g>0.166666666666667</g>
    <t>0.0833333333333333</t>
   </pm-column>
   <pm-column position='7'>
    <a>0.5</a>
    <c>0.416666666666667</c>
    <g>0.0833333333333333</g>
    <t>0.0</t>
   </pm-column>
   <pm-column position='8'>
    <a>0.916666666666667</a>
    <c>0.0833333333333333</c>
    <g>0.0</g>
    <t>0.0</t>
   </pm-column>
  </PPM>
  <PWM length='8'>
   <pm-column position='1'>
    <a>1.04596855518269</a>
    <c>-0.955511445027436</c>
    <g>-0.955511445027436</g>
    <t>-0.955511445027436</t>
   </pm-column>
   <pm-column position='2'>
    <a>-2.56494935746154</a>
    <c>-0.955511445027436</c>
    <g>-2.56494935746154</g>
    <t>1.24171313230878</t>
   </pm-column>
   <pm-column position='3'>
    <a>-2.56494935746154</a>
    <c>-2.56494935746154</c>
    <g>0.0</g>
    <t>1.04596855518269</t>
   </pm-column>
   <pm-column position='4'>
    <a>0.0</a>
    <c>-0.367724780125317</c>
    <g>0.802346472524937</g>
    <t>-2.56494935746154</t>
   </pm-column>
   <pm-column position='5'>
    <a>-0.367724780125317</a>
    <c>1.14862270924277</c>
    <g>-2.56494935746154</g>
    <t>-2.56494935746154</t>
   </pm-column>
   <pm-column position='6'>
    <a>0.802346472524937</a>
    <c>-0.367724780125317</c>
    <g>-0.367724780125317</g>
    <t>-0.955511445027436</t>
   </pm-column>
   <pm-column position='7'>
    <a>0.653926467406664</a>
    <c>0.479573080261886</c>
    <g>-0.955511445027436</g>
    <t>-2.56494935746154</t>
   </pm-column>
   <pm-column position='8'>
    <a>1.24171313230878</a>
    <c>-0.955511445027436</c>
    <g>-2.56494935746154</g>
    <t>-2.56494935746154</t>
   </pm-column>
  </PWM>
 </motif>
</smallbismark>