<?xml version='1.0' encoding='UTF-8'?>
<smallbismark>
 <comment name='WARNING'>This is a draft version of small-BiSMark. Specification is the subject to change!</comment>
 <motif name='srp' id='SRP.MTF' length='12'>
  <PCM length='12'>
   <pm-column position='1'>
    <a>0</a>
    <c>2</c>
    <g>1</g>
    <t>1</t>
   </pm-column>
   <pm-column position='2'>
    <a>0</a>
    <c>0</c>
    <g>0</g>
    <t>4</t>
   </pm-column>
   <pm-column position='3'>
    <a>3</a>
    <c>1</c>
    <g>0</g>
    <t>0</t>
   </pm-column>
   <pm-column position='4'>
    <a>1</a>
    <c>0</c>
    <g>0</g>
    <t>3</t>
   </pm-column>
   <pm-column position='5'>
    <a>0</a>
    <c>3</c>
    <g>1</g>
    <t>0</t>
   </pm-column>
   <pm-column position='6'>
    <a>0</a>
    <c>0</c>
    <g>4</g>
    <t>0</t>
   </pm-column>
   <pm-column position='7'>
    <a>1</a>
    <c>1</c>
    <g>2</g>
    <t>0</t>
   </pm-column>
   <pm-column position='8'>
    <a>0</a>
    <c>1</c>
    <g>0</g>
    <t>3</t>
   </pm-column>
   <pm-column position='9'>
    <a>2</a>
    <c>0</c>
    <g>0</g>
    <t>2</t>
   </pm-column>
   <pm-column position='10'>
    <a>0</a>
    <c>0</c>
    <g>4</g>
    <t>0</t>
   </pm-column>
   <pm-column position='11'>
    <a>3</a>
    <c>1</c>
    <g>0</g>
    <t>0</t>
   </pm-column>
   <pm-column position='12'>
    <a>0</a>
    <c>1</c>
    <g>1</g>
    <t>2</t>
   </pm-column>
  </PCM>
  <PPM length='12'>
   <pm-column position='1'>
    <a>0.0</a>
    <c>0.5</c>
    <g>0.25</g>
    <t>0.25</t>
   </pm-column>
   <pm-column position='2'>
    <a>0.0</a>
    <c>0.0</c>
    <g>0.0</g>
    <t>1.0</t>
   </pm-column>
   <pm-column position='3'>
    <a>0.75</a>
    <c>0.25</c>
    <g>0.0</g>
    <t>0.0</t>
   </pm-column>
   <pm-column position='4'>
    <a>0.25</a>
    <c>0.0</c>
    <g>0.0</g>
    <t>0.75</t>
   </pm-column>
   <pm-column position='5'>
    <a>0.0</a>
    <c>0.75</c>
    <g>0.25</g>
    <t>0.0</t>
   </pm-column>
   <pm-column position='6'>
    <a>0.0</a>
    <c>0.0</c>
    <g>1.0</g>
    <t>0.0</t>
   </pm-column>
   <pm-column position='7'>
    <a>0.25</a>
    <c>0.25</c>
    <g>0.5</g>
    <t>0.0</t>
   </pm-column>
   <pm-column position='8'>
    <a>0.0</a>
    <c>0.25</c>
    <g>0.0</g>
    <t>0.75</t>
   </pm-column>
   <pm-column position='9'>
    <a>0.5</a>
    <c>0.0</c>
    <g>0.0</g>
    <t>0.5</t>
   </pm-column>
   <pm-column position='10'>
    <a>0.0</a>
    <c>0.0</c>
    <g>1.0</g>
    <t>0.0</t>
   </pm-column>
   <pm-column position='11'>
    <a>0.75</a>
    <c>0.25</c>
    <g>0.0</g>
    <t>0.0</t>
   </pm-column>
   <pm-column position='12'>
    <a>0.0</a>
    <c>0.25</c>
    <g>0.25</g>
    <t>0.5</t>
   </pm-column>
  </PPM>
  <PWM length='12'>
   <pm-column position='1'>
    <a>-1.6094379124341</a>
    <c>0.587786664902119</c>
    <g>0.0</g>
    <t>0.0</t>
   </pm-column>
   <pm-column position='2'>
    <a>-1.6094379124341</a>
    <c>-1.6094379124341</c>
    <g>-1.6094379124341</g>
    <t>1.22377543162212</t>
   </pm-column>
   <pm-column position='3'>
    <a>0.955511445027436</a>
    <c>0.0</c>
    <g>-1.6094379124341</g>
    <t>-1.6094379124341</t>
   </pm-column>
   <pm-column position='4'>
    <a>0.0</a>
    <c>-1.6094379124341</c>
    <g>-1.6094379124341</g>
    <t>0.955511445027436</t>
   </pm-column>
   <pm-column position='5'>
    <a>-1.6094379124341</a>
    <c>0.955511445027436</c>
    <g>0.0</g>
    <t>-1.6094379124341</t>
   </pm-column>
   <pm-column position='6'>
    <a>-1.6094379124341</a>
    <c>-1.6094379124341</c>
    <g>1.22377543162212</g>
    <t>-1.6094379124341</t>
   </pm-column>
   <pm-column position='7'>
    <a>0.0</a>
    <c>0.0</c>
    <g>0.587786664902119</g>
    <t>-1.6094379124341</t>
   </pm-column>
   <pm-column position='8'>
    <a>-1.6094379124341</a>
    <c>0.0</c>
    <g>-1.6094379124341</g>
    <t>0.955511445027436</t>
   </pm-column>
   <pm-column position='9'>
    <a>0.587786664902119</a>
    <c>-1.6094379124341</c>
    <g>-1.6094379124341</g>
    <t>0.587786664902119</t>
   </pm-column>
   <pm-column position='10'>
    <a>-1.6094379124341</a>
    <c>-1.6094379124341</c>
    <g>1.22377543162212</g>
    <t>-1.6094379124341</t>
   </pm-column>
   <pm-column position='11'>
    <a>0.955511445027436</a>
    <c>0.0</c>
    <g>-1.6094379124341</g>
    <t>-1.6094379124341</t>
   </pm-column>
   <pm-column position='12'>
    <a>-1.6094379124341</a>
    <c>0.0</c>
    <g>0.0</g>
    <t>0.587786664902119</t>
   </pm-column>
  </PWM>
 </motif>
</smallbismark>