<?xml version='1.0' encoding='UTF-8'?>
<smallbismark>
 <comment name='WARNING'>This is a draft version of small-BiSMark. Specification is the subject to change!</comment>
 <motif name='su(Hw)' id='SU_HW_.MTF' length='18'>
  <PCM length='18'>
   <pm-column position='1'>
    <a>2</a>
    <c>0</c>
    <g>4</g>
    <t>0</t>
   </pm-column>
   <pm-column position='2'>
    <a>2</a>
    <c>0</c>
    <g>4</g>
    <t>0</t>
   </pm-column>
   <pm-column position='3'>
    <a>1</a>
    <c>0</c>
    <g>5</g>
    <t>0</t>
   </pm-column>
   <pm-column position='4'>
    <a>0</a>
    <c>0</c>
    <g>0</g>
    <t>6</t>
   </pm-column>
   <pm-column position='5'>
    <a>6</a>
    <c>0</c>
    <g>0</g>
    <t>0</t>
   </pm-column>
   <pm-column position='6'>
    <a>0</a>
    <c>0</c>
    <g>0</g>
    <t>6</t>
   </pm-column>
   <pm-column position='7'>
    <a>0</a>
    <c>0</c>
    <g>6</g>
    <t>0</t>
   </pm-column>
   <pm-column position='8'>
    <a>0</a>
    <c>6</c>
    <g>0</g>
    <t>0</t>
   </pm-column>
   <pm-column position='9'>
    <a>6</a>
    <c>0</c>
    <g>0</g>
    <t>0</t>
   </pm-column>
   <pm-column position='10'>
    <a>5</a>
    <c>0</c>
    <g>1</g>
    <t>0</t>
   </pm-column>
   <pm-column position='11'>
    <a>0</a>
    <c>3</c>
    <g>0</g>
    <t>3</t>
   </pm-column>
   <pm-column position='12'>
    <a>1</a>
    <c>0</c>
    <g>5</g>
    <t>0</t>
   </pm-column>
   <pm-column position='13'>
    <a>2</a>
    <c>1</c>
    <g>0</g>
    <t>3</t>
   </pm-column>
   <pm-column position='14'>
    <a>4</a>
    <c>0</c>
    <g>0</g>
    <t>2</t>
   </pm-column>
   <pm-column position='15'>
    <a>2</a>
    <c>0</c>
    <g>0</g>
    <t>4</t>
   </pm-column>
   <pm-column position='16'>
    <a>3</a>
    <c>0</c>
    <g>0</g>
    <t>3</t>
   </pm-column>
   <pm-column position='17'>
    <a>0</a>
    <c>0</c>
    <g>0</g>
    <t>6</t>
   </pm-column>
   <pm-column position='18'>
    <a>0</a>
    <c>0</c>
    <g>1</g>
    <t>5</t>
   </pm-column>
  </PCM>
  <PPM length='18'>
   <pm-column position='1'>
    <a>0.333333333333333</a>
    <c>0.0</c>
    <g>0.666666666666667</g>
    <t>0.0</t>
   </pm-column>
   <pm-column position='2'>
    <a>0.333333333333333</a>
    <c>0.0</c>
    <g>0.666666666666667</g>
    <t>0.0</t>
   </pm-column>
   <pm-column position='3'>
    <a>0.166666666666667</a>
    <c>0.0</c>
    <g>0.833333333333333</g>
    <t>0.0</t>
   </pm-column>
   <pm-column position='4'>
    <a>0.0</a>
    <c>0.0</c>
    <g>0.0</g>
    <t>1.0</t>
   </pm-column>
   <pm-column position='5'>
    <a>1.0</a>
    <c>0.0</c>
    <g>0.0</g>
    <t>0.0</t>
   </pm-column>
   <pm-column position='6'>
    <a>0.0</a>
    <c>0.0</c>
    <g>0.0</g>
    <t>1.0</t>
   </pm-column>
   <pm-column position='7'>
    <a>0.0</a>
    <c>0.0</c>
    <g>1.0</g>
    <t>0.0</t>
   </pm-column>
   <pm-column position='8'>
    <a>0.0</a>
    <c>1.0</c>
    <g>0.0</g>
    <t>0.0</t>
   </pm-column>
   <pm-column position='9'>
    <a>1.0</a>
    <c>0.0</c>
    <g>0.0</g>
    <t>0.0</t>
   </pm-column>
   <pm-column position='10'>
    <a>0.833333333333333</a>
    <c>0.0</c>
    <g>0.166666666666667</g>
    <t>0.0</t>
   </pm-column>
   <pm-column position='11'>
    <a>0.0</a>
    <c>0.5</c>
    <g>0.0</g>
    <t>0.5</t>
   </pm-column>
   <pm-column position='12'>
    <a>0.166666666666667</a>
    <c>0.0</c>
    <g>0.833333333333333</g>
    <t>0.0</t>
   </pm-column>
   <pm-column position='13'>
    <a>0.333333333333333</a>
    <c>0.166666666666667</c>
    <g>0.0</g>
    <t>0.5</t>
   </pm-column>
   <pm-column position='14'>
    <a>0.666666666666667</a>
    <c>0.0</c>
    <g>0.0</g>
    <t>0.333333333333333</t>
   </pm-column>
   <pm-column position='15'>
    <a>0.333333333333333</a>
    <c>0.0</c>
    <g>0.0</g>
    <t>0.666666666666667</t>
   </pm-column>
   <pm-column position='16'>
    <a>0.5</a>
    <c>0.0</c>
    <g>0.0</g>
    <t>0.5</t>
   </pm-column>
   <pm-column position='17'>
    <a>0.0</a>
    <c>0.0</c>
    <g>0.0</g>
    <t>1.0</t>
   </pm-column>
   <pm-column position='18'>
    <a>0.0</a>
    <c>0.0</c>
    <g>0.166666666666667</g>
    <t>0.833333333333333</t>
   </pm-column>
  </PPM>
  <PWM length='18'>
   <pm-column position='1'>
    <a>0.251314428280906</a>
    <c>-1.94591014905531</c>
    <g>0.887303195000903</g>
    <t>-1.94591014905531</t>
   </pm-column>
   <pm-column position='2'>
    <a>0.251314428280906</a>
    <c>-1.94591014905531</c>
    <g>0.887303195000903</g>
    <t>-1.94591014905531</t>
   </pm-column>
   <pm-column position='3'>
    <a>-0.336472236621213</a>
    <c>-1.94591014905531</c>
    <g>1.09861228866811</g>
    <t>-1.94591014905531</t>
   </pm-column>
   <pm-column position='4'>
    <a>-1.94591014905531</a>
    <c>-1.94591014905531</c>
    <g>-1.94591014905531</g>
    <t>1.27296567581289</t>
   </pm-column>
   <pm-column position='5'>
    <a>1.27296567581289</a>
    <c>-1.94591014905531</c>
    <g>-1.94591014905531</g>
    <t>-1.94591014905531</t>
   </pm-column>
   <pm-column position='6'>
    <a>-1.94591014905531</a>
    <c>-1.94591014905531</c>
    <g>-1.94591014905531</g>
    <t>1.27296567581289</t>
   </pm-column>
   <pm-column position='7'>
    <a>-1.94591014905531</a>
    <c>-1.94591014905531</c>
    <g>1.27296567581289</g>
    <t>-1.94591014905531</t>
   </pm-column>
   <pm-column position='8'>
    <a>-1.94591014905531</a>
    <c>1.27296567581289</c>
    <g>-1.94591014905531</g>
    <t>-1.94591014905531</t>
   </pm-column>
   <pm-column position='9'>
    <a>1.27296567581289</a>
    <c>-1.94591014905531</c>
    <g>-1.94591014905531</g>
    <t>-1.94591014905531</t>
   </pm-column>
   <pm-column position='10'>
    <a>1.09861228866811</a>
    <c>-1.94591014905531</c>
    <g>-0.336472236621213</g>
    <t>-1.94591014905531</t>
   </pm-column>
   <pm-column position='11'>
    <a>-1.94591014905531</a>
    <c>0.619039208406224</c>
    <g>-1.94591014905531</g>
    <t>0.619039208406224</t>
   </pm-column>
   <pm-column position='12'>
    <a>-0.336472236621213</a>
    <c>-1.94591014905531</c>
    <g>1.09861228866811</g>
    <t>-1.94591014905531</t>
   </pm-column>
   <pm-column position='13'>
    <a>0.251314428280906</a>
    <c>-0.336472236621213</c>
    <g>-1.94591014905531</g>
    <t>0.619039208406224</t>
   </pm-column>
   <pm-column position='14'>
    <a>0.887303195000903</a>
    <c>-1.94591014905531</c>
    <g>-1.94591014905531</g>
    <t>0.251314428280906</t>
   </pm-column>
   <pm-column position='15'>
    <a>0.251314428280906</a>
    <c>-1.94591014905531</c>
    <g>-1.94591014905531</g>
    <t>0.887303195000903</t>
   </pm-column>
   <pm-column position='16'>
    <a>0.619039208406224</a>
    <c>-1.94591014905531</c>
    <g>-1.94591014905531</g>
    <t>0.619039208406224</t>
   </pm-column>
   <pm-column position='17'>
    <a>-1.94591014905531</a>
    <c>-1.94591014905531</c>
    <g>-1.94591014905531</g>
    <t>1.27296567581289</t>
   </pm-column>
   <pm-column position='18'>
    <a>-1.94591014905531</a>
    <c>-1.94591014905531</c>
    <g>-0.336472236621213</g>
    <t>1.09861228866811</t>
   </pm-column>
  </PWM>
 </motif>
</smallbismark>