<?xml version='1.0' encoding='UTF-8'?>
<smallbismark>
 <comment name='WARNING'>This is a draft version of small-BiSMark. Specification is the subject to change!</comment>
 <motif name='Ubx' id='UBX.MTF' length='6'>
  <PCM length='6'>
   <pm-column position='1'>
    <a>13</a>
    <c>26</c>
    <g>5</g>
    <t>12</t>
   </pm-column>
   <pm-column position='2'>
    <a>31</a>
    <c>19</c>
    <g>0</g>
    <t>6</t>
   </pm-column>
   <pm-column position='3'>
    <a>54</a>
    <c>0</c>
    <g>0</g>
    <t>2</t>
   </pm-column>
   <pm-column position='4'>
    <a>0</a>
    <c>0</c>
    <g>0</g>
    <t>56</t>
   </pm-column>
   <pm-column position='5'>
    <a>3</a>
    <c>2</c>
    <g>0</g>
    <t>51</t>
   </pm-column>
   <pm-column position='6'>
    <a>49</a>
    <c>0</c>
    <g>0</g>
    <t>7</t>
   </pm-column>
  </PCM>
  <PPM length='6'>
   <pm-column position='1'>
    <a>0.232142857142857</a>
    <c>0.464285714285714</c>
    <g>0.0892857142857143</g>
    <t>0.214285714285714</t>
   </pm-column>
   <pm-column position='2'>
    <a>0.553571428571429</a>
    <c>0.339285714285714</c>
    <g>0.0</g>
    <t>0.107142857142857</t>
   </pm-column>
   <pm-column position='3'>
    <a>0.964285714285714</a>
    <c>0.0</c>
    <g>0.0</g>
    <t>0.0357142857142857</t>
   </pm-column>
   <pm-column position='4'>
    <a>0.0</a>
    <c>0.0</c>
    <g>0.0</g>
    <t>1.0</t>
   </pm-column>
   <pm-column position='5'>
    <a>0.0535714285714286</a>
    <c>0.0357142857142857</c>
    <g>0.0</g>
    <t>0.910714285714286</t>
   </pm-column>
   <pm-column position='6'>
    <a>0.875</a>
    <c>0.0</c>
    <g>0.0</g>
    <t>0.125</t>
   </pm-column>
  </PPM>
  <PWM length='6'>
   <pm-column position='1'>
    <a>-0.0727593542824283</a>
    <c>0.610909082322973</c>
    <g>-0.998528830111127</g>
    <t>-0.151230969723924</t>
   </pm-column>
   <pm-column position='2'>
    <a>0.785262469467751</a>
    <c>0.300754154019134</c>
    <g>-4.04305126783455</g>
    <t>-0.824175442966349</t>
   </pm-column>
   <pm-column position='3'>
    <a>1.33684608570591</a>
    <c>-4.04305126783455</c>
    <g>-4.04305126783455</g>
    <t>-1.84582669049833</t>
   </pm-column>
   <pm-column position='4'>
    <a>-4.04305126783455</a>
    <c>-4.04305126783455</c>
    <g>-4.04305126783455</g>
    <t>1.37304913436987</t>
   </pm-column>
   <pm-column position='5'>
    <a>-1.47810191037301</a>
    <c>-1.84582669049833</c>
    <g>-4.04305126783455</g>
    <t>1.27995871130386</t>
   </pm-column>
   <pm-column position='6'>
    <a>1.24015246090344</a>
    <c>-4.04305126783455</c>
    <g>-4.04305126783455</g>
    <t>-0.675755437848076</t>
   </pm-column>
  </PWM>
 </motif>
</smallbismark>