<?xml version='1.0' encoding='UTF-8'?>
<smallbismark>
 <comment name='WARNING'>This is a draft version of small-BiSMark. Specification is the subject to change!</comment>
 <motif name='vvl' id='VVL.MTF'>
  <PCM length='6'>
   <pm-column position='1'>
    <a>0</a>
    <c>0</c>
    <g>0</g>
    <t>11</t>
   </pm-column>
   <pm-column position='2'>
    <a>0</a>
    <c>0</c>
    <g>8</g>
    <t>3</t>
   </pm-column>
   <pm-column position='3'>
    <a>5</a>
    <c>6</c>
    <g>0</g>
    <t>0</t>
   </pm-column>
   <pm-column position='4'>
    <a>7</a>
    <c>0</c>
    <g>2</g>
    <t>2</t>
   </pm-column>
   <pm-column position='5'>
    <a>0</a>
    <c>0</c>
    <g>0</g>
    <t>11</t>
   </pm-column>
   <pm-column position='6'>
    <a>9</a>
    <c>0</c>
    <g>2</g>
    <t>0</t>
   </pm-column>
  </PCM>
  <PPM length='6'>
   <pm-column position='1'>
    <a>0.0</a>
    <c>0.0</c>
    <g>0.0</g>
    <t>1.0</t>
   </pm-column>
   <pm-column position='2'>
    <a>0.0</a>
    <c>0.0</c>
    <g>0.727272727272727</g>
    <t>0.272727272727273</t>
   </pm-column>
   <pm-column position='3'>
    <a>0.454545454545455</a>
    <c>0.545454545454545</c>
    <g>0.0</g>
    <t>0.0</t>
   </pm-column>
   <pm-column position='4'>
    <a>0.636363636363636</a>
    <c>0.0</c>
    <g>0.181818181818182</g>
    <t>0.181818181818182</t>
   </pm-column>
   <pm-column position='5'>
    <a>0.0</a>
    <c>0.0</c>
    <g>0.0</g>
    <t>1.0</t>
   </pm-column>
   <pm-column position='6'>
    <a>0.818181818181818</a>
    <c>0.0</c>
    <g>0.181818181818182</g>
    <t>0.0</t>
   </pm-column>
  </PPM>
  <PWM length='6'>
   <pm-column position='1'>
    <a>-2.484906649788</a>
    <c>-2.484906649788</c>
    <g>-2.484906649788</g>
    <t>1.32175583998232</t>
   </pm-column>
   <pm-column position='2'>
    <a>-2.484906649788</a>
    <c>-2.484906649788</c>
    <g>1.01160091167848</g>
    <t>0.0800427076735364</t>
   </pm-column>
   <pm-column position='3'>
    <a>0.559615787935423</a>
    <c>0.733969175080201</c>
    <g>-2.484906649788</g>
    <t>-2.484906649788</t>
   </pm-column>
   <pm-column position='4'>
    <a>0.882389180198474</a>
    <c>-2.484906649788</c>
    <g>-0.287682072451781</g>
    <t>-0.287682072451781</t>
   </pm-column>
   <pm-column position='5'>
    <a>-2.484906649788</a>
    <c>-2.484906649788</c>
    <g>-2.484906649788</g>
    <t>1.32175583998232</t>
   </pm-column>
   <pm-column position='6'>
    <a>1.12601126285622</a>
    <c>-2.484906649788</c>
    <g>-0.287682072451781</g>
    <t>-2.484906649788</t>
   </pm-column>
  </PWM>
 </motif>
</smallbismark>