<?xml version='1.0' encoding='UTF-8'?>
<smallbismark>
 <comment name='WARNING'>This is a draft version of small-BiSMark. Specification is the subject to change!</comment>
 <motif name='z' id='Z.MTF' length='10'>
  <PCM length='10'>
   <pm-column position='1'>
    <a>11</a>
    <c>3</c>
    <g>5</g>
    <t>22</t>
   </pm-column>
   <pm-column position='2'>
    <a>1</a>
    <c>7</c>
    <g>3</g>
    <t>30</t>
   </pm-column>
   <pm-column position='3'>
    <a>1</a>
    <c>0</c>
    <g>40</g>
    <t>0</t>
   </pm-column>
   <pm-column position='4'>
    <a>41</a>
    <c>0</c>
    <g>0</g>
    <t>0</t>
   </pm-column>
   <pm-column position='5'>
    <a>1</a>
    <c>0</c>
    <g>40</g>
    <t>0</t>
   </pm-column>
   <pm-column position='6'>
    <a>8</a>
    <c>10</c>
    <g>0</g>
    <t>23</t>
   </pm-column>
   <pm-column position='7'>
    <a>2</a>
    <c>6</c>
    <g>29</g>
    <t>4</t>
   </pm-column>
   <pm-column position='8'>
    <a>18</a>
    <c>7</c>
    <g>11</g>
    <t>5</t>
   </pm-column>
   <pm-column position='9'>
    <a>10</a>
    <c>5</c>
    <g>12</g>
    <t>14</t>
   </pm-column>
   <pm-column position='10'>
    <a>14</a>
    <c>6</c>
    <g>2</g>
    <t>19</t>
   </pm-column>
  </PCM>
  <PPM length='10'>
   <pm-column position='1'>
    <a>0.268292682926829</a>
    <c>0.0731707317073171</c>
    <g>0.121951219512195</g>
    <t>0.536585365853659</t>
   </pm-column>
   <pm-column position='2'>
    <a>0.024390243902439</a>
    <c>0.170731707317073</c>
    <g>0.0731707317073171</g>
    <t>0.731707317073171</t>
   </pm-column>
   <pm-column position='3'>
    <a>0.024390243902439</a>
    <c>0.0</c>
    <g>0.975609756097561</g>
    <t>0.0</t>
   </pm-column>
   <pm-column position='4'>
    <a>1.0</a>
    <c>0.0</c>
    <g>0.0</g>
    <t>0.0</t>
   </pm-column>
   <pm-column position='5'>
    <a>0.024390243902439</a>
    <c>0.0</c>
    <g>0.975609756097561</g>
    <t>0.0</t>
   </pm-column>
   <pm-column position='6'>
    <a>0.195121951219512</a>
    <c>0.24390243902439</c>
    <g>0.0</g>
    <t>0.560975609756098</t>
   </pm-column>
   <pm-column position='7'>
    <a>0.0487804878048781</a>
    <c>0.146341463414634</c>
    <g>0.707317073170732</g>
    <t>0.0975609756097561</t>
   </pm-column>
   <pm-column position='8'>
    <a>0.439024390243902</a>
    <c>0.170731707317073</c>
    <g>0.268292682926829</g>
    <t>0.121951219512195</t>
   </pm-column>
   <pm-column position='9'>
    <a>0.24390243902439</a>
    <c>0.121951219512195</c>
    <g>0.292682926829268</g>
    <t>0.341463414634146</t>
   </pm-column>
   <pm-column position='10'>
    <a>0.341463414634146</a>
    <c>0.146341463414634</c>
    <g>0.0487804878048781</g>
    <t>0.463414634146341</t>
   </pm-column>
  </PPM>
  <PWM length='10'>
   <pm-column position='1'>
    <a>0.0689928714869514</a>
    <c>-1.17272026082183</c>
    <g>-0.693147180559945</g>
    <t>0.750966751448772</t>
   </pm-column>
   <pm-column position='2'>
    <a>-2.12823170584927</a>
    <c>-0.370373788296894</c>
    <g>-1.17272026082183</g>
    <t>1.05812092731337</t>
   </pm-column>
   <pm-column position='3'>
    <a>-2.12823170584927</a>
    <c>-3.73766961828337</c>
    <g>1.34373474670109</g>
    <t>-3.73766961828337</t>
   </pm-column>
   <pm-column position='4'>
    <a>1.36827585561721</a>
    <c>-3.73766961828337</c>
    <g>-3.73766961828337</g>
    <t>-3.73766961828337</t>
   </pm-column>
   <pm-column position='5'>
    <a>-2.12823170584927</a>
    <c>-3.73766961828337</c>
    <g>1.34373474670109</g>
    <t>-3.73766961828337</t>
   </pm-column>
   <pm-column position='6'>
    <a>-0.241162056816888</a>
    <c>-0.0240975515790605</c>
    <g>-3.73766961828337</g>
    <t>0.794929874869888</t>
   </pm-column>
   <pm-column position='7'>
    <a>-1.54044504094715</a>
    <c>-0.518793793415168</c>
    <g>1.02450431651439</g>
    <t>-0.904456274227152</t>
   </pm-column>
   <pm-column position='8'>
    <a>0.552789822865023</a>
    <c>-0.370373788296894</c>
    <g>0.0689928714869514</g>
    <t>-0.693147180559945</t>
   </pm-column>
   <pm-column position='9'>
    <a>-0.0240975515790605</a>
    <c>-0.693147180559945</c>
    <g>0.154150679827258</g>
    <t>0.305381649551182</t>
   </pm-column>
   <pm-column position='10'>
    <a>0.305381649551182</a>
    <c>-0.518793793415168</c>
    <g>-1.54044504094715</g>
    <t>0.606135803570315</t>
   </pm-column>
  </PWM>
 </motif>
</smallbismark>