<?xml version='1.0' encoding='UTF-8'?>
<smallbismark>
 <comment name='WARNING'>This is a draft version of small-BiSMark. Specification is the subject to change!</comment>
 <motif name='Ap1' id='AP1.MTF' length='9'>
  <PCM length='9'>
   <pm-column position='1'>
    <a>3</a>
    <c>2</c>
    <g>4</g>
    <t>1</t>
   </pm-column>
   <pm-column position='2'>
    <a>0</a>
    <c>0</c>
    <g>0</g>
    <t>10</t>
   </pm-column>
   <pm-column position='3'>
    <a>0</a>
    <c>0</c>
    <g>9</g>
    <t>1</t>
   </pm-column>
   <pm-column position='4'>
    <a>10</a>
    <c>0</c>
    <g>0</g>
    <t>0</t>
   </pm-column>
   <pm-column position='5'>
    <a>2</a>
    <c>4</c>
    <g>2</g>
    <t>2</t>
   </pm-column>
   <pm-column position='6'>
    <a>0</a>
    <c>0</c>
    <g>0</g>
    <t>10</t>
   </pm-column>
   <pm-column position='7'>
    <a>0</a>
    <c>10</c>
    <g>0</g>
    <t>0</t>
   </pm-column>
   <pm-column position='8'>
    <a>9</a>
    <c>0</c>
    <g>0</g>
    <t>1</t>
   </pm-column>
   <pm-column position='9'>
    <a>0</a>
    <c>0</c>
    <g>8</g>
    <t>2</t>
   </pm-column>
  </PCM>
  <PPM length='9'>
   <pm-column position='1'>
    <a>0.3</a>
    <c>0.2</c>
    <g>0.4</g>
    <t>0.1</t>
   </pm-column>
   <pm-column position='2'>
    <a>0.0</a>
    <c>0.0</c>
    <g>0.0</g>
    <t>1.0</t>
   </pm-column>
   <pm-column position='3'>
    <a>0.0</a>
    <c>0.0</c>
    <g>0.9</g>
    <t>0.1</t>
   </pm-column>
   <pm-column position='4'>
    <a>1.0</a>
    <c>0.0</c>
    <g>0.0</g>
    <t>0.0</t>
   </pm-column>
   <pm-column position='5'>
    <a>0.2</a>
    <c>0.4</c>
    <g>0.2</g>
    <t>0.2</t>
   </pm-column>
   <pm-column position='6'>
    <a>0.0</a>
    <c>0.0</c>
    <g>0.0</g>
    <t>1.0</t>
   </pm-column>
   <pm-column position='7'>
    <a>0.0</a>
    <c>1.0</c>
    <g>0.0</g>
    <t>0.0</t>
   </pm-column>
   <pm-column position='8'>
    <a>0.9</a>
    <c>0.0</c>
    <g>0.0</g>
    <t>0.1</t>
   </pm-column>
   <pm-column position='9'>
    <a>0.0</a>
    <c>0.0</c>
    <g>0.8</g>
    <t>0.2</t>
   </pm-column>
  </PPM>
  <PWM length='9'>
   <pm-column position='1'>
    <a>0.167054084663166</a>
    <c>-0.200670695462151</c>
    <g>0.435318071257846</g>
    <t>-0.78845736036427</t>
   </pm-column>
   <pm-column position='2'>
    <a>-2.39789527279837</a>
    <c>-2.39789527279837</c>
    <g>-2.39789527279837</g>
    <t>1.31567679390594</t>
   </pm-column>
   <pm-column position='3'>
    <a>-2.39789527279837</a>
    <c>-2.39789527279837</c>
    <g>1.21302263984585</g>
    <t>-0.78845736036427</t>
   </pm-column>
   <pm-column position='4'>
    <a>1.31567679390594</a>
    <c>-2.39789527279837</c>
    <g>-2.39789527279837</g>
    <t>-2.39789527279837</t>
   </pm-column>
   <pm-column position='5'>
    <a>-0.200670695462151</a>
    <c>0.435318071257846</c>
    <g>-0.200670695462151</g>
    <t>-0.200670695462151</t>
   </pm-column>
   <pm-column position='6'>
    <a>-2.39789527279837</a>
    <c>-2.39789527279837</c>
    <g>-2.39789527279837</g>
    <t>1.31567679390594</t>
   </pm-column>
   <pm-column position='7'>
    <a>-2.39789527279837</a>
    <c>1.31567679390594</c>
    <g>-2.39789527279837</g>
    <t>-2.39789527279837</t>
   </pm-column>
   <pm-column position='8'>
    <a>1.21302263984585</a>
    <c>-2.39789527279837</c>
    <g>-2.39789527279837</g>
    <t>-0.78845736036427</t>
   </pm-column>
   <pm-column position='9'>
    <a>-2.39789527279837</a>
    <c>-2.39789527279837</c>
    <g>1.09861228866811</g>
    <t>-0.200670695462151</t>
   </pm-column>
  </PWM>
 </motif>
</smallbismark>