<?xml version='1.0' encoding='UTF-8'?>
<smallbismark>
 <comment name='WARNING'>This is a draft version of small-BiSMark. Specification is the subject to change!</comment>
 <motif name='cad' id='CAD.MTF' length='9'>
  <PCM length='9'>
   <pm-column position='1'>
    <a>2</a>
    <c>2</c>
    <g>1</g>
    <t>6</t>
   </pm-column>
   <pm-column position='2'>
    <a>1</a>
    <c>3</c>
    <g>1</g>
    <t>6</t>
   </pm-column>
   <pm-column position='3'>
    <a>0</a>
    <c>0</c>
    <g>0</g>
    <t>11</t>
   </pm-column>
   <pm-column position='4'>
    <a>0</a>
    <c>0</c>
    <g>0</g>
    <t>11</t>
   </pm-column>
   <pm-column position='5'>
    <a>0</a>
    <c>0</c>
    <g>2</g>
    <t>9</t>
   </pm-column>
   <pm-column position='6'>
    <a>9</a>
    <c>0</c>
    <g>0</g>
    <t>2</t>
   </pm-column>
   <pm-column position='7'>
    <a>0</a>
    <c>0</c>
    <g>2</g>
    <t>9</t>
   </pm-column>
   <pm-column position='8'>
    <a>0</a>
    <c>0</c>
    <g>11</g>
    <t>0</t>
   </pm-column>
   <pm-column position='9'>
    <a>2</a>
    <c>0</c>
    <g>7</g>
    <t>2</t>
   </pm-column>
  </PCM>
  <PPM length='9'>
   <pm-column position='1'>
    <a>0.181818181818182</a>
    <c>0.181818181818182</c>
    <g>0.0909090909090909</g>
    <t>0.545454545454545</t>
   </pm-column>
   <pm-column position='2'>
    <a>0.0909090909090909</a>
    <c>0.272727272727273</c>
    <g>0.0909090909090909</g>
    <t>0.545454545454545</t>
   </pm-column>
   <pm-column position='3'>
    <a>0.0</a>
    <c>0.0</c>
    <g>0.0</g>
    <t>1.0</t>
   </pm-column>
   <pm-column position='4'>
    <a>0.0</a>
    <c>0.0</c>
    <g>0.0</g>
    <t>1.0</t>
   </pm-column>
   <pm-column position='5'>
    <a>0.0</a>
    <c>0.0</c>
    <g>0.181818181818182</g>
    <t>0.818181818181818</t>
   </pm-column>
   <pm-column position='6'>
    <a>0.818181818181818</a>
    <c>0.0</c>
    <g>0.0</g>
    <t>0.181818181818182</t>
   </pm-column>
   <pm-column position='7'>
    <a>0.0</a>
    <c>0.0</c>
    <g>0.181818181818182</g>
    <t>0.818181818181818</t>
   </pm-column>
   <pm-column position='8'>
    <a>0.0</a>
    <c>0.0</c>
    <g>1.0</g>
    <t>0.0</t>
   </pm-column>
   <pm-column position='9'>
    <a>0.181818181818182</a>
    <c>0.0</c>
    <g>0.636363636363636</g>
    <t>0.181818181818182</t>
   </pm-column>
  </PPM>
  <PWM length='9'>
   <pm-column position='1'>
    <a>-0.287682072451781</a>
    <c>-0.287682072451781</c>
    <g>-0.8754687373539</g>
    <t>0.733969175080201</t>
   </pm-column>
   <pm-column position='2'>
    <a>-0.8754687373539</a>
    <c>0.0800427076735364</c>
    <g>-0.8754687373539</g>
    <t>0.733969175080201</t>
   </pm-column>
   <pm-column position='3'>
    <a>-2.484906649788</a>
    <c>-2.484906649788</c>
    <g>-2.484906649788</g>
    <t>1.32175583998232</t>
   </pm-column>
   <pm-column position='4'>
    <a>-2.484906649788</a>
    <c>-2.484906649788</c>
    <g>-2.484906649788</g>
    <t>1.32175583998232</t>
   </pm-column>
   <pm-column position='5'>
    <a>-2.484906649788</a>
    <c>-2.484906649788</c>
    <g>-0.287682072451781</g>
    <t>1.12601126285622</t>
   </pm-column>
   <pm-column position='6'>
    <a>1.12601126285622</a>
    <c>-2.484906649788</c>
    <g>-2.484906649788</g>
    <t>-0.287682072451781</t>
   </pm-column>
   <pm-column position='7'>
    <a>-2.484906649788</a>
    <c>-2.484906649788</c>
    <g>-0.287682072451781</g>
    <t>1.12601126285622</t>
   </pm-column>
   <pm-column position='8'>
    <a>-2.484906649788</a>
    <c>-2.484906649788</c>
    <g>1.32175583998232</g>
    <t>-2.484906649788</t>
   </pm-column>
   <pm-column position='9'>
    <a>-0.287682072451781</a>
    <c>-2.484906649788</c>
    <g>0.882389180198474</g>
    <t>-0.287682072451781</t>
   </pm-column>
  </PWM>
 </motif>
</smallbismark>