<?xml version='1.0' encoding='UTF-8'?>
<smallbismark>
 <comment name='WARNING'>This is a draft version of small-BiSMark. Specification is the subject to change!</comment>
 <motif name='Pnt' id='PNT.MTF' length='8'>
  <PCM length='8'>
   <pm-column position='1'>
    <a>10</a>
    <c>1</c>
    <g>1</g>
    <t>4</t>
   </pm-column>
   <pm-column position='2'>
    <a>1</a>
    <c>12</c>
    <g>2</g>
    <t>1</t>
   </pm-column>
   <pm-column position='3'>
    <a>2</a>
    <c>12</c>
    <g>1</g>
    <t>1</t>
   </pm-column>
   <pm-column position='4'>
    <a>1</a>
    <c>0</c>
    <g>14</g>
    <t>1</t>
   </pm-column>
   <pm-column position='5'>
    <a>1</a>
    <c>0</c>
    <g>15</g>
    <t>0</t>
   </pm-column>
   <pm-column position='6'>
    <a>16</a>
    <c>0</c>
    <g>0</g>
    <t>0</t>
   </pm-column>
   <pm-column position='7'>
    <a>14</a>
    <c>0</c>
    <g>0</g>
    <t>2</t>
   </pm-column>
   <pm-column position='8'>
    <a>7</a>
    <c>0</c>
    <g>8</g>
    <t>1</t>
   </pm-column>
  </PCM>
  <PPM length='8'>
   <pm-column position='1'>
    <a>0.625</a>
    <c>0.0625</c>
    <g>0.0625</g>
    <t>0.25</t>
   </pm-column>
   <pm-column position='2'>
    <a>0.0625</a>
    <c>0.75</c>
    <g>0.125</g>
    <t>0.0625</t>
   </pm-column>
   <pm-column position='3'>
    <a>0.125</a>
    <c>0.75</c>
    <g>0.0625</g>
    <t>0.0625</t>
   </pm-column>
   <pm-column position='4'>
    <a>0.0625</a>
    <c>0.0</c>
    <g>0.875</g>
    <t>0.0625</t>
   </pm-column>
   <pm-column position='5'>
    <a>0.0625</a>
    <c>0.0</c>
    <g>0.9375</g>
    <t>0.0</t>
   </pm-column>
   <pm-column position='6'>
    <a>1.0</a>
    <c>0.0</c>
    <g>0.0</g>
    <t>0.0</t>
   </pm-column>
   <pm-column position='7'>
    <a>0.875</a>
    <c>0.0</c>
    <g>0.0</g>
    <t>0.125</t>
   </pm-column>
   <pm-column position='8'>
    <a>0.4375</a>
    <c>0.0</c>
    <g>0.5</g>
    <t>0.0625</t>
   </pm-column>
  </PPM>
  <PWM length='8'>
   <pm-column position='1'>
    <a>0.880358722648092</a>
    <c>-1.22377543162212</c>
    <g>-1.22377543162212</g>
    <t>0.0</t>
   </pm-column>
   <pm-column position='2'>
    <a>-1.22377543162212</a>
    <c>1.05860695405441</c>
    <g>-0.635988766719997</g>
    <t>-1.22377543162212</t>
   </pm-column>
   <pm-column position='3'>
    <a>-0.635988766719997</a>
    <c>1.05860695405441</c>
    <g>-1.22377543162212</g>
    <t>-1.22377543162212</t>
   </pm-column>
   <pm-column position='4'>
    <a>-1.22377543162212</a>
    <c>-2.83321334405622</c>
    <g>1.20983792377833</g>
    <t>-1.22377543162212</t>
   </pm-column>
   <pm-column position='5'>
    <a>-1.22377543162212</a>
    <c>-2.83321334405622</c>
    <g>1.2776605201171</g>
    <t>-2.83321334405622</t>
   </pm-column>
   <pm-column position='6'>
    <a>1.34117392583942</a>
    <c>-2.83321334405622</c>
    <g>-2.83321334405622</g>
    <t>-2.83321334405622</t>
   </pm-column>
   <pm-column position='7'>
    <a>1.20983792377833</a>
    <c>-2.83321334405622</c>
    <g>-2.83321334405622</g>
    <t>-0.635988766719997</t>
   </pm-column>
   <pm-column position='8'>
    <a>0.534082485930258</a>
    <c>-2.83321334405622</c>
    <g>0.663294217410264</g>
    <t>-1.22377543162212</t>
   </pm-column>
  </PWM>
 </motif>
</smallbismark>