<?xml version='1.0' encoding='UTF-8'?>
<smallbismark>
 <comment name='WARNING'>This is a draft version of small-BiSMark. Specification is the subject to change!</comment>
 <motif name='prd' id='PRD.MTF' length='10'>
  <PCM length='10'>
   <pm-column position='1'>
    <a>0</a>
    <c>1</c>
    <g>6</g>
    <t>159</t>
   </pm-column>
   <pm-column position='2'>
    <a>148</a>
    <c>0</c>
    <g>18</g>
    <t>0</t>
   </pm-column>
   <pm-column position='3'>
    <a>166</a>
    <c>0</c>
    <g>0</g>
    <t>0</t>
   </pm-column>
   <pm-column position='4'>
    <a>0</a>
    <c>0</c>
    <g>1</g>
    <t>165</t>
   </pm-column>
   <pm-column position='5'>
    <a>0</a>
    <c>57</c>
    <g>0</g>
    <t>109</t>
   </pm-column>
   <pm-column position='6'>
    <a>48</a>
    <c>5</c>
    <g>109</g>
    <t>4</t>
   </pm-column>
   <pm-column position='7'>
    <a>121</a>
    <c>15</c>
    <g>27</g>
    <t>3</t>
   </pm-column>
   <pm-column position='8'>
    <a>46</a>
    <c>9</c>
    <g>4</g>
    <t>107</t>
   </pm-column>
   <pm-column position='9'>
    <a>19</a>
    <c>10</c>
    <g>3</g>
    <t>134</t>
   </pm-column>
   <pm-column position='10'>
    <a>80</a>
    <c>3</c>
    <g>8</g>
    <t>75</t>
   </pm-column>
  </PCM>
  <PPM length='10'>
   <pm-column position='1'>
    <a>0.0</a>
    <c>0.00602409638554217</c>
    <g>0.036144578313253</g>
    <t>0.957831325301205</t>
   </pm-column>
   <pm-column position='2'>
    <a>0.891566265060241</a>
    <c>0.0</c>
    <g>0.108433734939759</g>
    <t>0.0</t>
   </pm-column>
   <pm-column position='3'>
    <a>1.0</a>
    <c>0.0</c>
    <g>0.0</g>
    <t>0.0</t>
   </pm-column>
   <pm-column position='4'>
    <a>0.0</a>
    <c>0.0</c>
    <g>0.00602409638554217</g>
    <t>0.993975903614458</t>
   </pm-column>
   <pm-column position='5'>
    <a>0.0</a>
    <c>0.343373493975904</c>
    <g>0.0</g>
    <t>0.656626506024096</t>
   </pm-column>
   <pm-column position='6'>
    <a>0.289156626506024</a>
    <c>0.0301204819277108</c>
    <g>0.656626506024096</g>
    <t>0.0240963855421687</t>
   </pm-column>
   <pm-column position='7'>
    <a>0.728915662650602</a>
    <c>0.0903614457831325</c>
    <g>0.162650602409639</g>
    <t>0.0180722891566265</t>
   </pm-column>
   <pm-column position='8'>
    <a>0.27710843373494</a>
    <c>0.0542168674698795</c>
    <g>0.0240963855421687</g>
    <t>0.644578313253012</t>
   </pm-column>
   <pm-column position='9'>
    <a>0.114457831325301</a>
    <c>0.0602409638554217</c>
    <g>0.0180722891566265</g>
    <t>0.807228915662651</t>
   </pm-column>
   <pm-column position='10'>
    <a>0.481927710843373</a>
    <c>0.0180722891566265</c>
    <g>0.0481927710843374</g>
    <t>0.451807228915663</t>
   </pm-column>
  </PPM>
  <PWM length='10'>
   <pm-column position='1'>
    <a>-5.11799381241676</a>
    <c>-3.50855589998265</c>
    <g>-1.89911798754855</g>
    <t>1.33877584315541</t>
   </pm-column>
   <pm-column position='2'>
    <a>1.26720058658097</a>
    <c>-5.11799381241676</c>
    <g>-0.827534371268364</g>
    <t>-5.11799381241676</t>
   </pm-column>
   <pm-column position='3'>
    <a>1.3817932282391</a>
    <c>-5.11799381241676</c>
    <g>-5.11799381241676</g>
    <t>-5.11799381241676</t>
   </pm-column>
   <pm-column position='4'>
    <a>-5.11799381241676</a>
    <c>-5.11799381241676</c>
    <g>-3.50855589998265</g>
    <t>1.37576002743493</t>
   </pm-column>
   <pm-column position='5'>
    <a>-5.11799381241676</a>
    <c>0.315728191137485</c>
    <g>-5.11799381241676</g>
    <t>0.961939382678835</t>
   </pm-column>
   <pm-column position='6'>
    <a>0.14469637648813</a>
    <c>-2.07347137469333</c>
    <g>0.961939382678835</g>
    <t>-2.28478046836054</t>
   </pm-column>
   <pm-column position='7'>
    <a>1.06615507852073</a>
    <c>-1.00711994824344</c>
    <g>-0.426645930187611</g>
    <t>-2.55304445495522</t>
   </pm-column>
   <pm-column position='8'>
    <a>0.10236201266157</a>
    <c>-1.50707589977253</c>
    <g>-2.28478046836054</g>
    <t>0.943463106511262</t>
   </pm-column>
   <pm-column position='9'>
    <a>-0.774188390563071</a>
    <c>-1.40442174571245</c>
    <g>-2.55304445495522</g>
    <t>1.16800428209211</t>
   </pm-column>
   <pm-column position='10'>
    <a>0.653447310713261</a>
    <c>-2.55304445495522</c>
    <g>-1.62148625095027</g>
    <t>0.589116452332121</t>
   </pm-column>
  </PWM>
 </motif>
</smallbismark>