<?xml version='1.0' encoding='UTF-8'?>
<smallbismark>
 <comment name='WARNING'>This is a draft version of small-BiSMark. Specification is the subject to change!</comment>
 <motif name='Run' id='RUN.MTF' length='7'>
  <PCM length='7'>
   <pm-column position='1'>
    <a>0</a>
    <c>1</c>
    <g>7</g>
    <t>4</t>
   </pm-column>
   <pm-column position='2'>
    <a>0</a>
    <c>0</c>
    <g>12</g>
    <t>0</t>
   </pm-column>
   <pm-column position='3'>
    <a>0</a>
    <c>7</c>
    <g>1</g>
    <t>4</t>
   </pm-column>
   <pm-column position='4'>
    <a>0</a>
    <c>0</c>
    <g>12</g>
    <t>0</t>
   </pm-column>
   <pm-column position='5'>
    <a>0</a>
    <c>0</c>
    <g>12</g>
    <t>0</t>
   </pm-column>
   <pm-column position='6'>
    <a>0</a>
    <c>0</c>
    <g>0</g>
    <t>12</t>
   </pm-column>
   <pm-column position='7'>
    <a>0</a>
    <c>1</c>
    <g>9</g>
    <t>2</t>
   </pm-column>
  </PCM>
  <PPM length='7'>
   <pm-column position='1'>
    <a>0.0</a>
    <c>0.0833333333333333</c>
    <g>0.583333333333333</g>
    <t>0.333333333333333</t>
   </pm-column>
   <pm-column position='2'>
    <a>0.0</a>
    <c>0.0</c>
    <g>1.0</g>
    <t>0.0</t>
   </pm-column>
   <pm-column position='3'>
    <a>0.0</a>
    <c>0.583333333333333</c>
    <g>0.0833333333333333</g>
    <t>0.333333333333333</t>
   </pm-column>
   <pm-column position='4'>
    <a>0.0</a>
    <c>0.0</c>
    <g>1.0</g>
    <t>0.0</t>
   </pm-column>
   <pm-column position='5'>
    <a>0.0</a>
    <c>0.0</c>
    <g>1.0</g>
    <t>0.0</t>
   </pm-column>
   <pm-column position='6'>
    <a>0.0</a>
    <c>0.0</c>
    <g>0.0</g>
    <t>1.0</t>
   </pm-column>
   <pm-column position='7'>
    <a>0.0</a>
    <c>0.0833333333333333</c>
    <g>0.75</g>
    <t>0.166666666666667</t>
   </pm-column>
  </PPM>
  <PWM length='7'>
   <pm-column position='1'>
    <a>-2.56494935746154</a>
    <c>-0.955511445027436</c>
    <g>0.802346472524937</g>
    <t>0.268263986594679</t>
   </pm-column>
   <pm-column position='2'>
    <a>-2.56494935746154</a>
    <c>-2.56494935746154</c>
    <g>1.32687094064909</g>
    <t>-2.56494935746154</t>
   </pm-column>
   <pm-column position='3'>
    <a>-2.56494935746154</a>
    <c>0.802346472524937</c>
    <g>-0.955511445027436</g>
    <t>0.268263986594679</t>
   </pm-column>
   <pm-column position='4'>
    <a>-2.56494935746154</a>
    <c>-2.56494935746154</c>
    <g>1.32687094064909</g>
    <t>-2.56494935746154</t>
   </pm-column>
   <pm-column position='5'>
    <a>-2.56494935746154</a>
    <c>-2.56494935746154</c>
    <g>1.32687094064909</g>
    <t>-2.56494935746154</t>
   </pm-column>
   <pm-column position='6'>
    <a>-2.56494935746154</a>
    <c>-2.56494935746154</c>
    <g>-2.56494935746154</g>
    <t>1.32687094064909</t>
   </pm-column>
   <pm-column position='7'>
    <a>-2.56494935746154</a>
    <c>-0.955511445027436</c>
    <g>1.04596855518269</g>
    <t>-0.367724780125317</t>
   </pm-column>
  </PWM>
 </motif>
</smallbismark>