<?xml version='1.0' encoding='UTF-8'?>
<smallbismark>
 <comment name='WARNING'>This is a draft version of small-BiSMark. Specification is the subject to change!</comment>
 <motif name='shn' id='SHN.MTF' length='12'>
  <PCM length='12'>
   <pm-column position='1'>
    <a>0</a>
    <c>0</c>
    <g>100</g>
    <t>0</t>
   </pm-column>
   <pm-column position='2'>
    <a>0</a>
    <c>0</c>
    <g>100</g>
    <t>0</t>
   </pm-column>
   <pm-column position='3'>
    <a>0</a>
    <c>0</c>
    <g>80</g>
    <t>20</t>
   </pm-column>
   <pm-column position='4'>
    <a>100</a>
    <c>0</c>
    <g>0</g>
    <t>0</t>
   </pm-column>
   <pm-column position='5'>
    <a>47</a>
    <c>13</c>
    <g>0</g>
    <t>40</t>
   </pm-column>
   <pm-column position='6'>
    <a>0</a>
    <c>93</c>
    <g>0</g>
    <t>7</t>
   </pm-column>
   <pm-column position='7'>
    <a>0</a>
    <c>0</c>
    <g>80</g>
    <t>20</t>
   </pm-column>
   <pm-column position='8'>
    <a>0</a>
    <c>0</c>
    <g>7</g>
    <t>93</t>
   </pm-column>
   <pm-column position='9'>
    <a>0</a>
    <c>7</c>
    <g>0</g>
    <t>93</t>
   </pm-column>
   <pm-column position='10'>
    <a>0</a>
    <c>100</c>
    <g>0</g>
    <t>0</t>
   </pm-column>
   <pm-column position='11'>
    <a>0</a>
    <c>100</c>
    <g>0</g>
    <t>0</t>
   </pm-column>
   <pm-column position='12'>
    <a>7</a>
    <c>80</c>
    <g>0</g>
    <t>13</t>
   </pm-column>
  </PCM>
  <PPM length='12'>
   <pm-column position='1'>
    <a>0.0</a>
    <c>0.0</c>
    <g>1.0</g>
    <t>0.0</t>
   </pm-column>
   <pm-column position='2'>
    <a>0.0</a>
    <c>0.0</c>
    <g>1.0</g>
    <t>0.0</t>
   </pm-column>
   <pm-column position='3'>
    <a>0.0</a>
    <c>0.0</c>
    <g>0.8</g>
    <t>0.2</t>
   </pm-column>
   <pm-column position='4'>
    <a>1.0</a>
    <c>0.0</c>
    <g>0.0</g>
    <t>0.0</t>
   </pm-column>
   <pm-column position='5'>
    <a>0.47</a>
    <c>0.13</c>
    <g>0.0</g>
    <t>0.4</t>
   </pm-column>
   <pm-column position='6'>
    <a>0.0</a>
    <c>0.93</c>
    <g>0.0</g>
    <t>0.07</t>
   </pm-column>
   <pm-column position='7'>
    <a>0.0</a>
    <c>0.0</c>
    <g>0.8</g>
    <t>0.2</t>
   </pm-column>
   <pm-column position='8'>
    <a>0.0</a>
    <c>0.0</c>
    <g>0.07</g>
    <t>0.93</t>
   </pm-column>
   <pm-column position='9'>
    <a>0.0</a>
    <c>0.07</c>
    <g>0.0</g>
    <t>0.93</t>
   </pm-column>
   <pm-column position='10'>
    <a>0.0</a>
    <c>1.0</c>
    <g>0.0</g>
    <t>0.0</t>
   </pm-column>
   <pm-column position='11'>
    <a>0.0</a>
    <c>1.0</c>
    <g>0.0</g>
    <t>0.0</t>
   </pm-column>
   <pm-column position='12'>
    <a>0.07</a>
    <c>0.8</c>
    <g>0.0</g>
    <t>0.13</t>
   </pm-column>
  </PPM>
  <PWM length='12'>
   <pm-column position='1'>
    <a>-4.61512051684126</a>
    <c>-4.61512051684126</c>
    <g>1.37884091046531</g>
    <t>-4.61512051684126</t>
   </pm-column>
   <pm-column position='2'>
    <a>-4.61512051684126</a>
    <c>-4.61512051684126</c>
    <g>1.37884091046531</g>
    <t>-4.61512051684126</t>
   </pm-column>
   <pm-column position='3'>
    <a>-4.61512051684126</a>
    <c>-4.61512051684126</c>
    <g>1.15632060628876</g>
    <t>-0.220671362168821</t>
   </pm-column>
   <pm-column position='4'>
    <a>1.37884091046531</a>
    <c>-4.61512051684126</c>
    <g>-4.61512051684126</g>
    <t>-4.61512051684126</t>
   </pm-column>
   <pm-column position='5'>
    <a>0.626626498218383</a>
    <c>-0.644828603289138</c>
    <g>-4.61512051684126</g>
    <t>0.466283848143204</t>
   </pm-column>
   <pm-column position='6'>
    <a>-4.61512051684126</a>
    <c>1.30645790280256</c>
    <g>-4.61512051684126</g>
    <t>-1.24782468685479</t>
   </pm-column>
   <pm-column position='7'>
    <a>-4.61512051684126</a>
    <c>-4.61512051684126</c>
    <g>1.15632060628876</g>
    <t>-0.220671362168821</t>
   </pm-column>
   <pm-column position='8'>
    <a>-4.61512051684126</a>
    <c>-4.61512051684126</c>
    <g>-1.24782468685479</g>
    <t>1.30645790280256</t>
   </pm-column>
   <pm-column position='9'>
    <a>-4.61512051684126</a>
    <c>-1.24782468685479</c>
    <g>-4.61512051684126</g>
    <t>1.30645790280256</t>
   </pm-column>
   <pm-column position='10'>
    <a>-4.61512051684126</a>
    <c>1.37884091046531</c>
    <g>-4.61512051684126</g>
    <t>-4.61512051684126</t>
   </pm-column>
   <pm-column position='11'>
    <a>-4.61512051684126</a>
    <c>1.37884091046531</c>
    <g>-4.61512051684126</g>
    <t>-4.61512051684126</t>
   </pm-column>
   <pm-column position='12'>
    <a>-1.24782468685479</a>
    <c>1.15632060628876</c>
    <g>-4.61512051684126</g>
    <t>-0.644828603289138</t>
   </pm-column>
  </PWM>
 </motif>
</smallbismark>