<?xml version='1.0' encoding='UTF-8'?>
<smallbismark>
 <comment name='WARNING'>This is a draft version of small-BiSMark. Specification is the subject to change!</comment>
 <motif name='twi' id='TWI.MTF' length='7'>
  <PCM length='7'>
   <pm-column position='1'>
    <a>0</a>
    <c>21</c>
    <g>0</g>
    <t>0</t>
   </pm-column>
   <pm-column position='2'>
    <a>21</a>
    <c>0</c>
    <g>0</g>
    <t>0</t>
   </pm-column>
   <pm-column position='3'>
    <a>0</a>
    <c>21</c>
    <g>0</g>
    <t>0</t>
   </pm-column>
   <pm-column position='4'>
    <a>19</a>
    <c>0</c>
    <g>0</g>
    <t>2</t>
   </pm-column>
   <pm-column position='5'>
    <a>0</a>
    <c>0</c>
    <g>0</g>
    <t>21</t>
   </pm-column>
   <pm-column position='6'>
    <a>4</a>
    <c>2</c>
    <g>12</g>
    <t>3</t>
   </pm-column>
   <pm-column position='7'>
    <a>0</a>
    <c>4</c>
    <g>0</g>
    <t>17</t>
   </pm-column>
  </PCM>
  <PPM length='7'>
   <pm-column position='1'>
    <a>0.0</a>
    <c>1.0</c>
    <g>0.0</g>
    <t>0.0</t>
   </pm-column>
   <pm-column position='2'>
    <a>1.0</a>
    <c>0.0</c>
    <g>0.0</g>
    <t>0.0</t>
   </pm-column>
   <pm-column position='3'>
    <a>0.0</a>
    <c>1.0</c>
    <g>0.0</g>
    <t>0.0</t>
   </pm-column>
   <pm-column position='4'>
    <a>0.904761904761905</a>
    <c>0.0</c>
    <g>0.0</g>
    <t>0.0952380952380952</t>
   </pm-column>
   <pm-column position='5'>
    <a>0.0</a>
    <c>0.0</c>
    <g>0.0</g>
    <t>1.0</t>
   </pm-column>
   <pm-column position='6'>
    <a>0.19047619047619</a>
    <c>0.0952380952380952</c>
    <g>0.571428571428571</g>
    <t>0.142857142857143</t>
   </pm-column>
   <pm-column position='7'>
    <a>0.0</a>
    <c>0.19047619047619</c>
    <g>0.0</g>
    <t>0.80952380952381</t>
   </pm-column>
  </PPM>
  <PWM length='7'>
   <pm-column position='1'>
    <a>-3.09104245335832</a>
    <c>1.351608803132</c>
    <g>-3.09104245335832</g>
    <t>-3.09104245335832</t>
   </pm-column>
   <pm-column position='2'>
    <a>1.351608803132</a>
    <c>-3.09104245335832</c>
    <g>-3.09104245335832</g>
    <t>-3.09104245335832</t>
   </pm-column>
   <pm-column position='3'>
    <a>-3.09104245335832</a>
    <c>1.351608803132</c>
    <g>-3.09104245335832</g>
    <t>-3.09104245335832</t>
   </pm-column>
   <pm-column position='4'>
    <a>1.25276296849537</a>
    <c>-3.09104245335832</c>
    <g>-3.09104245335832</g>
    <t>-0.893817876022096</t>
   </pm-column>
   <pm-column position='5'>
    <a>-3.09104245335832</a>
    <c>-3.09104245335832</c>
    <g>-3.09104245335832</g>
    <t>1.351608803132</t>
   </pm-column>
   <pm-column position='6'>
    <a>-0.2578291093021</a>
    <c>-0.893817876022096</c>
    <g>0.800777844752311</g>
    <t>-0.526093095896779</t>
   </pm-column>
   <pm-column position='7'>
    <a>-3.09104245335832</a>
    <c>-0.2578291093021</c>
    <g>-3.09104245335832</g>
    <t>1.14306405123894</t>
   </pm-column>
  </PWM>
 </motif>
</smallbismark>