<?xml version='1.0' encoding='UTF-8'?>
<smallbismark>
 <comment name='WARNING'>This is a draft version of small-BiSMark. Specification is the subject to change!</comment>
 <motif name='hb' id='HB.MTF'>
  <PPM length='9'>
   <pm-column position='1'>
    <a>0.188084133231295</a>
    <c>0.109946354988549</c>
    <g>0.123119098121013</g>
    <t>0.578850413659144</t>
   </pm-column>
   <pm-column position='2'>
    <a>1.86454491352915e-006</a>
    <c>0.000533826425971691</c>
    <g>0.000815309733712146</g>
    <t>0.998648999295403</t>
   </pm-column>
   <pm-column position='3'>
    <a>0.00122116929865288</a>
    <c>0.0781391635030836</c>
    <g>0.0139925420511829</g>
    <t>0.906647125147081</t>
   </pm-column>
   <pm-column position='4'>
    <a>0.0590303224535307</a>
    <c>0.0056578971534554</c>
    <g>0.00252479203134227</g>
    <t>0.932786988361672</t>
   </pm-column>
   <pm-column position='5'>
    <a>0.00451673690008488</a>
    <c>0.00298778091306264</c>
    <g>0.00103871067694611</g>
    <t>0.991456771509907</t>
   </pm-column>
   <pm-column position='6'>
    <a>0.00180309845199672</a>
    <c>0.00121160301802105</c>
    <g>7.95822769095897e-005</g>
    <t>0.996905716253072</t>
   </pm-column>
   <pm-column position='7'>
    <a>0.492507498388972</a>
    <c>0.0655562311400665</c>
    <g>0.241714370810534</g>
    <t>0.200221899660427</t>
   </pm-column>
   <pm-column position='8'>
    <a>0.208025064430583</a>
    <c>0.208282450981246</c>
    <g>0.103014798962349</g>
    <t>0.480677685625821</t>
   </pm-column>
   <pm-column position='9'>
    <a>0.0739387918373812</a>
    <c>0.141221617270837</c>
    <g>0.48257366508089</g>
    <t>0.302265925810891</t>
   </pm-column>
  </PPM>
 </motif>
</smallbismark>