<?xml version='1.0' encoding='UTF-8'?>
<smallbismark>
 <comment name='WARNING'>This is a draft version of small-BiSMark. Specification is the subject to change!</comment>
 <motif name='abd-A' id='ABD_A.MTF'>
  <PCM length='7'>
   <pm-column position='1'>
    <a>25</a>
    <c>5</c>
    <g>8</g>
    <t>3</t>
   </pm-column>
   <pm-column position='2'>
    <a>16</a>
    <c>5</c>
    <g>0</g>
    <t>20</t>
   </pm-column>
   <pm-column position='3'>
    <a>8</a>
    <c>5</c>
    <g>4</g>
    <t>24</t>
   </pm-column>
   <pm-column position='4'>
    <a>29</a>
    <c>9</c>
    <g>0</g>
    <t>3</t>
   </pm-column>
   <pm-column position='5'>
    <a>34</a>
    <c>0</c>
    <g>3</g>
    <t>4</t>
   </pm-column>
   <pm-column position='6'>
    <a>7</a>
    <c>1</c>
    <g>0</g>
    <t>33</t>
   </pm-column>
   <pm-column position='7'>
    <a>0</a>
    <c>0</c>
    <g>0</g>
    <t>41</t>
   </pm-column>
  </PCM>
  <PPM length='7'>
   <pm-column position='1'>
    <a>0.609756097560976</a>
    <c>0.121951219512195</c>
    <g>0.195121951219512</g>
    <t>0.0731707317073171</t>
   </pm-column>
   <pm-column position='2'>
    <a>0.390243902439024</a>
    <c>0.121951219512195</c>
    <g>0.0</g>
    <t>0.48780487804878</t>
   </pm-column>
   <pm-column position='3'>
    <a>0.195121951219512</a>
    <c>0.121951219512195</c>
    <g>0.0975609756097561</g>
    <t>0.585365853658537</t>
   </pm-column>
   <pm-column position='4'>
    <a>0.707317073170732</a>
    <c>0.219512195121951</c>
    <g>0.0</g>
    <t>0.0731707317073171</t>
   </pm-column>
   <pm-column position='5'>
    <a>0.829268292682927</a>
    <c>0.0</c>
    <g>0.0731707317073171</g>
    <t>0.0975609756097561</t>
   </pm-column>
   <pm-column position='6'>
    <a>0.170731707317073</a>
    <c>0.024390243902439</c>
    <g>0.0</g>
    <t>0.804878048780488</t>
   </pm-column>
   <pm-column position='7'>
    <a>0.0</a>
    <c>0.0</c>
    <g>0.0</g>
    <t>1.0</t>
   </pm-column>
  </PPM>
  <PWM length='7'>
   <pm-column position='1'>
    <a>0.877450898557891</a>
    <c>-0.693147180559945</c>
    <g>-0.241162056816888</g>
    <t>-1.17272026082183</t>
   </pm-column>
   <pm-column position='2'>
    <a>0.436717651612269</a>
    <c>-0.693147180559945</c>
    <g>-3.73766961828337</g>
    <t>0.656779536389071</t>
   </pm-column>
   <pm-column position='3'>
    <a>-0.241162056816888</a>
    <c>-0.693147180559945</c>
    <g>-0.904456274227152</g>
    <t>0.837041360220014</t>
   </pm-column>
   <pm-column position='4'>
    <a>1.02450431651439</a>
    <c>-0.126751705639144</c>
    <g>-3.73766961828337</g>
    <t>-1.17272026082183</t>
   </pm-column>
   <pm-column position='5'>
    <a>1.18231130754476</a>
    <c>-3.73766961828337</c>
    <g>-1.17272026082183</g>
    <t>-0.904456274227152</t>
   </pm-column>
   <pm-column position='6'>
    <a>-0.370373788296894</a>
    <c>-2.12823170584927</c>
    <g>-3.73766961828337</g>
    <t>1.15267950993839</t>
   </pm-column>
   <pm-column position='7'>
    <a>-3.73766961828337</a>
    <c>-3.73766961828337</c>
    <g>-3.73766961828337</g>
    <t>1.36827585561721</t>
   </pm-column>
  </PWM>
 </motif>
</smallbismark>