<?xml version='1.0' encoding='UTF-8'?>
<smallbismark>
 <comment name='WARNING'>This is a draft version of small-BiSMark. Specification is the subject to change!</comment>
 <motif name='bcd' id='BCD.MTF'>
  <PCM length='9'>
   <pm-column position='1'>
    <a>16</a>
    <c>15</c>
    <g>7</g>
    <t>10</t>
   </pm-column>
   <pm-column position='2'>
    <a>13</a>
    <c>19</c>
    <g>12</g>
    <t>4</t>
   </pm-column>
   <pm-column position='3'>
    <a>17</a>
    <c>2</c>
    <g>28</g>
    <t>1</t>
   </pm-column>
   <pm-column position='4'>
    <a>6</a>
    <c>0</c>
    <g>41</g>
    <t>1</t>
   </pm-column>
   <pm-column position='5'>
    <a>31</a>
    <c>17</c>
    <g>0</g>
    <t>0</t>
   </pm-column>
   <pm-column position='6'>
    <a>0</a>
    <c>0</c>
    <g>0</g>
    <t>48</t>
   </pm-column>
   <pm-column position='7'>
    <a>1</a>
    <c>1</c>
    <g>0</g>
    <t>46</t>
   </pm-column>
   <pm-column position='8'>
    <a>35</a>
    <c>1</c>
    <g>3</g>
    <t>9</t>
   </pm-column>
   <pm-column position='9'>
    <a>17</a>
    <c>2</c>
    <g>18</g>
    <t>11</t>
   </pm-column>
  </PCM>
  <PPM length='9'>
   <pm-column position='1'>
    <a>0.333333333333333</a>
    <c>0.3125</c>
    <g>0.145833333333333</g>
    <t>0.208333333333333</t>
   </pm-column>
   <pm-column position='2'>
    <a>0.270833333333333</a>
    <c>0.395833333333333</c>
    <g>0.25</g>
    <t>0.0833333333333333</t>
   </pm-column>
   <pm-column position='3'>
    <a>0.354166666666667</a>
    <c>0.0416666666666667</c>
    <g>0.583333333333333</g>
    <t>0.0208333333333333</t>
   </pm-column>
   <pm-column position='4'>
    <a>0.125</a>
    <c>0.0</c>
    <g>0.854166666666667</g>
    <t>0.0208333333333333</t>
   </pm-column>
   <pm-column position='5'>
    <a>0.645833333333333</a>
    <c>0.354166666666667</c>
    <g>0.0</g>
    <t>0.0</t>
   </pm-column>
   <pm-column position='6'>
    <a>0.0</a>
    <c>0.0</c>
    <g>0.0</g>
    <t>1.0</t>
   </pm-column>
   <pm-column position='7'>
    <a>0.0208333333333333</a>
    <c>0.0208333333333333</c>
    <g>0.0</g>
    <t>0.958333333333333</t>
   </pm-column>
   <pm-column position='8'>
    <a>0.729166666666667</a>
    <c>0.0208333333333333</c>
    <g>0.0625</g>
    <t>0.1875</t>
   </pm-column>
   <pm-column position='9'>
    <a>0.354166666666667</a>
    <c>0.0416666666666667</c>
    <g>0.375</g>
    <t>0.229166666666667</t>
   </pm-column>
  </PPM>
  <PWM length='9'>
   <pm-column position='1'>
    <a>0.28256697178501</a>
    <c>0.219053566062685</c>
    <g>-0.524524468124153</g>
    <t>-0.178248231406319</t>
   </pm-column>
   <pm-column position='2'>
    <a>0.0784716154414953</a>
    <c>0.451985123743057</c>
    <g>0.0</g>
    <t>-1.05860695405441</t>
   </pm-column>
   <pm-column position='3'>
    <a>0.342286206486633</a>
    <c>-1.69459572077441</c>
    <g>0.835567520601714</g>
    <t>-2.28238238567653</t>
   </pm-column>
   <pm-column position='4'>
    <a>-0.672944473242426</a>
    <c>-3.89182029811063</c>
    <g>1.21412517578995</g>
    <t>-2.28238238567653</t>
   </pm-column>
   <pm-column position='5'>
    <a>0.936493439191674</a>
    <c>0.342286206486633</c>
    <g>-3.89182029811063</g>
    <t>-3.89182029811063</t>
   </pm-column>
   <pm-column position='6'>
    <a>-3.89182029811063</a>
    <c>-3.89182029811063</c>
    <g>-3.89182029811063</g>
    <t>1.37086989079426</t>
   </pm-column>
   <pm-column position='7'>
    <a>-2.28238238567653</a>
    <c>-2.28238238567653</c>
    <g>-3.89182029811063</g>
    <t>1.3285355269677</t>
   </pm-column>
   <pm-column position='8'>
    <a>1.05693959226754</a>
    <c>-2.28238238567653</c>
    <g>-1.32687094064909</g>
    <t>-0.280902385466402</t>
   </pm-column>
   <pm-column position='9'>
    <a>0.342286206486633</a>
    <c>-1.69459572077441</c>
    <g>0.398639143037765</g>
    <t>-0.0851578083403068</t>
   </pm-column>
  </PWM>
 </motif>
</smallbismark>