<?xml version='1.0' encoding='UTF-8'?>
<smallbismark>
 <comment name='WARNING'>This is a draft version of small-BiSMark. Specification is the subject to change!</comment>
 <motif name='br-Z4' id='BR_Z4.MTF'>
  <PCM length='8'>
   <pm-column position='1'>
    <a>0</a>
    <c>0</c>
    <g>0</g>
    <t>8</t>
   </pm-column>
   <pm-column position='2'>
    <a>6</a>
    <c>0</c>
    <g>0</g>
    <t>2</t>
   </pm-column>
   <pm-column position='3'>
    <a>8</a>
    <c>0</c>
    <g>0</g>
    <t>0</t>
   </pm-column>
   <pm-column position='4'>
    <a>1</a>
    <c>2</c>
    <g>1</g>
    <t>4</t>
   </pm-column>
   <pm-column position='5'>
    <a>0</a>
    <c>2</c>
    <g>0</g>
    <t>6</t>
   </pm-column>
   <pm-column position='6'>
    <a>8</a>
    <c>0</c>
    <g>0</g>
    <t>0</t>
   </pm-column>
   <pm-column position='7'>
    <a>2</a>
    <c>0</c>
    <g>2</g>
    <t>4</t>
   </pm-column>
   <pm-column position='8'>
    <a>1</a>
    <c>0</c>
    <g>0</g>
    <t>7</t>
   </pm-column>
  </PCM>
  <PPM length='8'>
   <pm-column position='1'>
    <a>0.0</a>
    <c>0.0</c>
    <g>0.0</g>
    <t>1.0</t>
   </pm-column>
   <pm-column position='2'>
    <a>0.75</a>
    <c>0.0</c>
    <g>0.0</g>
    <t>0.25</t>
   </pm-column>
   <pm-column position='3'>
    <a>1.0</a>
    <c>0.0</c>
    <g>0.0</g>
    <t>0.0</t>
   </pm-column>
   <pm-column position='4'>
    <a>0.125</a>
    <c>0.25</c>
    <g>0.125</g>
    <t>0.5</t>
   </pm-column>
   <pm-column position='5'>
    <a>0.0</a>
    <c>0.25</c>
    <g>0.0</g>
    <t>0.75</t>
   </pm-column>
   <pm-column position='6'>
    <a>1.0</a>
    <c>0.0</c>
    <g>0.0</g>
    <t>0.0</t>
   </pm-column>
   <pm-column position='7'>
    <a>0.25</a>
    <c>0.0</c>
    <g>0.25</g>
    <t>0.5</t>
   </pm-column>
   <pm-column position='8'>
    <a>0.125</a>
    <c>0.0</c>
    <g>0.0</g>
    <t>0.875</t>
   </pm-column>
  </PPM>
  <PWM length='8'>
   <pm-column position='1'>
    <a>-2.19722457733622</a>
    <c>-2.19722457733622</c>
    <g>-2.19722457733622</g>
    <t>1.29928298413026</t>
   </pm-column>
   <pm-column position='2'>
    <a>1.02165124753198</a>
    <c>-2.19722457733622</c>
    <g>-2.19722457733622</g>
    <t>0.0</t>
   </pm-column>
   <pm-column position='3'>
    <a>1.29928298413026</a>
    <c>-2.19722457733622</c>
    <g>-2.19722457733622</g>
    <t>-2.19722457733622</t>
   </pm-column>
   <pm-column position='4'>
    <a>-0.587786664902119</a>
    <c>0.0</c>
    <g>-0.587786664902119</g>
    <t>0.635988766719997</t>
   </pm-column>
   <pm-column position='5'>
    <a>-2.19722457733622</a>
    <c>0.0</c>
    <g>-2.19722457733622</g>
    <t>1.02165124753198</t>
   </pm-column>
   <pm-column position='6'>
    <a>1.29928298413026</a>
    <c>-2.19722457733622</c>
    <g>-2.19722457733622</g>
    <t>-2.19722457733622</t>
   </pm-column>
   <pm-column position='7'>
    <a>0.0</a>
    <c>-2.19722457733622</c>
    <g>0.0</g>
    <t>0.635988766719997</t>
   </pm-column>
   <pm-column position='8'>
    <a>-0.587786664902119</a>
    <c>-2.19722457733622</c>
    <g>-2.19722457733622</g>
    <t>1.17007125265025</t>
   </pm-column>
  </PWM>
 </motif>
</smallbismark>