<?xml version='1.0' encoding='UTF-8'?>
<smallbismark>
 <comment name='WARNING'>This is a draft version of small-BiSMark. Specification is the subject to change!</comment>
 <motif name='br-Z3' id='BR_Z3.MTF'>
  <PCM length='9'>
   <pm-column position='1'>
    <a>4</a>
    <c>0</c>
    <g>2</g>
    <t>10</t>
   </pm-column>
   <pm-column position='2'>
    <a>13</a>
    <c>3</c>
    <g>0</g>
    <t>0</t>
   </pm-column>
   <pm-column position='3'>
    <a>8</a>
    <c>0</c>
    <g>2</g>
    <t>6</t>
   </pm-column>
   <pm-column position='4'>
    <a>15</a>
    <c>0</c>
    <g>0</g>
    <t>1</t>
   </pm-column>
   <pm-column position='5'>
    <a>1</a>
    <c>12</c>
    <g>1</g>
    <t>2</t>
   </pm-column>
   <pm-column position='6'>
    <a>8</a>
    <c>0</c>
    <g>0</g>
    <t>8</t>
   </pm-column>
   <pm-column position='7'>
    <a>16</a>
    <c>0</c>
    <g>0</g>
    <t>0</t>
   </pm-column>
   <pm-column position='8'>
    <a>8</a>
    <c>0</c>
    <g>4</g>
    <t>4</t>
   </pm-column>
   <pm-column position='9'>
    <a>8</a>
    <c>0</c>
    <g>1</g>
    <t>7</t>
   </pm-column>
  </PCM>
  <PPM length='9'>
   <pm-column position='1'>
    <a>0.25</a>
    <c>0.0</c>
    <g>0.125</g>
    <t>0.625</t>
   </pm-column>
   <pm-column position='2'>
    <a>0.8125</a>
    <c>0.1875</c>
    <g>0.0</g>
    <t>0.0</t>
   </pm-column>
   <pm-column position='3'>
    <a>0.5</a>
    <c>0.0</c>
    <g>0.125</g>
    <t>0.375</t>
   </pm-column>
   <pm-column position='4'>
    <a>0.9375</a>
    <c>0.0</c>
    <g>0.0</g>
    <t>0.0625</t>
   </pm-column>
   <pm-column position='5'>
    <a>0.0625</a>
    <c>0.75</c>
    <g>0.0625</g>
    <t>0.125</t>
   </pm-column>
   <pm-column position='6'>
    <a>0.5</a>
    <c>0.0</c>
    <g>0.0</g>
    <t>0.5</t>
   </pm-column>
   <pm-column position='7'>
    <a>1.0</a>
    <c>0.0</c>
    <g>0.0</g>
    <t>0.0</t>
   </pm-column>
   <pm-column position='8'>
    <a>0.5</a>
    <c>0.0</c>
    <g>0.25</g>
    <t>0.25</t>
   </pm-column>
   <pm-column position='9'>
    <a>0.5</a>
    <c>0.0</c>
    <g>0.0625</g>
    <t>0.4375</t>
   </pm-column>
  </PPM>
  <PWM length='9'>
   <pm-column position='1'>
    <a>0.0</a>
    <c>-2.83321334405622</c>
    <g>-0.635988766719997</g>
    <t>0.880358722648092</t>
   </pm-column>
   <pm-column position='2'>
    <a>1.13707856949591</a>
    <c>-0.268263986594679</c>
    <g>-2.83321334405622</g>
    <t>-2.83321334405622</t>
   </pm-column>
   <pm-column position='3'>
    <a>0.663294217410264</a>
    <c>-2.83321334405622</c>
    <g>-0.635988766719997</g>
    <t>0.385662480811985</t>
   </pm-column>
   <pm-column position='4'>
    <a>1.2776605201171</a>
    <c>-2.83321334405622</c>
    <g>-2.83321334405622</g>
    <t>-1.22377543162212</t>
   </pm-column>
   <pm-column position='5'>
    <a>-1.22377543162212</a>
    <c>1.05860695405441</c>
    <g>-1.22377543162212</g>
    <t>-0.635988766719997</t>
   </pm-column>
   <pm-column position='6'>
    <a>0.663294217410264</a>
    <c>-2.83321334405622</c>
    <g>-2.83321334405622</g>
    <t>0.663294217410264</t>
   </pm-column>
   <pm-column position='7'>
    <a>1.34117392583942</a>
    <c>-2.83321334405622</c>
    <g>-2.83321334405622</g>
    <t>-2.83321334405622</t>
   </pm-column>
   <pm-column position='8'>
    <a>0.663294217410264</a>
    <c>-2.83321334405622</c>
    <g>0.0</g>
    <t>0.0</t>
   </pm-column>
   <pm-column position='9'>
    <a>0.663294217410264</a>
    <c>-2.83321334405622</c>
    <g>-1.22377543162212</g>
    <t>0.534082485930258</t>
   </pm-column>
  </PWM>
 </motif>
</smallbismark>