<?xml version='1.0' encoding='UTF-8'?>
<smallbismark>
 <comment name='WARNING'>This is a draft version of small-BiSMark. Specification is the subject to change!</comment>
 <motif name='brk' id='BRK.MTF'>
  <PCM length='8'>
   <pm-column position='1'>
    <a>1</a>
    <c>5</c>
    <g>4</g>
    <t>0</t>
   </pm-column>
   <pm-column position='2'>
    <a>0</a>
    <c>5</c>
    <g>0</g>
    <t>5</t>
   </pm-column>
   <pm-column position='3'>
    <a>0</a>
    <c>0</c>
    <g>10</g>
    <t>0</t>
   </pm-column>
   <pm-column position='4'>
    <a>0</a>
    <c>0</c>
    <g>10</g>
    <t>0</t>
   </pm-column>
   <pm-column position='5'>
    <a>1</a>
    <c>9</c>
    <g>0</g>
    <t>0</t>
   </pm-column>
   <pm-column position='6'>
    <a>1</a>
    <c>0</c>
    <g>9</g>
    <t>0</t>
   </pm-column>
   <pm-column position='7'>
    <a>0</a>
    <c>8</c>
    <g>0</g>
    <t>2</t>
   </pm-column>
   <pm-column position='8'>
    <a>0</a>
    <c>6</c>
    <g>0</g>
    <t>4</t>
   </pm-column>
  </PCM>
  <PPM length='8'>
   <pm-column position='1'>
    <a>0.1</a>
    <c>0.5</c>
    <g>0.4</g>
    <t>0.0</t>
   </pm-column>
   <pm-column position='2'>
    <a>0.0</a>
    <c>0.5</c>
    <g>0.0</g>
    <t>0.5</t>
   </pm-column>
   <pm-column position='3'>
    <a>0.0</a>
    <c>0.0</c>
    <g>1.0</g>
    <t>0.0</t>
   </pm-column>
   <pm-column position='4'>
    <a>0.0</a>
    <c>0.0</c>
    <g>1.0</g>
    <t>0.0</t>
   </pm-column>
   <pm-column position='5'>
    <a>0.1</a>
    <c>0.9</c>
    <g>0.0</g>
    <t>0.0</t>
   </pm-column>
   <pm-column position='6'>
    <a>0.1</a>
    <c>0.0</c>
    <g>0.9</g>
    <t>0.0</t>
   </pm-column>
   <pm-column position='7'>
    <a>0.0</a>
    <c>0.8</c>
    <g>0.0</g>
    <t>0.2</t>
   </pm-column>
   <pm-column position='8'>
    <a>0.0</a>
    <c>0.6</c>
    <g>0.0</g>
    <t>0.4</t>
   </pm-column>
  </PPM>
  <PWM length='8'>
   <pm-column position='1'>
    <a>-0.78845736036427</a>
    <c>0.646627164925052</c>
    <g>0.435318071257846</g>
    <t>-2.39789527279837</t>
   </pm-column>
   <pm-column position='2'>
    <a>-2.39789527279837</a>
    <c>0.646627164925052</c>
    <g>-2.39789527279837</g>
    <t>0.646627164925052</t>
   </pm-column>
   <pm-column position='3'>
    <a>-2.39789527279837</a>
    <c>-2.39789527279837</c>
    <g>1.31567679390594</g>
    <t>-2.39789527279837</t>
   </pm-column>
   <pm-column position='4'>
    <a>-2.39789527279837</a>
    <c>-2.39789527279837</c>
    <g>1.31567679390594</g>
    <t>-2.39789527279837</t>
   </pm-column>
   <pm-column position='5'>
    <a>-0.78845736036427</a>
    <c>1.21302263984585</c>
    <g>-2.39789527279837</g>
    <t>-2.39789527279837</t>
   </pm-column>
   <pm-column position='6'>
    <a>-0.78845736036427</a>
    <c>-2.39789527279837</c>
    <g>1.21302263984585</g>
    <t>-2.39789527279837</t>
   </pm-column>
   <pm-column position='7'>
    <a>-2.39789527279837</a>
    <c>1.09861228866811</c>
    <g>-2.39789527279837</g>
    <t>-0.200670695462151</t>
   </pm-column>
   <pm-column position='8'>
    <a>-2.39789527279837</a>
    <c>0.82098055206983</c>
    <g>-2.39789527279837</g>
    <t>0.435318071257846</t>
   </pm-column>
  </PWM>
 </motif>
</smallbismark>