<?xml version='1.0' encoding='UTF-8'?>
<smallbismark>
 <comment name='WARNING'>This is a draft version of small-BiSMark. Specification is the subject to change!</comment>
 <motif name='Deaf1' id='DEAF1.MTF'>
  <PCM length='10'>
   <pm-column position='1'>
    <a>7</a>
    <c>2</c>
    <g>1</g>
    <t>0</t>
   </pm-column>
   <pm-column position='2'>
    <a>0</a>
    <c>1</c>
    <g>9</g>
    <t>0</t>
   </pm-column>
   <pm-column position='3'>
    <a>0</a>
    <c>7</c>
    <g>0</g>
    <t>3</t>
   </pm-column>
   <pm-column position='4'>
    <a>0</a>
    <c>3</c>
    <g>4</g>
    <t>3</t>
   </pm-column>
   <pm-column position='5'>
    <a>4</a>
    <c>4</c>
    <g>0</g>
    <t>2</t>
   </pm-column>
   <pm-column position='6'>
    <a>0</a>
    <c>0</c>
    <g>3</g>
    <t>7</t>
   </pm-column>
   <pm-column position='7'>
    <a>0</a>
    <c>0</c>
    <g>1</g>
    <t>9</t>
   </pm-column>
   <pm-column position='8'>
    <a>0</a>
    <c>9</c>
    <g>0</g>
    <t>1</t>
   </pm-column>
   <pm-column position='9'>
    <a>0</a>
    <c>1</c>
    <g>9</g>
    <t>0</t>
   </pm-column>
   <pm-column position='10'>
    <a>0</a>
    <c>0</c>
    <g>8</g>
    <t>2</t>
   </pm-column>
  </PCM>
  <PPM length='10'>
   <pm-column position='1'>
    <a>0.7</a>
    <c>0.2</c>
    <g>0.1</g>
    <t>0.0</t>
   </pm-column>
   <pm-column position='2'>
    <a>0.0</a>
    <c>0.1</c>
    <g>0.9</g>
    <t>0.0</t>
   </pm-column>
   <pm-column position='3'>
    <a>0.0</a>
    <c>0.7</c>
    <g>0.0</g>
    <t>0.3</t>
   </pm-column>
   <pm-column position='4'>
    <a>0.0</a>
    <c>0.3</c>
    <g>0.4</g>
    <t>0.3</t>
   </pm-column>
   <pm-column position='5'>
    <a>0.4</a>
    <c>0.4</c>
    <g>0.0</g>
    <t>0.2</t>
   </pm-column>
   <pm-column position='6'>
    <a>0.0</a>
    <c>0.0</c>
    <g>0.3</g>
    <t>0.7</t>
   </pm-column>
   <pm-column position='7'>
    <a>0.0</a>
    <c>0.0</c>
    <g>0.1</g>
    <t>0.9</t>
   </pm-column>
   <pm-column position='8'>
    <a>0.0</a>
    <c>0.9</c>
    <g>0.0</g>
    <t>0.1</t>
   </pm-column>
   <pm-column position='9'>
    <a>0.0</a>
    <c>0.1</c>
    <g>0.9</g>
    <t>0.0</t>
   </pm-column>
   <pm-column position='10'>
    <a>0.0</a>
    <c>0.0</c>
    <g>0.8</g>
    <t>0.2</t>
   </pm-column>
  </PPM>
  <PWM length='10'>
   <pm-column position='1'>
    <a>0.969400557188103</a>
    <c>-0.200670695462151</c>
    <g>-0.78845736036427</g>
    <t>-2.39789527279837</t>
   </pm-column>
   <pm-column position='2'>
    <a>-2.39789527279837</a>
    <c>-0.78845736036427</c>
    <g>1.21302263984585</g>
    <t>-2.39789527279837</t>
   </pm-column>
   <pm-column position='3'>
    <a>-2.39789527279837</a>
    <c>0.969400557188103</c>
    <g>-2.39789527279837</g>
    <t>0.167054084663166</t>
   </pm-column>
   <pm-column position='4'>
    <a>-2.39789527279837</a>
    <c>0.167054084663166</c>
    <g>0.435318071257846</g>
    <t>0.167054084663166</t>
   </pm-column>
   <pm-column position='5'>
    <a>0.435318071257846</a>
    <c>0.435318071257846</c>
    <g>-2.39789527279837</g>
    <t>-0.200670695462151</t>
   </pm-column>
   <pm-column position='6'>
    <a>-2.39789527279837</a>
    <c>-2.39789527279837</c>
    <g>0.167054084663166</g>
    <t>0.969400557188103</t>
   </pm-column>
   <pm-column position='7'>
    <a>-2.39789527279837</a>
    <c>-2.39789527279837</c>
    <g>-0.78845736036427</g>
    <t>1.21302263984585</t>
   </pm-column>
   <pm-column position='8'>
    <a>-2.39789527279837</a>
    <c>1.21302263984585</c>
    <g>-2.39789527279837</g>
    <t>-0.78845736036427</t>
   </pm-column>
   <pm-column position='9'>
    <a>-2.39789527279837</a>
    <c>-0.78845736036427</c>
    <g>1.21302263984585</g>
    <t>-2.39789527279837</t>
   </pm-column>
   <pm-column position='10'>
    <a>-2.39789527279837</a>
    <c>-2.39789527279837</c>
    <g>1.09861228866811</g>
    <t>-0.200670695462151</t>
   </pm-column>
  </PWM>
 </motif>
</smallbismark>