<?xml version='1.0' encoding='UTF-8'?>
<smallbismark>
 <comment name='WARNING'>This is a draft version of small-BiSMark. Specification is the subject to change!</comment>
 <motif name='dl' id='DL.MTF'>
  <PCM length='9'>
   <pm-column position='1'>
    <a>2</a>
    <c>3</c>
    <g>23</g>
    <t>10</t>
   </pm-column>
   <pm-column position='2'>
    <a>3</a>
    <c>1</c>
    <g>22</g>
    <t>12</t>
   </pm-column>
   <pm-column position='3'>
    <a>24</a>
    <c>1</c>
    <g>13</g>
    <t>0</t>
   </pm-column>
   <pm-column position='4'>
    <a>8</a>
    <c>3</c>
    <g>1</g>
    <t>26</t>
   </pm-column>
   <pm-column position='5'>
    <a>3</a>
    <c>0</c>
    <g>2</g>
    <t>33</t>
   </pm-column>
   <pm-column position='6'>
    <a>0</a>
    <c>0</c>
    <g>2</g>
    <t>36</t>
   </pm-column>
   <pm-column position='7'>
    <a>1</a>
    <c>6</c>
    <g>1</g>
    <t>30</t>
   </pm-column>
   <pm-column position='8'>
    <a>0</a>
    <c>27</c>
    <g>0</g>
    <t>11</t>
   </pm-column>
   <pm-column position='9'>
    <a>1</a>
    <c>33</c>
    <g>0</g>
    <t>4</t>
   </pm-column>
  </PCM>
  <PPM length='9'>
   <pm-column position='1'>
    <a>0.0526315789473684</a>
    <c>0.0789473684210526</c>
    <g>0.605263157894737</g>
    <t>0.263157894736842</t>
   </pm-column>
   <pm-column position='2'>
    <a>0.0789473684210526</a>
    <c>0.0263157894736842</c>
    <g>0.578947368421053</g>
    <t>0.315789473684211</t>
   </pm-column>
   <pm-column position='3'>
    <a>0.631578947368421</a>
    <c>0.0263157894736842</c>
    <g>0.342105263157895</g>
    <t>0.0</t>
   </pm-column>
   <pm-column position='4'>
    <a>0.210526315789474</a>
    <c>0.0789473684210526</c>
    <g>0.0263157894736842</g>
    <t>0.684210526315789</t>
   </pm-column>
   <pm-column position='5'>
    <a>0.0789473684210526</a>
    <c>0.0</c>
    <g>0.0526315789473684</g>
    <t>0.868421052631579</t>
   </pm-column>
   <pm-column position='6'>
    <a>0.0</a>
    <c>0.0</c>
    <g>0.0526315789473684</g>
    <t>0.947368421052632</t>
   </pm-column>
   <pm-column position='7'>
    <a>0.0263157894736842</a>
    <c>0.157894736842105</c>
    <g>0.0263157894736842</g>
    <t>0.789473684210526</t>
   </pm-column>
   <pm-column position='8'>
    <a>0.0</a>
    <c>0.710526315789474</c>
    <g>0.0</g>
    <t>0.289473684210526</t>
   </pm-column>
   <pm-column position='9'>
    <a>0.0263157894736842</a>
    <c>0.868421052631579</c>
    <g>0.0</g>
    <t>0.105263157894737</t>
   </pm-column>
  </PPM>
  <PWM length='9'>
   <pm-column position='1'>
    <a>-1.46633706879343</a>
    <c>-1.09861228866811</c>
    <g>0.86903784702361</g>
    <t>0.0500104205746614</t>
   </pm-column>
   <pm-column position='2'>
    <a>-1.09861228866811</a>
    <c>-2.05412373369555</c>
    <g>0.825074723602493</g>
    <t>0.22825865198098</t>
   </pm-column>
   <pm-column position='3'>
    <a>0.911149332373736</a>
    <c>-2.05412373369555</c>
    <g>0.306730267422475</g>
    <t>-3.66356164612965</t>
   </pm-column>
   <pm-column position='4'>
    <a>-0.167054084663166</a>
    <c>-1.09861228866811</c>
    <g>-2.05412373369555</g>
    <t>0.990398704027877</t>
   </pm-column>
   <pm-column position='5'>
    <a>-1.09861228866811</a>
    <c>-3.66356164612965</c>
    <g>-1.46633706879343</g>
    <t>1.22678748209211</t>
   </pm-column>
   <pm-column position='6'>
    <a>-3.66356164612965</a>
    <c>-3.66356164612965</c>
    <g>-1.46633706879343</g>
    <t>1.31317209629093</t>
   </pm-column>
   <pm-column position='7'>
    <a>-2.05412373369555</a>
    <c>-0.444685821261446</c>
    <g>-2.05412373369555</g>
    <t>1.13222889946709</t>
   </pm-column>
   <pm-column position='8'>
    <a>-3.66356164612965</a>
    <c>1.0277862360995</c>
    <g>-3.66356164612965</g>
    <t>0.143100843640673</t>
   </pm-column>
   <pm-column position='9'>
    <a>-2.05412373369555</a>
    <c>1.22678748209211</c>
    <g>-3.66356164612965</g>
    <t>-0.83034830207343</t>
   </pm-column>
  </PWM>
 </motif>
</smallbismark>