<?xml version='1.0' encoding='UTF-8'?>
<smallbismark>
 <comment name='WARNING'>This is a draft version of small-BiSMark. Specification is the subject to change!</comment>
 <motif name='Eip74EF' id='EIP74EF.MTF'>
  <PCM length='9'>
   <pm-column position='1'>
    <a>6</a>
    <c>0</c>
    <g>1</g>
    <t>1</t>
   </pm-column>
   <pm-column position='2'>
    <a>2</a>
    <c>1</c>
    <g>1</g>
    <t>4</t>
   </pm-column>
   <pm-column position='3'>
    <a>5</a>
    <c>0</c>
    <g>1</g>
    <t>2</t>
   </pm-column>
   <pm-column position='4'>
    <a>1</a>
    <c>5</c>
    <g>1</g>
    <t>1</t>
   </pm-column>
   <pm-column position='5'>
    <a>0</a>
    <c>0</c>
    <g>0</g>
    <t>8</t>
   </pm-column>
   <pm-column position='6'>
    <a>0</a>
    <c>0</c>
    <g>0</g>
    <t>8</t>
   </pm-column>
   <pm-column position='7'>
    <a>0</a>
    <c>8</c>
    <g>0</g>
    <t>0</t>
   </pm-column>
   <pm-column position='8'>
    <a>0</a>
    <c>7</c>
    <g>0</g>
    <t>1</t>
   </pm-column>
   <pm-column position='9'>
    <a>0</a>
    <c>0</c>
    <g>2</g>
    <t>6</t>
   </pm-column>
  </PCM>
  <PPM length='9'>
   <pm-column position='1'>
    <a>0.75</a>
    <c>0.0</c>
    <g>0.125</g>
    <t>0.125</t>
   </pm-column>
   <pm-column position='2'>
    <a>0.25</a>
    <c>0.125</c>
    <g>0.125</g>
    <t>0.5</t>
   </pm-column>
   <pm-column position='3'>
    <a>0.625</a>
    <c>0.0</c>
    <g>0.125</g>
    <t>0.25</t>
   </pm-column>
   <pm-column position='4'>
    <a>0.125</a>
    <c>0.625</c>
    <g>0.125</g>
    <t>0.125</t>
   </pm-column>
   <pm-column position='5'>
    <a>0.0</a>
    <c>0.0</c>
    <g>0.0</g>
    <t>1.0</t>
   </pm-column>
   <pm-column position='6'>
    <a>0.0</a>
    <c>0.0</c>
    <g>0.0</g>
    <t>1.0</t>
   </pm-column>
   <pm-column position='7'>
    <a>0.0</a>
    <c>1.0</c>
    <g>0.0</g>
    <t>0.0</t>
   </pm-column>
   <pm-column position='8'>
    <a>0.0</a>
    <c>0.875</c>
    <g>0.0</g>
    <t>0.125</t>
   </pm-column>
   <pm-column position='9'>
    <a>0.0</a>
    <c>0.0</c>
    <g>0.25</g>
    <t>0.75</t>
   </pm-column>
  </PPM>
  <PWM length='9'>
   <pm-column position='1'>
    <a>1.02165124753198</a>
    <c>-2.19722457733622</c>
    <g>-0.587786664902119</g>
    <t>-0.587786664902119</t>
   </pm-column>
   <pm-column position='2'>
    <a>0.0</a>
    <c>-0.587786664902119</c>
    <g>-0.587786664902119</g>
    <t>0.635988766719997</t>
   </pm-column>
   <pm-column position='3'>
    <a>0.847297860387204</a>
    <c>-2.19722457733622</c>
    <g>-0.587786664902119</g>
    <t>0.0</t>
   </pm-column>
   <pm-column position='4'>
    <a>-0.587786664902119</a>
    <c>0.847297860387204</c>
    <g>-0.587786664902119</g>
    <t>-0.587786664902119</t>
   </pm-column>
   <pm-column position='5'>
    <a>-2.19722457733622</a>
    <c>-2.19722457733622</c>
    <g>-2.19722457733622</g>
    <t>1.29928298413026</t>
   </pm-column>
   <pm-column position='6'>
    <a>-2.19722457733622</a>
    <c>-2.19722457733622</c>
    <g>-2.19722457733622</g>
    <t>1.29928298413026</t>
   </pm-column>
   <pm-column position='7'>
    <a>-2.19722457733622</a>
    <c>1.29928298413026</c>
    <g>-2.19722457733622</g>
    <t>-2.19722457733622</t>
   </pm-column>
   <pm-column position='8'>
    <a>-2.19722457733622</a>
    <c>1.17007125265025</c>
    <g>-2.19722457733622</g>
    <t>-0.587786664902119</t>
   </pm-column>
   <pm-column position='9'>
    <a>-2.19722457733622</a>
    <c>-2.19722457733622</c>
    <g>0.0</g>
    <t>1.02165124753198</t>
   </pm-column>
  </PWM>
 </motif>
</smallbismark>