<?xml version='1.0' encoding='UTF-8'?>
<smallbismark>
 <comment name='WARNING'>This is a draft version of small-BiSMark. Specification is the subject to change!</comment>
 <motif name='prd' id='PRD.MTF'>
  <PCM length='9'>
   <pm-column position='1'>
    <a>3</a>
    <c>3</c>
    <g>4</g>
    <t>1</t>
   </pm-column>
   <pm-column position='2'>
    <a>7</a>
    <c>0</c>
    <g>2</g>
    <t>2</t>
   </pm-column>
   <pm-column position='3'>
    <a>0</a>
    <c>0</c>
    <g>0</g>
    <t>11</t>
   </pm-column>
   <pm-column position='4'>
    <a>0</a>
    <c>0</c>
    <g>1</g>
    <t>10</t>
   </pm-column>
   <pm-column position='5'>
    <a>7</a>
    <c>0</c>
    <g>3</g>
    <t>1</t>
   </pm-column>
   <pm-column position='6'>
    <a>1</a>
    <c>1</c>
    <g>3</g>
    <t>6</t>
   </pm-column>
   <pm-column position='7'>
    <a>1</a>
    <c>9</c>
    <g>1</g>
    <t>0</t>
   </pm-column>
   <pm-column position='8'>
    <a>6</a>
    <c>0</c>
    <g>5</g>
    <t>0</t>
   </pm-column>
   <pm-column position='9'>
    <a>1</a>
    <c>10</c>
    <g>0</g>
    <t>0</t>
   </pm-column>
  </PCM>
  <PPM length='9'>
   <pm-column position='1'>
    <a>0.272727272727273</a>
    <c>0.272727272727273</c>
    <g>0.363636363636364</g>
    <t>0.0909090909090909</t>
   </pm-column>
   <pm-column position='2'>
    <a>0.636363636363636</a>
    <c>0.0</c>
    <g>0.181818181818182</g>
    <t>0.181818181818182</t>
   </pm-column>
   <pm-column position='3'>
    <a>0.0</a>
    <c>0.0</c>
    <g>0.0</g>
    <t>1.0</t>
   </pm-column>
   <pm-column position='4'>
    <a>0.0</a>
    <c>0.0</c>
    <g>0.0909090909090909</g>
    <t>0.909090909090909</t>
   </pm-column>
   <pm-column position='5'>
    <a>0.636363636363636</a>
    <c>0.0</c>
    <g>0.272727272727273</g>
    <t>0.0909090909090909</t>
   </pm-column>
   <pm-column position='6'>
    <a>0.0909090909090909</a>
    <c>0.0909090909090909</c>
    <g>0.272727272727273</g>
    <t>0.545454545454545</t>
   </pm-column>
   <pm-column position='7'>
    <a>0.0909090909090909</a>
    <c>0.818181818181818</c>
    <g>0.0909090909090909</g>
    <t>0.0</t>
   </pm-column>
   <pm-column position='8'>
    <a>0.545454545454545</a>
    <c>0.0</c>
    <g>0.454545454545455</g>
    <t>0.0</t>
   </pm-column>
   <pm-column position='9'>
    <a>0.0909090909090909</a>
    <c>0.909090909090909</c>
    <g>0.0</g>
    <t>0.0</t>
   </pm-column>
  </PPM>
  <PWM length='9'>
   <pm-column position='1'>
    <a>0.0800427076735364</a>
    <c>0.0800427076735364</c>
    <g>0.348306694268216</g>
    <t>-0.8754687373539</t>
   </pm-column>
   <pm-column position='2'>
    <a>0.882389180198474</a>
    <c>-2.484906649788</c>
    <g>-0.287682072451781</g>
    <t>-0.287682072451781</t>
   </pm-column>
   <pm-column position='3'>
    <a>-2.484906649788</a>
    <c>-2.484906649788</c>
    <g>-2.484906649788</g>
    <t>1.32175583998232</t>
   </pm-column>
   <pm-column position='4'>
    <a>-2.484906649788</a>
    <c>-2.484906649788</c>
    <g>-0.8754687373539</g>
    <t>1.22866541691631</t>
   </pm-column>
   <pm-column position='5'>
    <a>0.882389180198474</a>
    <c>-2.484906649788</c>
    <g>0.0800427076735364</g>
    <t>-0.8754687373539</t>
   </pm-column>
   <pm-column position='6'>
    <a>-0.8754687373539</a>
    <c>-0.8754687373539</c>
    <g>0.0800427076735364</g>
    <t>0.733969175080201</t>
   </pm-column>
   <pm-column position='7'>
    <a>-0.8754687373539</a>
    <c>1.12601126285622</c>
    <g>-0.8754687373539</g>
    <t>-2.484906649788</t>
   </pm-column>
   <pm-column position='8'>
    <a>0.733969175080201</a>
    <c>-2.484906649788</c>
    <g>0.559615787935423</g>
    <t>-2.484906649788</t>
   </pm-column>
   <pm-column position='9'>
    <a>-0.8754687373539</a>
    <c>1.22866541691631</c>
    <g>-2.484906649788</g>
    <t>-2.484906649788</t>
   </pm-column>
  </PWM>
 </motif>
</smallbismark>