<?xml version='1.0' encoding='UTF-8'?>
<smallbismark>
 <comment name='WARNING'>This is a draft version of small-BiSMark. Specification is the subject to change!</comment>
 <motif name='tin' id='TIN.MTF'>
  <PCM length='8'>
   <pm-column position='1'>
    <a>0</a>
    <c>11</c>
    <g>0</g>
    <t>0</t>
   </pm-column>
   <pm-column position='2'>
    <a>10</a>
    <c>1</c>
    <g>0</g>
    <t>0</t>
   </pm-column>
   <pm-column position='3'>
    <a>0</a>
    <c>11</c>
    <g>0</g>
    <t>0</t>
   </pm-column>
   <pm-column position='4'>
    <a>0</a>
    <c>0</c>
    <g>0</g>
    <t>11</t>
   </pm-column>
   <pm-column position='5'>
    <a>0</a>
    <c>0</c>
    <g>0</g>
    <t>11</t>
   </pm-column>
   <pm-column position='6'>
    <a>2</a>
    <c>1</c>
    <g>8</g>
    <t>0</t>
   </pm-column>
   <pm-column position='7'>
    <a>10</a>
    <c>0</c>
    <g>1</g>
    <t>0</t>
   </pm-column>
   <pm-column position='8'>
    <a>1</a>
    <c>2</c>
    <g>8</g>
    <t>0</t>
   </pm-column>
  </PCM>
  <PPM length='8'>
   <pm-column position='1'>
    <a>0.0</a>
    <c>1.0</c>
    <g>0.0</g>
    <t>0.0</t>
   </pm-column>
   <pm-column position='2'>
    <a>0.909090909090909</a>
    <c>0.0909090909090909</c>
    <g>0.0</g>
    <t>0.0</t>
   </pm-column>
   <pm-column position='3'>
    <a>0.0</a>
    <c>1.0</c>
    <g>0.0</g>
    <t>0.0</t>
   </pm-column>
   <pm-column position='4'>
    <a>0.0</a>
    <c>0.0</c>
    <g>0.0</g>
    <t>1.0</t>
   </pm-column>
   <pm-column position='5'>
    <a>0.0</a>
    <c>0.0</c>
    <g>0.0</g>
    <t>1.0</t>
   </pm-column>
   <pm-column position='6'>
    <a>0.181818181818182</a>
    <c>0.0909090909090909</c>
    <g>0.727272727272727</g>
    <t>0.0</t>
   </pm-column>
   <pm-column position='7'>
    <a>0.909090909090909</a>
    <c>0.0</c>
    <g>0.0909090909090909</g>
    <t>0.0</t>
   </pm-column>
   <pm-column position='8'>
    <a>0.0909090909090909</a>
    <c>0.181818181818182</c>
    <g>0.727272727272727</g>
    <t>0.0</t>
   </pm-column>
  </PPM>
  <PWM length='8'>
   <pm-column position='1'>
    <a>-2.484906649788</a>
    <c>1.32175583998232</c>
    <g>-2.484906649788</g>
    <t>-2.484906649788</t>
   </pm-column>
   <pm-column position='2'>
    <a>1.22866541691631</a>
    <c>-0.8754687373539</c>
    <g>-2.484906649788</g>
    <t>-2.484906649788</t>
   </pm-column>
   <pm-column position='3'>
    <a>-2.484906649788</a>
    <c>1.32175583998232</c>
    <g>-2.484906649788</g>
    <t>-2.484906649788</t>
   </pm-column>
   <pm-column position='4'>
    <a>-2.484906649788</a>
    <c>-2.484906649788</c>
    <g>-2.484906649788</g>
    <t>1.32175583998232</t>
   </pm-column>
   <pm-column position='5'>
    <a>-2.484906649788</a>
    <c>-2.484906649788</c>
    <g>-2.484906649788</g>
    <t>1.32175583998232</t>
   </pm-column>
   <pm-column position='6'>
    <a>-0.287682072451781</a>
    <c>-0.8754687373539</c>
    <g>1.01160091167848</g>
    <t>-2.484906649788</t>
   </pm-column>
   <pm-column position='7'>
    <a>1.22866541691631</a>
    <c>-2.484906649788</c>
    <g>-0.8754687373539</g>
    <t>-2.484906649788</t>
   </pm-column>
   <pm-column position='8'>
    <a>-0.8754687373539</a>
    <c>-0.287682072451781</c>
    <g>1.01160091167848</g>
    <t>-2.484906649788</t>
   </pm-column>
  </PWM>
 </motif>
</smallbismark>