<?xml version='1.0' encoding='UTF-8'?>
<smallbismark>
 <comment name='WARNING'>This is a draft version of small-BiSMark. Specification is the subject to change!</comment>
 <motif name='Trl' id='TRL.MTF'>
  <PCM length='14'>
   <pm-column position='1'>
    <a>23</a>
    <c>9</c>
    <g>39</g>
    <t>6</t>
   </pm-column>
   <pm-column position='2'>
    <a>63</a>
    <c>9</c>
    <g>3</g>
    <t>2</t>
   </pm-column>
   <pm-column position='3'>
    <a>16</a>
    <c>7</c>
    <g>51</g>
    <t>3</t>
   </pm-column>
   <pm-column position='4'>
    <a>31</a>
    <c>14</c>
    <g>8</g>
    <t>24</t>
   </pm-column>
   <pm-column position='5'>
    <a>2</a>
    <c>6</c>
    <g>55</g>
    <t>14</t>
   </pm-column>
   <pm-column position='6'>
    <a>36</a>
    <c>24</c>
    <g>13</g>
    <t>4</t>
   </pm-column>
   <pm-column position='7'>
    <a>25</a>
    <c>12</c>
    <g>37</g>
    <t>3</t>
   </pm-column>
   <pm-column position='8'>
    <a>51</a>
    <c>7</c>
    <g>10</g>
    <t>9</t>
   </pm-column>
   <pm-column position='9'>
    <a>11</a>
    <c>3</c>
    <g>58</g>
    <t>5</t>
   </pm-column>
   <pm-column position='10'>
    <a>65</a>
    <c>12</c>
    <g>0</g>
    <t>0</t>
   </pm-column>
   <pm-column position='11'>
    <a>11</a>
    <c>2</c>
    <g>62</g>
    <t>2</t>
   </pm-column>
   <pm-column position='12'>
    <a>32</a>
    <c>33</c>
    <g>5</g>
    <t>7</t>
   </pm-column>
   <pm-column position='13'>
    <a>39</a>
    <c>8</c>
    <g>23</g>
    <t>7</t>
   </pm-column>
   <pm-column position='14'>
    <a>40</a>
    <c>2</c>
    <g>18</g>
    <t>17</t>
   </pm-column>
  </PCM>
  <PPM length='14'>
   <pm-column position='1'>
    <a>0.298701298701299</a>
    <c>0.116883116883117</c>
    <g>0.506493506493506</g>
    <t>0.0779220779220779</t>
   </pm-column>
   <pm-column position='2'>
    <a>0.818181818181818</a>
    <c>0.116883116883117</c>
    <g>0.038961038961039</g>
    <t>0.025974025974026</t>
   </pm-column>
   <pm-column position='3'>
    <a>0.207792207792208</a>
    <c>0.0909090909090909</c>
    <g>0.662337662337662</g>
    <t>0.038961038961039</t>
   </pm-column>
   <pm-column position='4'>
    <a>0.402597402597403</a>
    <c>0.181818181818182</c>
    <g>0.103896103896104</g>
    <t>0.311688311688312</t>
   </pm-column>
   <pm-column position='5'>
    <a>0.025974025974026</a>
    <c>0.0779220779220779</c>
    <g>0.714285714285714</g>
    <t>0.181818181818182</t>
   </pm-column>
   <pm-column position='6'>
    <a>0.467532467532468</a>
    <c>0.311688311688312</c>
    <g>0.168831168831169</g>
    <t>0.051948051948052</t>
   </pm-column>
   <pm-column position='7'>
    <a>0.324675324675325</a>
    <c>0.155844155844156</c>
    <g>0.480519480519481</g>
    <t>0.038961038961039</t>
   </pm-column>
   <pm-column position='8'>
    <a>0.662337662337662</a>
    <c>0.0909090909090909</c>
    <g>0.12987012987013</g>
    <t>0.116883116883117</t>
   </pm-column>
   <pm-column position='9'>
    <a>0.142857142857143</a>
    <c>0.038961038961039</c>
    <g>0.753246753246753</g>
    <t>0.0649350649350649</t>
   </pm-column>
   <pm-column position='10'>
    <a>0.844155844155844</a>
    <c>0.155844155844156</c>
    <g>0.0</g>
    <t>0.0</t>
   </pm-column>
   <pm-column position='11'>
    <a>0.142857142857143</a>
    <c>0.025974025974026</c>
    <g>0.805194805194805</g>
    <t>0.025974025974026</t>
   </pm-column>
   <pm-column position='12'>
    <a>0.415584415584416</a>
    <c>0.428571428571429</c>
    <g>0.0649350649350649</g>
    <t>0.0909090909090909</t>
   </pm-column>
   <pm-column position='13'>
    <a>0.506493506493506</a>
    <c>0.103896103896104</c>
    <g>0.298701298701299</g>
    <t>0.0909090909090909</t>
   </pm-column>
   <pm-column position='14'>
    <a>0.519480519480519</a>
    <c>0.025974025974026</c>
    <g>0.233766233766234</g>
    <t>0.220779220779221</t>
   </pm-column>
  </PPM>
  <PWM length='14'>
   <pm-column position='1'>
    <a>0.175890666463664</a>
    <c>-0.745790914045367</c>
    <g>0.699536978658716</g>
    <t>-1.13783300182139</t>
   </pm-column>
   <pm-column position='2'>
    <a>1.17668066203793</a>
    <c>-0.745790914045367</c>
    <g>-1.79175946922806</g>
    <t>-2.15948424935337</t>
   </pm-column>
   <pm-column position='3'>
    <a>-0.182321556793955</a>
    <c>-0.989412996703118</c>
    <g>0.966301152448816</g>
    <t>-1.79175946922806</t>
   </pm-column>
   <pm-column position='4'>
    <a>0.471604910612709</a>
    <c>-0.313657558855042</c>
    <g>-0.860201265223111</g>
    <t>0.218002151813791</t>
   </pm-column>
   <pm-column position='5'>
    <a>-2.15948424935337</a>
    <c>-1.13783300182139</c>
    <g>1.04145387482816</g>
    <t>-0.313657558855042</t>
   </pm-column>
   <pm-column position='6'>
    <a>0.620024915730983</a>
    <c>0.218002151813791</c>
    <g>-0.38641691313747</g>
    <t>-1.52349548263338</t>
   </pm-column>
   <pm-column position='7'>
    <a>0.258411690151668</a>
    <c>-0.464888528578965</c>
    <g>0.647237479255868</g>
    <t>-1.79175946922806</t>
   </pm-column>
   <pm-column position='8'>
    <a>0.966301152448816</a>
    <c>-0.989412996703118</c>
    <g>-0.643136759985284</g>
    <t>-0.745790914045367</t>
   </pm-column>
   <pm-column position='9'>
    <a>-0.550046336919272</a>
    <c>-1.79175946922806</c>
    <g>1.09432962687611</g>
    <t>-1.31218638896617</t>
   </pm-column>
   <pm-column position='10'>
    <a>1.2078115806331</a>
    <c>-0.464888528578965</c>
    <g>-4.35670882668959</g>
    <t>-4.35670882668959</t>
   </pm-column>
   <pm-column position='11'>
    <a>-0.550046336919272</a>
    <c>-2.15948424935337</c>
    <g>1.16074406977512</g>
    <t>-2.15948424935337</t>
   </pm-column>
   <pm-column position='12'>
    <a>0.50310357767208</a>
    <c>0.533640301532162</c>
    <g>-1.31218638896617</g>
    <t>-0.989412996703118</t>
   </pm-column>
   <pm-column position='13'>
    <a>0.699536978658716</a>
    <c>-0.860201265223111</c>
    <g>0.175890666463664</g>
    <t>-0.989412996703118</t>
   </pm-column>
   <pm-column position='14'>
    <a>0.724695538294871</a>
    <c>-2.15948424935337</c>
    <g>-0.0662493855412006</g>
    <t>-0.122602322092332</t>
   </pm-column>
  </PWM>
 </motif>
</smallbismark>