<?xml version='1.0' encoding='UTF-8'?>
<smallbismark>
 <comment name='WARNING'>This is a draft version of small-BiSMark. Specification is the subject to change!</comment>
 <motif name='ttk' id='TTK.MTF'>
  <PCM length='8'>
   <pm-column position='1'>
    <a>0</a>
    <c>3</c>
    <g>4</g>
    <t>1</t>
   </pm-column>
   <pm-column position='2'>
    <a>3</a>
    <c>5</c>
    <g>0</g>
    <t>0</t>
   </pm-column>
   <pm-column position='3'>
    <a>7</a>
    <c>0</c>
    <g>1</g>
    <t>0</t>
   </pm-column>
   <pm-column position='4'>
    <a>0</a>
    <c>0</c>
    <g>8</g>
    <t>0</t>
   </pm-column>
   <pm-column position='5'>
    <a>0</a>
    <c>0</c>
    <g>8</g>
    <t>0</t>
   </pm-column>
   <pm-column position='6'>
    <a>8</a>
    <c>0</c>
    <g>0</g>
    <t>0</t>
   </pm-column>
   <pm-column position='7'>
    <a>0</a>
    <c>5</c>
    <g>0</g>
    <t>3</t>
   </pm-column>
   <pm-column position='8'>
    <a>3</a>
    <c>5</c>
    <g>0</g>
    <t>0</t>
   </pm-column>
  </PCM>
  <PPM length='8'>
   <pm-column position='1'>
    <a>0.0</a>
    <c>0.375</c>
    <g>0.5</g>
    <t>0.125</t>
   </pm-column>
   <pm-column position='2'>
    <a>0.375</a>
    <c>0.625</c>
    <g>0.0</g>
    <t>0.0</t>
   </pm-column>
   <pm-column position='3'>
    <a>0.875</a>
    <c>0.0</c>
    <g>0.125</g>
    <t>0.0</t>
   </pm-column>
   <pm-column position='4'>
    <a>0.0</a>
    <c>0.0</c>
    <g>1.0</g>
    <t>0.0</t>
   </pm-column>
   <pm-column position='5'>
    <a>0.0</a>
    <c>0.0</c>
    <g>1.0</g>
    <t>0.0</t>
   </pm-column>
   <pm-column position='6'>
    <a>1.0</a>
    <c>0.0</c>
    <g>0.0</g>
    <t>0.0</t>
   </pm-column>
   <pm-column position='7'>
    <a>0.0</a>
    <c>0.625</c>
    <g>0.0</g>
    <t>0.375</t>
   </pm-column>
   <pm-column position='8'>
    <a>0.375</a>
    <c>0.625</c>
    <g>0.0</g>
    <t>0.0</t>
   </pm-column>
  </PPM>
  <PWM length='8'>
   <pm-column position='1'>
    <a>-2.19722457733622</a>
    <c>0.367724780125317</c>
    <g>0.635988766719997</g>
    <t>-0.587786664902119</t>
   </pm-column>
   <pm-column position='2'>
    <a>0.367724780125317</a>
    <c>0.847297860387204</c>
    <g>-2.19722457733622</g>
    <t>-2.19722457733622</t>
   </pm-column>
   <pm-column position='3'>
    <a>1.17007125265025</a>
    <c>-2.19722457733622</c>
    <g>-0.587786664902119</g>
    <t>-2.19722457733622</t>
   </pm-column>
   <pm-column position='4'>
    <a>-2.19722457733622</a>
    <c>-2.19722457733622</c>
    <g>1.29928298413026</g>
    <t>-2.19722457733622</t>
   </pm-column>
   <pm-column position='5'>
    <a>-2.19722457733622</a>
    <c>-2.19722457733622</c>
    <g>1.29928298413026</g>
    <t>-2.19722457733622</t>
   </pm-column>
   <pm-column position='6'>
    <a>1.29928298413026</a>
    <c>-2.19722457733622</c>
    <g>-2.19722457733622</g>
    <t>-2.19722457733622</t>
   </pm-column>
   <pm-column position='7'>
    <a>-2.19722457733622</a>
    <c>0.847297860387204</c>
    <g>-2.19722457733622</g>
    <t>0.367724780125317</t>
   </pm-column>
   <pm-column position='8'>
    <a>0.367724780125317</a>
    <c>0.847297860387204</c>
    <g>-2.19722457733622</g>
    <t>-2.19722457733622</t>
   </pm-column>
  </PWM>
 </motif>
</smallbismark>