<?xml version='1.0' encoding='UTF-8'?>
<smallbismark>
 <comment name='WARNING'>This is a draft version of small-BiSMark. Specification is the subject to change!</comment>
 <motif name='twi' id='TWI.MTF'>
  <PCM length='9'>
   <pm-column position='1'>
    <a>1</a>
    <c>13</c>
    <g>0</g>
    <t>1</t>
   </pm-column>
   <pm-column position='2'>
    <a>11</a>
    <c>1</c>
    <g>3</g>
    <t>0</t>
   </pm-column>
   <pm-column position='3'>
    <a>0</a>
    <c>1</c>
    <g>3</g>
    <t>11</t>
   </pm-column>
   <pm-column position='4'>
    <a>5</a>
    <c>1</c>
    <g>8</g>
    <t>1</t>
   </pm-column>
   <pm-column position='5'>
    <a>0</a>
    <c>0</c>
    <g>0</g>
    <t>15</t>
   </pm-column>
   <pm-column position='6'>
    <a>0</a>
    <c>0</c>
    <g>15</g>
    <t>0</t>
   </pm-column>
   <pm-column position='7'>
    <a>0</a>
    <c>1</c>
    <g>3</g>
    <t>11</t>
   </pm-column>
   <pm-column position='8'>
    <a>0</a>
    <c>0</c>
    <g>5</g>
    <t>10</t>
   </pm-column>
   <pm-column position='9'>
    <a>3</a>
    <c>4</c>
    <g>7</g>
    <t>1</t>
   </pm-column>
  </PCM>
  <PPM length='9'>
   <pm-column position='1'>
    <a>0.0666666666666667</a>
    <c>0.866666666666667</c>
    <g>0.0</g>
    <t>0.0666666666666667</t>
   </pm-column>
   <pm-column position='2'>
    <a>0.733333333333333</a>
    <c>0.0666666666666667</c>
    <g>0.2</g>
    <t>0.0</t>
   </pm-column>
   <pm-column position='3'>
    <a>0.0</a>
    <c>0.0666666666666667</c>
    <g>0.2</g>
    <t>0.733333333333333</t>
   </pm-column>
   <pm-column position='4'>
    <a>0.333333333333333</a>
    <c>0.0666666666666667</c>
    <g>0.533333333333333</g>
    <t>0.0666666666666667</t>
   </pm-column>
   <pm-column position='5'>
    <a>0.0</a>
    <c>0.0</c>
    <g>0.0</g>
    <t>1.0</t>
   </pm-column>
   <pm-column position='6'>
    <a>0.0</a>
    <c>0.0</c>
    <g>1.0</g>
    <t>0.0</t>
   </pm-column>
   <pm-column position='7'>
    <a>0.0</a>
    <c>0.0666666666666667</c>
    <g>0.2</g>
    <t>0.733333333333333</t>
   </pm-column>
   <pm-column position='8'>
    <a>0.0</a>
    <c>0.0</c>
    <g>0.333333333333333</g>
    <t>0.666666666666667</t>
   </pm-column>
   <pm-column position='9'>
    <a>0.2</a>
    <c>0.266666666666667</c>
    <g>0.466666666666667</g>
    <t>0.0666666666666667</t>
   </pm-column>
  </PPM>
  <PWM length='9'>
   <pm-column position='1'>
    <a>-1.16315080980568</a>
    <c>1.19770319131234</c>
    <g>-2.77258872223978</g>
    <t>-1.16315080980568</t>
   </pm-column>
   <pm-column position='2'>
    <a>1.03407376753054</a>
    <c>-1.16315080980568</c>
    <g>-0.207639364778244</g>
    <t>-2.77258872223978</t>
   </pm-column>
   <pm-column position='3'>
    <a>-2.77258872223978</a>
    <c>-1.16315080980568</c>
    <g>-0.207639364778244</g>
    <t>1.03407376753054</t>
   </pm-column>
   <pm-column position='4'>
    <a>0.271933715483642</a>
    <c>-1.16315080980568</c>
    <g>0.723918839226699</g>
    <t>-1.16315080980568</t>
   </pm-column>
   <pm-column position='5'>
    <a>-2.77258872223978</a>
    <c>-2.77258872223978</c>
    <g>-2.77258872223978</g>
    <t>1.33828514193353</t>
   </pm-column>
   <pm-column position='6'>
    <a>-2.77258872223978</a>
    <c>-2.77258872223978</c>
    <g>1.33828514193353</g>
    <t>-2.77258872223978</t>
   </pm-column>
   <pm-column position='7'>
    <a>-2.77258872223978</a>
    <c>-1.16315080980568</c>
    <g>-0.207639364778244</g>
    <t>1.03407376753054</t>
   </pm-column>
   <pm-column position='8'>
    <a>-2.77258872223978</a>
    <c>-2.77258872223978</c>
    <g>0.271933715483642</g>
    <t>0.940983344464527</t>
   </pm-column>
   <pm-column position='9'>
    <a>-0.207639364778244</a>
    <c>0.0606246218164348</c>
    <g>0.594707107746693</g>
    <t>-1.16315080980568</t>
   </pm-column>
  </PWM>
 </motif>
</smallbismark>