<?xml version='1.0' encoding='UTF-8'?>
<smallbismark>
 <comment name='WARNING'>This is a draft version of small-BiSMark. Specification is the subject to change!</comment>
 <motif name='z' id='Z.MTF'>
  <PCM length='7'>
   <pm-column position='1'>
    <a>11</a>
    <c>3</c>
    <g>4</g>
    <t>23</t>
   </pm-column>
   <pm-column position='2'>
    <a>2</a>
    <c>8</c>
    <g>3</g>
    <t>28</t>
   </pm-column>
   <pm-column position='3'>
    <a>0</a>
    <c>0</c>
    <g>41</g>
    <t>0</t>
   </pm-column>
   <pm-column position='4'>
    <a>41</a>
    <c>0</c>
    <g>0</g>
    <t>0</t>
   </pm-column>
   <pm-column position='5'>
    <a>0</a>
    <c>0</c>
    <g>41</g>
    <t>0</t>
   </pm-column>
   <pm-column position='6'>
    <a>7</a>
    <c>10</c>
    <g>0</g>
    <t>24</t>
   </pm-column>
   <pm-column position='7'>
    <a>1</a>
    <c>5</c>
    <g>30</g>
    <t>5</t>
   </pm-column>
  </PCM>
  <PPM length='7'>
   <pm-column position='1'>
    <a>0.268292682926829</a>
    <c>0.0731707317073171</c>
    <g>0.0975609756097561</g>
    <t>0.560975609756098</t>
   </pm-column>
   <pm-column position='2'>
    <a>0.0487804878048781</a>
    <c>0.195121951219512</c>
    <g>0.0731707317073171</g>
    <t>0.682926829268293</t>
   </pm-column>
   <pm-column position='3'>
    <a>0.0</a>
    <c>0.0</c>
    <g>1.0</g>
    <t>0.0</t>
   </pm-column>
   <pm-column position='4'>
    <a>1.0</a>
    <c>0.0</c>
    <g>0.0</g>
    <t>0.0</t>
   </pm-column>
   <pm-column position='5'>
    <a>0.0</a>
    <c>0.0</c>
    <g>1.0</g>
    <t>0.0</t>
   </pm-column>
   <pm-column position='6'>
    <a>0.170731707317073</a>
    <c>0.24390243902439</c>
    <g>0.0</g>
    <t>0.585365853658537</t>
   </pm-column>
   <pm-column position='7'>
    <a>0.024390243902439</a>
    <c>0.121951219512195</c>
    <g>0.731707317073171</g>
    <t>0.121951219512195</t>
   </pm-column>
  </PPM>
  <PWM length='7'>
   <pm-column position='1'>
    <a>0.0689928714869514</a>
    <c>-1.17272026082183</c>
    <g>-0.904456274227152</g>
    <t>0.794929874869888</t>
   </pm-column>
   <pm-column position='2'>
    <a>-1.54044504094715</a>
    <c>-0.241162056816888</c>
    <g>-1.17272026082183</g>
    <t>0.989718200428972</t>
   </pm-column>
   <pm-column position='3'>
    <a>-3.73766961828337</a>
    <c>-3.73766961828337</c>
    <g>1.36827585561721</g>
    <t>-3.73766961828337</t>
   </pm-column>
   <pm-column position='4'>
    <a>1.36827585561721</a>
    <c>-3.73766961828337</c>
    <g>-3.73766961828337</g>
    <t>-3.73766961828337</t>
   </pm-column>
   <pm-column position='5'>
    <a>-3.73766961828337</a>
    <c>-3.73766961828337</c>
    <g>1.36827585561721</g>
    <t>-3.73766961828337</t>
   </pm-column>
   <pm-column position='6'>
    <a>-0.370373788296894</a>
    <c>-0.0240975515790605</c>
    <g>-3.73766961828337</g>
    <t>0.837041360220014</t>
   </pm-column>
   <pm-column position='7'>
    <a>-2.12823170584927</a>
    <c>-0.693147180559945</c>
    <g>1.05812092731337</g>
    <t>-0.693147180559945</t>
   </pm-column>
  </PWM>
 </motif>
</smallbismark>