<?xml version='1.0' encoding='UTF-8'?>
<smallbismark>
 <comment name='WARNING'>This is a draft version of small-BiSMark. Specification is the subject to change!</comment>
 <motif name='br-Z4' id='BR_Z4.MTF'>
  <comment name='discrete information content by position'>[-0.25993019270998, -0.790992097958467, 0.0, -0.416525563764566, -0.790992097958467, 0.0, -0.25993019270998, -0.25993019270998]</comment>
  <comment name='discrete information content'>-2.77830033781144</comment>
  <comment name='number of sequences in the corresponding alignment'>8</comment>
  <PPM length='8'>
   <pm-column position='1'>
    <a>0.875</a>
    <c>0.0</c>
    <g>0.0</g>
    <t>0.125</t>
   </pm-column>
   <pm-column position='2'>
    <a>0.375</a>
    <c>0.25</c>
    <g>0.0</g>
    <t>0.375</t>
   </pm-column>
   <pm-column position='3'>
    <a>0.0</a>
    <c>0.0</c>
    <g>0.0</g>
    <t>1.0</t>
   </pm-column>
   <pm-column position='4'>
    <a>0.75</a>
    <c>0.0</c>
    <g>0.25</g>
    <t>0.0</t>
   </pm-column>
   <pm-column position='5'>
    <a>0.375</a>
    <c>0.0</c>
    <g>0.375</g>
    <t>0.25</t>
   </pm-column>
   <pm-column position='6'>
    <a>0.0</a>
    <c>0.0</c>
    <g>0.0</g>
    <t>1.0</t>
   </pm-column>
   <pm-column position='7'>
    <a>0.125</a>
    <c>0.0</c>
    <g>0.0</g>
    <t>0.875</t>
   </pm-column>
   <pm-column position='8'>
    <a>0.875</a>
    <c>0.0</c>
    <g>0.0</g>
    <t>0.125</t>
   </pm-column>
  </PPM>
  <PWM threshold='3.72007595818253' length='8'>
   <pm-column position='1'>
    <a>1.0348398473417</a>
    <c>-2.19722457733622</c>
    <g>-2.19722457733622</g>
    <t>-0.698498016025057</t>
   </pm-column>
   <pm-column position='2'>
    <a>0.238838112765222</a>
    <c>0.146512754182413</c>
    <g>-2.19722457733622</g>
    <t>0.238838112765222</t>
   </pm-column>
   <pm-column position='3'>
    <a>-2.19722457733622</a>
    <c>-2.19722457733622</c>
    <g>-2.19722457733622</g>
    <t>1.16342453522816</t>
   </pm-column>
   <pm-column position='4'>
    <a>0.887246938181735</a>
    <c>-2.19722457733622</c>
    <g>0.146512754182413</g>
    <t>-2.19722457733622</t>
   </pm-column>
   <pm-column position='5'>
    <a>0.238838112765222</a>
    <c>-2.19722457733622</c>
    <g>0.519465585880149</g>
    <t>-0.123804743199988</t>
   </pm-column>
   <pm-column position='6'>
    <a>-2.19722457733622</a>
    <c>-2.19722457733622</c>
    <g>-2.19722457733622</g>
    <t>1.16342453522816</t>
   </pm-column>
   <pm-column position='7'>
    <a>-0.698498016025057</a>
    <c>-2.19722457733622</c>
    <g>-2.19722457733622</g>
    <t>1.0348398473417</t>
   </pm-column>
   <pm-column position='8'>
    <a>1.0348398473417</a>
    <c>-2.19722457733622</c>
    <g>-2.19722457733622</g>
    <t>-0.698498016025057</t>
   </pm-column>
  </PWM>
  <word-list size='8'>
   <word score='6.4336489202284'>ATTATTTA</word>
   <word score='3.61024352257502'>TTTAGTTT</word>
   <word score='6.4336489202284'>AATATTTA</word>
   <word score='6.33618506530922'>AATGGTTA</word>
   <word score='5.06295391282685'>ATTAATAA</word>
   <word score='5.96323223361148'>ACTGATTA</word>
   <word score='6.7039664176108'>ACTAATTA</word>
   <word score='7.07691924930854'>AATAGTTA</word>
  </word-list>
 </motif>
</smallbismark>