<?xml version='1.0' encoding='UTF-8'?>
<smallbismark>
 <comment name='WARNING'>This is a draft version of small-BiSMark. Specification is the subject to change!</comment>
 <motif name='cad' id='CAD.MTF'>
  <comment name='discrete information content by position'>[-0.435076293139881, -0.19730379672781, 0.0, -0.930900894626668, -0.710731596098151, -0.435076293139881, -0.984219908520301, -0.78121549854549, -0.505560195591841]</comment>
  <comment name='discrete information content'>-4.98008447639002</comment>
  <comment name='number of sequences in the corresponding alignment'>13</comment>
  <PPM length='9'>
   <pm-column position='1'>
    <a>0.230769230769231</a>
    <c>0.0</c>
    <g>0.0</g>
    <t>0.769230769230769</t>
   </pm-column>
   <pm-column position='2'>
    <a>0.0</a>
    <c>0.0</c>
    <g>0.0769230769230769</g>
    <t>0.923076923076923</t>
   </pm-column>
   <pm-column position='3'>
    <a>0.0</a>
    <c>0.0</c>
    <g>0.0</g>
    <t>1.0</t>
   </pm-column>
   <pm-column position='4'>
    <a>0.461538461538462</a>
    <c>0.0769230769230769</c>
    <g>0.153846153846154</g>
    <t>0.307692307692308</t>
   </pm-column>
   <pm-column position='5'>
    <a>0.0</a>
    <c>0.384615384615385</c>
    <g>0.0769230769230769</g>
    <t>0.538461538461538</t>
   </pm-column>
   <pm-column position='6'>
    <a>0.230769230769231</a>
    <c>0.0</c>
    <g>0.769230769230769</g>
    <t>0.0</t>
   </pm-column>
   <pm-column position='7'>
    <a>0.384615384615385</a>
    <c>0.307692307692308</c>
    <g>0.230769230769231</g>
    <t>0.0769230769230769</t>
   </pm-column>
   <pm-column position='8'>
    <a>0.0</a>
    <c>0.307692307692308</c>
    <g>0.153846153846154</g>
    <t>0.538461538461538</t>
   </pm-column>
   <pm-column position='9'>
    <a>0.307692307692308</a>
    <c>0.0</c>
    <g>0.0</g>
    <t>0.692307692307692</t>
   </pm-column>
  </PPM>
  <PWM threshold='4.67256854277855' length='9'>
   <pm-column position='1'>
    <a>-0.202994639513817</a>
    <c>-2.63905732961526</c>
    <g>-2.63905732961526</g>
    <t>0.93776857884725</t>
   </pm-column>
   <pm-column position='2'>
    <a>-2.63905732961526</a>
    <c>-2.63905732961526</c>
    <g>-0.896828912255247</g>
    <t>1.11541852081375</t>
   </pm-column>
   <pm-column position='3'>
    <a>-2.63905732961526</a>
    <c>-2.63905732961526</c>
    <g>-2.63905732961526</g>
    <t>1.19365862637894</t>
   </pm-column>
   <pm-column position='4'>
    <a>0.445414185902695</a>
    <c>-0.896828912255247</c>
    <g>-0.295319998096626</g>
    <t>0.062568424556628</t>
   </pm-column>
   <pm-column position='5'>
    <a>-2.63905732961526</a>
    <c>0.561665448849467</c>
    <g>-0.896828912255247</g>
    <t>0.593007095062663</t>
   </pm-column>
   <pm-column position='6'>
    <a>-0.202994639513817</a>
    <c>-2.63905732961526</c>
    <g>1.23423599883423</g>
    <t>-2.63905732961526</t>
   </pm-column>
   <pm-column position='7'>
    <a>0.272201855421892</a>
    <c>0.348653586343032</c>
    <g>0.0776328336011094</g>
    <t>-1.1403307683041</t>
   </pm-column>
   <pm-column position='8'>
    <a>-2.63905732961526</a>
    <c>0.348653586343032</c>
    <g>-0.295319998096626</g>
    <t>0.593007095062663</t>
   </pm-column>
   <pm-column position='9'>
    <a>0.062568424556628</a>
    <c>-2.63905732961526</c>
    <g>-2.63905732961526</g>
    <t>0.835510392523734</t>
   </pm-column>
  </PWM>
  <word-list size='13'>
   <word score='4.64222849213871'>ATTATAATT</word>
   <word score='5.43085104194857'>TTTGCGACA</word>
   <word score='4.88473800690254'>ATTTTGCGT</word>
   <word score='4.5958623349734'>TTTTCAATA</word>
   <word score='3.4797971312344'>ATTTCGTTA</word>
   <word score='4.78954259576432'>TTTAGGCCA</word>
   <word score='4.19904051804911'>TTTGCACGT</word>
   <word score='6.97586884012819'>TTTATGACT</word>
   <word score='7.02565332702704'>TTTATGGTT</word>
   <word score='4.38620662389235'>TGTTTGGCT</word>
   <word score='5.92308933539783'>TTTCCGCTT</word>
   <word score='7.02565332702704'>TTTATGGTT</word>
   <word score='7.22022234884783'>TTTATGATT</word>
  </word-list>
 </motif>
</smallbismark>