<?xml version='1.0' encoding='UTF-8'?>
<smallbismark>
 <comment name='WARNING'>This is a draft version of small-BiSMark. Specification is the subject to change!</comment>
 <motif name='Deaf1' id='DEAF1.MTF'>
  <comment name='discrete information content by position'>[-0.478749174278066, 0.0, 0.0, -0.380666248971164, -0.478749174278066, -0.805515773176087, -0.78320141804454, -0.534710753071741, -0.230258509299405]</comment>
  <comment name='discrete information content'>-3.69185105111907</comment>
  <comment name='number of sequences in the corresponding alignment'>10</comment>
  <PPM length='9'>
   <pm-column position='1'>
    <a>0.3</a>
    <c>0.7</c>
    <g>0.0</g>
    <t>0.0</t>
   </pm-column>
   <pm-column position='2'>
    <a>0.0</a>
    <c>1.0</c>
    <g>0.0</g>
    <t>0.0</t>
   </pm-column>
   <pm-column position='3'>
    <a>0.0</a>
    <c>0.0</c>
    <g>1.0</g>
    <t>0.0</t>
   </pm-column>
   <pm-column position='4'>
    <a>0.8</a>
    <c>0.2</c>
    <g>0.0</g>
    <t>0.0</t>
   </pm-column>
   <pm-column position='5'>
    <a>0.7</a>
    <c>0.3</c>
    <g>0.0</g>
    <t>0.0</t>
   </pm-column>
   <pm-column position='6'>
    <a>0.2</a>
    <c>0.0</c>
    <g>0.4</g>
    <t>0.4</t>
   </pm-column>
   <pm-column position='7'>
    <a>0.2</a>
    <c>0.5</c>
    <g>0.3</g>
    <t>0.0</t>
   </pm-column>
   <pm-column position='8'>
    <a>0.4</a>
    <c>0.0</c>
    <g>0.6</g>
    <t>0.0</t>
   </pm-column>
   <pm-column position='9'>
    <a>0.0</a>
    <c>0.9</c>
    <g>0.1</g>
    <t>0.0</t>
   </pm-column>
  </PPM>
  <PWM threshold='5.02421645341519' length='9'>
   <pm-column position='1'>
    <a>0.0381674173030711</a>
    <c>1.12759356223139</c>
    <g>-2.39789527279837</g>
    <t>-2.39789527279837</t>
   </pm-column>
   <pm-column position='2'>
    <a>-2.39789527279837</a>
    <c>1.47539805565112</c>
    <g>-2.39789527279837</g>
    <t>-2.39789527279837</t>
   </pm-column>
   <pm-column position='3'>
    <a>-2.39789527279837</a>
    <c>-2.39789527279837</c>
    <g>1.47539805565112</g>
    <t>-2.39789527279837</t>
   </pm-column>
   <pm-column position='4'>
    <a>0.962753839766013</a>
    <c>-0.0541579412797383</c>
    <g>-2.39789527279837</g>
    <t>-2.39789527279837</t>
   </pm-column>
   <pm-column position='5'>
    <a>0.834169151879551</a>
    <c>0.318794890417998</c>
    <g>-2.39789527279837</g>
    <t>-2.39789527279837</t>
   </pm-column>
   <pm-column position='6'>
    <a>-0.324475438662139</a>
    <c>-2.39789527279837</c>
    <g>0.58981564315992</g>
    <t>0.303730481373516</t>
   </pm-column>
   <pm-column position='7'>
    <a>-0.324475438662139</a>
    <c>0.802827505666355</c>
    <g>0.318794890417998</g>
    <t>-2.39789527279837</t>
   </pm-column>
   <pm-column position='8'>
    <a>0.303730481373516</a>
    <c>-2.39789527279837</c>
    <g>0.978337121687415</g>
    <t>-2.39789527279837</t>
   </pm-column>
   <pm-column position='9'>
    <a>-2.39789527279837</a>
    <c>1.37234485264956</c>
    <g>-0.655666855438359</g>
    <t>-2.39789527279837</t>
   </pm-column>
  </PWM>
  <word-list size='10'>
   <word score='7.97596058255241'>CCGACGAGC</word>
   <word score='7.85460500310023'>ACGAAGCAC</word>
   <word score='8.84852001130769'>CCGAATGGC</word>
   <word score='8.6017260072967'>CCGCAGCGC</word>
   <word score='8.6017260072967'>CCGCAGCGC</word>
   <word score='7.65853910953224'>CCGACTGAC</word>
   <word score='3.78499926886176'>ACGAAAAAG</word>
   <word score='8.7043467065204'>CCGAAACGC</word>
   <word score='8.33314574984614'>CCGACTGGC</word>
   <word score='7.56851984131383'>ACGAATCAC</word>
  </word-list>
 </motif>
</smallbismark>