<?xml version='1.0' encoding='UTF-8'?>
<smallbismark>
 <comment name='WARNING'>This is a draft version of small-BiSMark. Specification is the subject to change!</comment>
 <motif name='Eip74EF' id='EIP74EF.MTF'>
  <comment name='discrete information content by position'>[-0.503168961341719, -0.416525563764566, -0.25993019270998, -0.25993019270998, 0.0, 0.0, -0.640495497418073, -0.503168961341894]</comment>
  <comment name='discrete information content'>-2.58321936928621</comment>
  <comment name='number of sequences in the corresponding alignment'>8</comment>
  <PPM length='8'>
   <pm-column position='1'>
    <a>0.375</a>
    <c>0.625</c>
    <g>0.0</g>
    <t>0.0</t>
   </pm-column>
   <pm-column position='2'>
    <a>0.75</a>
    <c>0.25</c>
    <g>0.0</g>
    <t>0.0</t>
   </pm-column>
   <pm-column position='3'>
    <a>0.125</a>
    <c>0.0</c>
    <g>0.875</g>
    <t>0.0</t>
   </pm-column>
   <pm-column position='4'>
    <a>0.0</a>
    <c>0.125</c>
    <g>0.875</g>
    <t>0.0</t>
   </pm-column>
   <pm-column position='5'>
    <a>1.0</a>
    <c>0.0</c>
    <g>0.0</g>
    <t>0.0</t>
   </pm-column>
   <pm-column position='6'>
    <a>1.0</a>
    <c>0.0</c>
    <g>0.0</g>
    <t>0.0</t>
   </pm-column>
   <pm-column position='7'>
    <a>0.125</a>
    <c>0.0</c>
    <g>0.625</g>
    <t>0.25</t>
   </pm-column>
   <pm-column position='8'>
    <a>0.125</a>
    <c>0.125</c>
    <g>0.0</g>
    <t>0.75</t>
   </pm-column>
  </PPM>
  <PWM threshold='4.31830075285445' length='8'>
   <pm-column position='1'>
    <a>0.238838112765222</a>
    <c>1.00349820112851</c>
    <g>-2.19722457733622</g>
    <t>-2.19722457733622</t>
   </pm-column>
   <pm-column position='2'>
    <a>0.887246938181735</a>
    <c>0.146512754182413</c>
    <g>-2.19722457733622</g>
    <t>-2.19722457733622</t>
   </pm-column>
   <pm-column position='3'>
    <a>-0.698498016025057</a>
    <c>-2.19722457733622</c>
    <g>1.32826425769354</g>
    <t>-2.19722457733622</t>
   </pm-column>
   <pm-column position='4'>
    <a>-2.19722457733622</a>
    <c>-0.454996159976208</c>
    <g>1.32826425769354</g>
    <t>-2.19722457733622</t>
   </pm-column>
   <pm-column position='5'>
    <a>1.16342453522816</a>
    <c>-2.19722457733622</c>
    <g>-2.19722457733622</g>
    <t>-2.19722457733622</t>
   </pm-column>
   <pm-column position='6'>
    <a>1.16342453522816</a>
    <c>-2.19722457733622</c>
    <g>-2.19722457733622</g>
    <t>-2.19722457733622</t>
   </pm-column>
   <pm-column position='7'>
    <a>-0.698498016025057</a>
    <c>-2.19722457733622</c>
    <g>1.00349820112851</g>
    <t>-0.123804743199988</t>
   </pm-column>
   <pm-column position='8'>
    <a>-0.698498016025057</a>
    <c>-0.454996159976208</c>
    <g>-2.19722457733622</g>
    <t>0.887246938181735</t>
   </pm-column>
  </PWM>
  <word-list size='8'>
   <word score='6.29821155894705'>AAGGAAAT</word>
   <word score='8.00020777610061'>AAGGAAGT</word>
   <word score='6.41446282189382'>AAGGAAGA</word>
   <word score='5.99737140674597'>CCAGAAGT</word>
   <word score='7.42262476630595'>CAGGAAGC</word>
   <word score='5.85430450246565'>CAGCAATT</word>
   <word score='7.6375649201354'>CAGGAATT</word>
   <word score='8.02413368046457'>CCGGAAGT</word>
  </word-list>
 </motif>
</smallbismark>