<?xml version='1.0' encoding='UTF-8'?>
<smallbismark>
 <comment name='WARNING'>This is a draft version of small-BiSMark. Specification is the subject to change!</comment>
 <motif name='gt' id='GT.MTF'>
  <comment name='discrete information content by position'>[-0.25993019270998, -0.503168961341894, -0.416525563764566, 0.0, -0.531061905256154, 0.0, -0.25993019270998]</comment>
  <comment name='discrete information content'>-1.97061681578257</comment>
  <comment name='number of sequences in the corresponding alignment'>8</comment>
  <PPM length='7'>
   <pm-column position='1'>
    <a>0.0</a>
    <c>0.125</c>
    <g>0.875</g>
    <t>0.0</t>
   </pm-column>
   <pm-column position='2'>
    <a>0.125</a>
    <c>0.125</c>
    <g>0.0</g>
    <t>0.75</t>
   </pm-column>
   <pm-column position='3'>
    <a>0.75</a>
    <c>0.25</c>
    <g>0.0</g>
    <t>0.0</t>
   </pm-column>
   <pm-column position='4'>
    <a>1.0</a>
    <c>0.0</c>
    <g>0.0</g>
    <t>0.0</t>
   </pm-column>
   <pm-column position='5'>
    <a>0.5</a>
    <c>0.0</c>
    <g>0.0</g>
    <t>0.5</t>
   </pm-column>
   <pm-column position='6'>
    <a>1.0</a>
    <c>0.0</c>
    <g>0.0</g>
    <t>0.0</t>
   </pm-column>
   <pm-column position='7'>
    <a>0.875</a>
    <c>0.0</c>
    <g>0.0</g>
    <t>0.125</t>
   </pm-column>
  </PPM>
  <PWM threshold='3.93650760174874' length='7'>
   <pm-column position='1'>
    <a>-2.19722457733622</a>
    <c>-0.454996159976208</c>
    <g>1.32826425769354</g>
    <t>-2.19722457733622</t>
   </pm-column>
   <pm-column position='2'>
    <a>-0.698498016025057</a>
    <c>-0.454996159976208</c>
    <g>-2.19722457733622</g>
    <t>0.887246938181735</t>
   </pm-column>
   <pm-column position='3'>
    <a>0.887246938181735</a>
    <c>0.146512754182413</c>
    <g>-2.19722457733622</g>
    <t>-2.19722457733622</t>
   </pm-column>
   <pm-column position='4'>
    <a>1.16342453522816</a>
    <c>-2.19722457733622</c>
    <g>-2.19722457733622</g>
    <t>-2.19722457733622</t>
   </pm-column>
   <pm-column position='5'>
    <a>0.504401176835667</a>
    <c>-2.19722457733622</c>
    <g>-2.19722457733622</g>
    <t>0.504401176835667</t>
   </pm-column>
   <pm-column position='6'>
    <a>1.16342453522816</a>
    <c>-2.19722457733622</c>
    <g>-2.19722457733622</g>
    <t>-2.19722457733622</t>
   </pm-column>
   <pm-column position='7'>
    <a>1.0348398473417</a>
    <c>-2.19722457733622</c>
    <g>-2.19722457733622</g>
    <t>-0.698498016025057</t>
   </pm-column>
  </PWM>
  <word-list size='8'>
   <word score='5.18558781102096'>CTAATAA</word>
   <word score='5.62660513053277'>GCAATAA</word>
   <word score='6.22811404469139'>GTCATAA</word>
   <word score='6.22811404469139'>GTCATAA</word>
   <word score='5.23551036532395'>GTAAAAT</word>
   <word score='5.38310327448392'>GAAAAAA</word>
   <word score='6.96884822869071'>GTAAAAA</word>
   <word score='6.96884822869071'>GTAAAAA</word>
  </word-list>
 </motif>
</smallbismark>