<?xml version='1.0' encoding='UTF-8'?>
<smallbismark>
 <comment name='WARNING'>This is a draft version of small-BiSMark. Specification is the subject to change!</comment>
 <motif name='Abd-B' id='ABD_B.MTF' length='10'>
  <PCM length='10'>
   <pm-column position='1'>
    <a>1</a>
    <c>5</c>
    <g>12</g>
    <t>3</t>
   </pm-column>
   <pm-column position='2'>
    <a>6</a>
    <c>1</c>
    <g>2</g>
    <t>12</t>
   </pm-column>
   <pm-column position='3'>
    <a>1</a>
    <c>0</c>
    <g>0</g>
    <t>20</t>
   </pm-column>
   <pm-column position='4'>
    <a>0</a>
    <c>0</c>
    <g>0</g>
    <t>21</t>
   </pm-column>
   <pm-column position='5'>
    <a>5</a>
    <c>0</c>
    <g>0</g>
    <t>16</t>
   </pm-column>
   <pm-column position='6'>
    <a>21</a>
    <c>0</c>
    <g>0</g>
    <t>0</t>
   </pm-column>
   <pm-column position='7'>
    <a>0</a>
    <c>3</c>
    <g>0</g>
    <t>18</t>
   </pm-column>
   <pm-column position='8'>
    <a>3</a>
    <c>0</c>
    <g>11</g>
    <t>7</t>
   </pm-column>
   <pm-column position='9'>
    <a>13</a>
    <c>0</c>
    <g>5</g>
    <t>3</t>
   </pm-column>
   <pm-column position='10'>
    <a>4.5</a>
    <c>6.5</c>
    <g>4.5</g>
    <t>5.5</t>
   </pm-column>
  </PCM>
  <PPM length='10'>
   <pm-column position='1'>
    <a>0.0476190476190476</a>
    <c>0.238095238095238</c>
    <g>0.571428571428571</g>
    <t>0.142857142857143</t>
   </pm-column>
   <pm-column position='2'>
    <a>0.285714285714286</a>
    <c>0.0476190476190476</c>
    <g>0.0952380952380952</g>
    <t>0.571428571428571</t>
   </pm-column>
   <pm-column position='3'>
    <a>0.0476190476190476</a>
    <c>0.0</c>
    <g>0.0</g>
    <t>0.952380952380952</t>
   </pm-column>
   <pm-column position='4'>
    <a>0.0</a>
    <c>0.0</c>
    <g>0.0</g>
    <t>1.0</t>
   </pm-column>
   <pm-column position='5'>
    <a>0.238095238095238</a>
    <c>0.0</c>
    <g>0.0</g>
    <t>0.761904761904762</t>
   </pm-column>
   <pm-column position='6'>
    <a>1.0</a>
    <c>0.0</c>
    <g>0.0</g>
    <t>0.0</t>
   </pm-column>
   <pm-column position='7'>
    <a>0.0</a>
    <c>0.142857142857143</c>
    <g>0.0</g>
    <t>0.857142857142857</t>
   </pm-column>
   <pm-column position='8'>
    <a>0.142857142857143</a>
    <c>0.0</c>
    <g>0.523809523809524</g>
    <t>0.333333333333333</t>
   </pm-column>
   <pm-column position='9'>
    <a>0.619047619047619</a>
    <c>0.0</c>
    <g>0.238095238095238</g>
    <t>0.142857142857143</t>
   </pm-column>
   <pm-column position='10'>
    <a>0.214285714285714</a>
    <c>0.30952380952381</c>
    <g>0.214285714285714</g>
    <t>0.261904761904762</t>
   </pm-column>
  </PPM>
  <PWM length='10'>
   <pm-column position='1'>
    <a>-1.48160454092422</a>
    <c>-0.0465200156348928</c>
    <g>0.800777844752311</g>
    <t>-0.526093095896779</t>
   </pm-column>
   <pm-column position='2'>
    <a>0.127833371509885</a>
    <c>-1.48160454092422</c>
    <g>-0.893817876022096</g>
    <t>0.800777844752311</t>
   </pm-column>
   <pm-column position='3'>
    <a>-1.48160454092422</a>
    <c>-3.09104245335832</c>
    <g>-3.09104245335832</g>
    <t>1.30340670131412</t>
   </pm-column>
   <pm-column position='4'>
    <a>-3.09104245335832</a>
    <c>-3.09104245335832</c>
    <g>-3.09104245335832</g>
    <t>1.351608803132</t>
   </pm-column>
   <pm-column position='5'>
    <a>-0.0465200156348928</a>
    <c>-3.09104245335832</c>
    <g>-3.09104245335832</g>
    <t>1.08334481653732</t>
   </pm-column>
   <pm-column position='6'>
    <a>1.351608803132</a>
    <c>-3.09104245335832</c>
    <g>-3.09104245335832</g>
    <t>-3.09104245335832</t>
   </pm-column>
   <pm-column position='7'>
    <a>-3.09104245335832</a>
    <c>-0.526093095896779</c>
    <g>-3.09104245335832</g>
    <t>1.19941698779008</t>
   </pm-column>
   <pm-column position='8'>
    <a>-0.526093095896779</a>
    <c>-3.09104245335832</c>
    <g>0.715620036412004</g>
    <t>0.276253376628158</t>
   </pm-column>
   <pm-column position='9'>
    <a>0.879249460193806</a>
    <c>-3.09104245335832</c>
    <g>-0.0465200156348928</g>
    <t>-0.526093095896779</t>
   </pm-column>
   <pm-column position='10'>
    <a>-0.146603474191875</a>
    <c>0.204794412646013</c>
    <g>-0.146603474191875</g>
    <t>0.0444517625708338</t>
   </pm-column>
  </PWM>
  <word-list size='21'>
   <word score='6.75723251677261'>GATTAATGGN</word>
   <word score='5.62373296910406'>GGTTTATAGN</word>
   <word score='7.52620230460248'>CATTTATTAN</word>
   <word score='7.06928194567269'>CTTTAATTAN</word>
   <word score='5.78313852176968'>CTTTAACGAN</word>
   <word score='8.37350016498968'>GATTTATTAN</word>
   <word score='7.23317088153816'>TTTTTATGGN</word>
   <word score='5.91676439216838'>TATTAATTAN</word>
   <word score='6.91300335394189'>CTTTTACGAN</word>
   <word score='5.79808635624884'>GCTTTATGTN</word>
   <word score='8.37350016498968'>GATTTATTAN</word>
   <word score='4.41841767010109'>ATATTATGAN</word>
   <word score='6.95060390975315'>GTTTAATGTN</word>
   <word score='8.56004182218725'>GTTTTATGGN</word>
   <word score='5.02878677389192'>GGTTTACAAC</word>
   <word score='7.12202163770409'>TTTTTATAAC</word>
   <word score='7.40752426868294'>GATTTATGTN</word>
   <word score='9.48581129801595'>GTTTTATGAN</word>
   <word score='8.1991467778449'>CTTTTATTAN</word>
   <word score='9.48581129801595'>GTTTTATGAN</word>
   <word score='8.16512692497424'>GTTTTATTGT</word>
  </word-list>
 </motif>
</smallbismark>