<?xml version='1.0' encoding='UTF-8'?>
<smallbismark>
 <comment name='WARNING'>This is a draft version of small-BiSMark. Specification is the subject to change!</comment>
 <motif name='Antp' id='ANTP.MTF' length='10'>
  <PCM length='10'>
   <pm-column position='1'>
    <a>2</a>
    <c>3</c>
    <g>5</g>
    <t>6</t>
   </pm-column>
   <pm-column position='2'>
    <a>1</a>
    <c>5</c>
    <g>2</g>
    <t>8</t>
   </pm-column>
   <pm-column position='3'>
    <a>1</a>
    <c>1</c>
    <g>0</g>
    <t>14</t>
   </pm-column>
   <pm-column position='4'>
    <a>0</a>
    <c>0</c>
    <g>0</g>
    <t>16</t>
   </pm-column>
   <pm-column position='5'>
    <a>16</a>
    <c>0</c>
    <g>0</g>
    <t>0</t>
   </pm-column>
   <pm-column position='6'>
    <a>16</a>
    <c>0</c>
    <g>0</g>
    <t>0</t>
   </pm-column>
   <pm-column position='7'>
    <a>0</a>
    <c>0</c>
    <g>0</g>
    <t>16</t>
   </pm-column>
   <pm-column position='8'>
    <a>0</a>
    <c>0</c>
    <g>9</g>
    <t>7</t>
   </pm-column>
   <pm-column position='9'>
    <a>15</a>
    <c>0</c>
    <g>1</g>
    <t>0</t>
   </pm-column>
   <pm-column position='10'>
    <a>4.0</a>
    <c>4.0</c>
    <g>4.0</g>
    <t>4.0</t>
   </pm-column>
  </PCM>
  <PPM length='10'>
   <pm-column position='1'>
    <a>0.125</a>
    <c>0.1875</c>
    <g>0.3125</g>
    <t>0.375</t>
   </pm-column>
   <pm-column position='2'>
    <a>0.0625</a>
    <c>0.3125</c>
    <g>0.125</g>
    <t>0.5</t>
   </pm-column>
   <pm-column position='3'>
    <a>0.0625</a>
    <c>0.0625</c>
    <g>0.0</g>
    <t>0.875</t>
   </pm-column>
   <pm-column position='4'>
    <a>0.0</a>
    <c>0.0</c>
    <g>0.0</g>
    <t>1.0</t>
   </pm-column>
   <pm-column position='5'>
    <a>1.0</a>
    <c>0.0</c>
    <g>0.0</g>
    <t>0.0</t>
   </pm-column>
   <pm-column position='6'>
    <a>1.0</a>
    <c>0.0</c>
    <g>0.0</g>
    <t>0.0</t>
   </pm-column>
   <pm-column position='7'>
    <a>0.0</a>
    <c>0.0</c>
    <g>0.0</g>
    <t>1.0</t>
   </pm-column>
   <pm-column position='8'>
    <a>0.0</a>
    <c>0.0</c>
    <g>0.5625</g>
    <t>0.4375</t>
   </pm-column>
   <pm-column position='9'>
    <a>0.9375</a>
    <c>0.0</c>
    <g>0.0625</g>
    <t>0.0</t>
   </pm-column>
   <pm-column position='10'>
    <a>0.25</a>
    <c>0.25</c>
    <g>0.25</g>
    <t>0.25</t>
   </pm-column>
  </PPM>
  <PWM length='10'>
   <pm-column position='1'>
    <a>-0.635988766719997</a>
    <c>-0.268263986594679</c>
    <g>0.211309093667207</g>
    <t>0.385662480811985</t>
   </pm-column>
   <pm-column position='2'>
    <a>-1.22377543162212</a>
    <c>0.211309093667207</c>
    <g>-0.635988766719997</g>
    <t>0.663294217410264</t>
   </pm-column>
   <pm-column position='3'>
    <a>-1.22377543162212</a>
    <c>-1.22377543162212</c>
    <g>-2.83321334405622</g>
    <t>1.20983792377833</t>
   </pm-column>
   <pm-column position='4'>
    <a>-2.83321334405622</a>
    <c>-2.83321334405622</c>
    <g>-2.83321334405622</g>
    <t>1.34117392583942</t>
   </pm-column>
   <pm-column position='5'>
    <a>1.34117392583942</a>
    <c>-2.83321334405622</c>
    <g>-2.83321334405622</g>
    <t>-2.83321334405622</t>
   </pm-column>
   <pm-column position='6'>
    <a>1.34117392583942</a>
    <c>-2.83321334405622</c>
    <g>-2.83321334405622</g>
    <t>-2.83321334405622</t>
   </pm-column>
   <pm-column position='7'>
    <a>-2.83321334405622</a>
    <c>-2.83321334405622</c>
    <g>-2.83321334405622</g>
    <t>1.34117392583942</t>
   </pm-column>
   <pm-column position='8'>
    <a>-2.83321334405622</a>
    <c>-2.83321334405622</c>
    <g>0.777704568588008</g>
    <t>0.534082485930258</t>
   </pm-column>
   <pm-column position='9'>
    <a>1.2776605201171</a>
    <c>-2.83321334405622</c>
    <g>-1.22377543162212</g>
    <t>-2.83321334405622</t>
   </pm-column>
   <pm-column position='10'>
    <a>0.0</a>
    <c>0.0</c>
    <g>0.0</g>
    <t>0.0</t>
   </pm-column>
  </PWM>
  <word-list size='16'>
   <word score='8.13595034727536'>TGTTAATTAN</word>
   <word score='5.11455032697279'>TACTAATTAN</word>
   <word score='9.05251690317554'>GCTTAATGAN</word>
   <word score='9.50450202691859'>GTTTAATGAN</word>
   <word score='9.67885541406337'>TTTTAATGAN</word>
   <word score='6.07150787117444'>CCTTAATGGN</word>
   <word score='8.41358208387364'>ATTTAATTAN</word>
   <word score='9.05251690317554'>GCTTAATGAN</word>
   <word score='8.3293217402559'>CCTTAATTAN</word>
   <word score='9.50450202691859'>GTTTAATGAN</word>
   <word score='8.37957242993311'>TGTTAATGAN</word>
   <word score='8.41358208387364'>ATTTAATTAN</word>
   <word score='9.02492894665671'>CTTTAATGAN</word>
   <word score='9.67885541406337'>TTTTAATGAN</word>
   <word score='9.26087994426084'>GTTTAATTAN</word>
   <word score='6.54963485226211'>TCATAATTAN</word>
  </word-list>
 </motif>
</smallbismark>