<?xml version='1.0' encoding='UTF-8'?>
<smallbismark>
 <comment name='WARNING'>This is a draft version of small-BiSMark. Specification is the subject to change!</comment>
 <motif name='ara' id='ARA.MTF' length='10'>
  <PCM length='10'>
   <pm-column position='1'>
    <a>12</a>
    <c>5</c>
    <g>10</g>
    <t>7</t>
   </pm-column>
   <pm-column position='2'>
    <a>16</a>
    <c>7</c>
    <g>6</g>
    <t>5</t>
   </pm-column>
   <pm-column position='3'>
    <a>24</a>
    <c>1</c>
    <g>1</g>
    <t>8</t>
   </pm-column>
   <pm-column position='4'>
    <a>14</a>
    <c>0</c>
    <g>5</g>
    <t>15</t>
   </pm-column>
   <pm-column position='5'>
    <a>23</a>
    <c>0</c>
    <g>0</g>
    <t>11</t>
   </pm-column>
   <pm-column position='6'>
    <a>34</a>
    <c>0</c>
    <g>0</g>
    <t>0</t>
   </pm-column>
   <pm-column position='7'>
    <a>0</a>
    <c>34</c>
    <g>0</g>
    <t>0</t>
   </pm-column>
   <pm-column position='8'>
    <a>34</a>
    <c>0</c>
    <g>0</g>
    <t>0</t>
   </pm-column>
   <pm-column position='9'>
    <a>8.5</a>
    <c>8.5</c>
    <g>8.5</g>
    <t>8.5</t>
   </pm-column>
   <pm-column position='10'>
    <a>8.5</a>
    <c>8.5</c>
    <g>8.5</g>
    <t>8.5</t>
   </pm-column>
  </PCM>
  <PPM length='10'>
   <pm-column position='1'>
    <a>0.352941176470588</a>
    <c>0.147058823529412</c>
    <g>0.294117647058824</g>
    <t>0.205882352941176</t>
   </pm-column>
   <pm-column position='2'>
    <a>0.470588235294118</a>
    <c>0.205882352941176</c>
    <g>0.176470588235294</g>
    <t>0.147058823529412</t>
   </pm-column>
   <pm-column position='3'>
    <a>0.705882352941177</a>
    <c>0.0294117647058824</c>
    <g>0.0294117647058824</g>
    <t>0.235294117647059</t>
   </pm-column>
   <pm-column position='4'>
    <a>0.411764705882353</a>
    <c>0.0</c>
    <g>0.147058823529412</g>
    <t>0.441176470588235</t>
   </pm-column>
   <pm-column position='5'>
    <a>0.676470588235294</a>
    <c>0.0</c>
    <g>0.0</g>
    <t>0.323529411764706</t>
   </pm-column>
   <pm-column position='6'>
    <a>1.0</a>
    <c>0.0</c>
    <g>0.0</g>
    <t>0.0</t>
   </pm-column>
   <pm-column position='7'>
    <a>0.0</a>
    <c>1.0</c>
    <g>0.0</g>
    <t>0.0</t>
   </pm-column>
   <pm-column position='8'>
    <a>1.0</a>
    <c>0.0</c>
    <g>0.0</g>
    <t>0.0</t>
   </pm-column>
   <pm-column position='9'>
    <a>0.25</a>
    <c>0.25</c>
    <g>0.25</g>
    <t>0.25</t>
   </pm-column>
   <pm-column position='10'>
    <a>0.25</a>
    <c>0.25</c>
    <g>0.25</g>
    <t>0.25</t>
   </pm-column>
  </PPM>
  <PWM length='10'>
   <pm-column position='1'>
    <a>0.336472236621213</a>
    <c>-0.510825623765991</c>
    <g>0.158224005214894</g>
    <t>-0.18805223150294</t>
   </pm-column>
   <pm-column position='2'>
    <a>0.619039208406224</a>
    <c>-0.18805223150294</c>
    <g>-0.336472236621213</g>
    <t>-0.510825623765991</t>
   </pm-column>
   <pm-column position='3'>
    <a>1.01936291701397</a>
    <c>-1.94591014905531</c>
    <g>-1.94591014905531</g>
    <t>-0.0588405000229335</t>
   </pm-column>
   <pm-column position='4'>
    <a>0.487703206345136</a>
    <c>-3.55534806148941</c>
    <g>-0.510825623765991</g>
    <t>0.555525802683898</t>
   </pm-column>
   <pm-column position='5'>
    <a>0.977251431663842</a>
    <c>-3.55534806148941</c>
    <g>-3.55534806148941</g>
    <t>0.251314428280906</t>
   </pm-column>
   <pm-column position='6'>
    <a>1.36463286433871</a>
    <c>-3.55534806148941</c>
    <g>-3.55534806148941</g>
    <t>-3.55534806148941</t>
   </pm-column>
   <pm-column position='7'>
    <a>-3.55534806148941</a>
    <c>1.36463286433871</c>
    <g>-3.55534806148941</g>
    <t>-3.55534806148941</t>
   </pm-column>
   <pm-column position='8'>
    <a>1.36463286433871</a>
    <c>-3.55534806148941</c>
    <g>-3.55534806148941</g>
    <t>-3.55534806148941</t>
   </pm-column>
   <pm-column position='9'>
    <a>0.0</a>
    <c>0.0</c>
    <g>0.0</g>
    <t>0.0</t>
   </pm-column>
   <pm-column position='10'>
    <a>0.0</a>
    <c>0.0</c>
    <g>0.0</g>
    <t>0.0</t>
   </pm-column>
  </PWM>
  <word-list size='34'>
   <word score='7.07702572128113'>TAATAACANN</word>
   <word score='7.42330195799896'>GAATAACANN</word>
   <word score='6.79445874949612'>ACATAACANN</word>
   <word score='7.3554793616602'>GAAAAACANN</word>
   <word score='3.91034011995306'>AAGTTACANN</word>
   <word score='6.06852174611318'>ACATTACANN</word>
   <word score='5.57968731792795'>AGAGAACANN</word>
   <word score='6.52334677236838'>AATTAACANN</word>
   <word score='6.35108871789819'>TAATTACANN</word>
   <word score='3.82024707642602'>CTTTTACANN</word>
   <word score='6.72663615315735'>ACAAAACANN</word>
   <word score='5.2847372914483'>TAAGTACANN</word>
   <word score='6.57821614803908'>AGAAAACANN</word>
   <word score='5.56750012244381'>GTATTACANN</word>
   <word score='6.68642973267931'>CAAAAACANN</word>
   <word score='5.93099970790546'>TATAAACANN</word>
   <word score='5.55133894124036'>GATATACANN</word>
   <word score='4.841898323958'>AGTTTACANN</word>
   <word score='6.05369167991493'>TGAAAACANN</word>
   <word score='6.87561318602234'>AAATTACANN</word>
   <word score='4.97548826287803'>TGTAAACANN</word>
   <word score='6.69736495461602'>GAATTACANN</word>
   <word score='6.52334677236838'>AATTAACANN</word>
   <word score='4.47165567460301'>GCTGAACANN</word>
   <word score='6.68642973267931'>CAAAAACANN</word>
   <word score='4.88080946265902'>TTAGAACANN</word>
   <word score='5.22708569937686'>GTAGAACANN</word>
   <word score='5.87933829277015'>CCAAAACANN</word>
   <word score='6.79445874949612'>ACATAACANN</word>
   <word score='7.3554793616602'>GAAAAACANN</word>
   <word score='5.56750012244381'>GTATTACANN</word>
   <word score='7.53372759306652'>AAAAAACANN</word>
   <word score='2.91406522670087'>CCCAAACANN</word>
   <word score='6.39996791663276'>GGAAAACANN</word>
  </word-list>
 </motif>
</smallbismark>