<?xml version='1.0' encoding='UTF-8'?>
<smallbismark>
 <comment name='WARNING'>This is a draft version of small-BiSMark. Specification is the subject to change!</comment>
 <motif name='Bsh' id='BSH.MTF' length='10'>
  <PPM length='10'>
   <pm-column position='1'>
    <a>0.25</a>
    <c>0.25</c>
    <g>0.25</g>
    <t>0.25</t>
   </pm-column>
   <pm-column position='2'>
    <a>0.1875</a>
    <c>0.3125</c>
    <g>0.0625</g>
    <t>0.4375</t>
   </pm-column>
   <pm-column position='3'>
    <a>0.0625</a>
    <c>0.1875</c>
    <g>0.125</g>
    <t>0.625</t>
   </pm-column>
   <pm-column position='4'>
    <a>0.0</a>
    <c>0.0</c>
    <g>0.0</g>
    <t>1.0</t>
   </pm-column>
   <pm-column position='5'>
    <a>1.0</a>
    <c>0.0</c>
    <g>0.0</g>
    <t>0.0</t>
   </pm-column>
   <pm-column position='6'>
    <a>1.0</a>
    <c>0.0</c>
    <g>0.0</g>
    <t>0.0</t>
   </pm-column>
   <pm-column position='7'>
    <a>0.0</a>
    <c>0.0625</c>
    <g>0.0</g>
    <t>0.9375</t>
   </pm-column>
   <pm-column position='8'>
    <a>0.0</a>
    <c>0.1875</c>
    <g>0.375</g>
    <t>0.4375</t>
   </pm-column>
   <pm-column position='9'>
    <a>0.4375</a>
    <c>0.0</c>
    <g>0.5625</g>
    <t>0.0</t>
   </pm-column>
   <pm-column position='10'>
    <a>0.1875</a>
    <c>0.1875</c>
    <g>0.5625</g>
    <t>0.0625</t>
   </pm-column>
  </PPM>
  <PWM length='10'>
   <pm-column position='1'>
    <a>0.0</a>
    <c>0.0</c>
    <g>0.0</g>
    <t>0.0</t>
   </pm-column>
   <pm-column position='2'>
    <a>-0.268263986594679</a>
    <c>0.211309093667207</c>
    <g>-1.22377543162212</g>
    <t>0.534082485930258</t>
   </pm-column>
   <pm-column position='3'>
    <a>-1.22377543162212</a>
    <c>-0.268263986594679</c>
    <g>-0.635988766719997</g>
    <t>0.880358722648092</t>
   </pm-column>
   <pm-column position='4'>
    <a>-2.83321334405622</a>
    <c>-2.83321334405622</c>
    <g>-2.83321334405622</g>
    <t>1.34117392583942</t>
   </pm-column>
   <pm-column position='5'>
    <a>1.34117392583942</a>
    <c>-2.83321334405622</c>
    <g>-2.83321334405622</g>
    <t>-2.83321334405622</t>
   </pm-column>
   <pm-column position='6'>
    <a>1.34117392583942</a>
    <c>-2.83321334405622</c>
    <g>-2.83321334405622</g>
    <t>-2.83321334405622</t>
   </pm-column>
   <pm-column position='7'>
    <a>-2.83321334405622</a>
    <c>-1.22377543162212</c>
    <g>-2.83321334405622</g>
    <t>1.2776605201171</t>
   </pm-column>
   <pm-column position='8'>
    <a>-2.83321334405622</a>
    <c>-0.268263986594679</c>
    <g>0.385662480811985</g>
    <t>0.534082485930258</t>
   </pm-column>
   <pm-column position='9'>
    <a>0.534082485930258</a>
    <c>-2.83321334405622</c>
    <g>0.777704568588008</g>
    <t>-2.83321334405622</t>
   </pm-column>
   <pm-column position='10'>
    <a>-0.268263986594679</a>
    <c>-0.268263986594679</c>
    <g>0.777704568588008</g>
    <t>-1.22377543162212</t>
   </pm-column>
  </PWM>
  <word-list size='16'>
   <word score='6.00128865658492'>NGTTAATTGC</word>
   <word score='7.28876763995189'>NTGTAATTGG</word>
   <word score='6.63402670934931'>NCTTAATCGA</word>
   <word score='7.26445033230119'>NTCTAATGAG</word>
   <word score='6.95680010161236'>NTTTAATCGA</word>
   <word score='6.08881964907078'>NCTTAATGAT</word>
   <word score='7.04433109409822'>NCTTAATGAC</word>
   <word score='7.75914657413729'>NATTAATTAG</word>
   <word score='6.95680010161236'>NATTAATTGC</word>
   <word score='6.70098097504978'>NTATAATTGG</word>
   <word score='7.75914657413729'>NATTAATTAG</word>
   <word score='6.95680010161236'>NTTTAATCGA</word>
   <word score='5.5888636975417'>NCTTAACGAG</word>
   <word score='7.28876763995189'>NTGTAATTGG</word>
   <word score='7.18529902269589'>NCCTAATGGG</word>
   <word score='7.26445033230119'>NTCTAATGAG</word>
  </word-list>
 </motif>
</smallbismark>