<?xml version='1.0' encoding='UTF-8'?>
<smallbismark>
 <comment name='WARNING'>This is a draft version of small-BiSMark. Specification is the subject to change!</comment>
 <motif name='cad' id='CAD.MTF' length='10'>
  <PPM length='10'>
   <pm-column position='1'>
    <a>0.263157894736842</a>
    <c>0.289473684210526</c>
    <g>0.131578947368421</g>
    <t>0.315789473684211</t>
   </pm-column>
   <pm-column position='2'>
    <a>0.315789473684211</a>
    <c>0.157894736842105</c>
    <g>0.105263157894737</g>
    <t>0.421052631578947</t>
   </pm-column>
   <pm-column position='3'>
    <a>0.0789473684210526</a>
    <c>0.0789473684210526</c>
    <g>0.0789473684210526</g>
    <t>0.763157894736842</t>
   </pm-column>
   <pm-column position='4'>
    <a>0.105263157894737</a>
    <c>0.0</c>
    <g>0.0</g>
    <t>0.894736842105263</t>
   </pm-column>
   <pm-column position='5'>
    <a>0.315789473684211</a>
    <c>0.0</c>
    <g>0.0526315789473684</g>
    <t>0.631578947368421</t>
   </pm-column>
   <pm-column position='6'>
    <a>1.0</a>
    <c>0.0</c>
    <g>0.0</g>
    <t>0.0</t>
   </pm-column>
   <pm-column position='7'>
    <a>0.0</a>
    <c>0.0</c>
    <g>0.0</g>
    <t>1.0</t>
   </pm-column>
   <pm-column position='8'>
    <a>0.105263157894737</a>
    <c>0.0</c>
    <g>0.184210526315789</g>
    <t>0.710526315789474</t>
   </pm-column>
   <pm-column position='9'>
    <a>0.578947368421053</a>
    <c>0.0</c>
    <g>0.394736842105263</g>
    <t>0.0263157894736842</t>
   </pm-column>
   <pm-column position='10'>
    <a>0.144736842105263</a>
    <c>0.328947368421053</c>
    <g>0.381578947368421</g>
    <t>0.144736842105263</t>
   </pm-column>
  </PPM>
  <PWM length='10'>
   <pm-column position='1'>
    <a>0.0500104205746614</a>
    <c>0.143100843640673</c>
    <g>-0.619039208406224</g>
    <t>0.22825865198098</t>
   </pm-column>
   <pm-column position='2'>
    <a>0.22825865198098</a>
    <c>-0.444685821261446</c>
    <g>-0.83034830207343</g>
    <t>0.510825623765991</t>
   </pm-column>
   <pm-column position='3'>
    <a>-1.09861228866811</a>
    <c>-1.09861228866811</c>
    <g>-1.09861228866811</g>
    <t>1.09861228866811</t>
   </pm-column>
   <pm-column position='4'>
    <a>-0.83034830207343</a>
    <c>-3.66356164612965</c>
    <g>-3.66356164612965</g>
    <t>1.25641927969848</t>
   </pm-column>
   <pm-column position='5'>
    <a>0.22825865198098</a>
    <c>-3.66356164612965</c>
    <g>-1.46633706879343</g>
    <t>0.911149332373736</t>
   </pm-column>
   <pm-column position='6'>
    <a>1.36687627526279</a>
    <c>-3.66356164612965</c>
    <g>-3.66356164612965</g>
    <t>-3.66356164612965</t>
   </pm-column>
   <pm-column position='7'>
    <a>-3.66356164612965</a>
    <c>-3.66356164612965</c>
    <g>-3.66356164612965</g>
    <t>1.36687627526279</t>
   </pm-column>
   <pm-column position='8'>
    <a>-0.83034830207343</a>
    <c>-3.66356164612965</c>
    <g>-0.296265816143172</g>
    <t>1.0277862360995</t>
   </pm-column>
   <pm-column position='9'>
    <a>0.825074723602493</a>
    <c>-3.66356164612965</c>
    <g>0.447312218043665</g>
    <t>-2.05412373369555</t>
   </pm-column>
   <pm-column position='10'>
    <a>-0.528067430200497</a>
    <c>0.268263986594679</c>
    <g>0.413975797776073</g>
    <t>-0.528067430200497</t>
   </pm-column>
  </PWM>
  <word-list size='38'>
   <word score='6.39027962677498'>CTTTAATGGC</word>
   <word score='5.03902411351121'>ATTATATGGG</word>
   <word score='7.14120624191129'>TGTTTATTGC</word>
   <word score='5.60387931636972'>GATTTATAAN</word>
   <word score='5.26089443294489'>ACATTATTAN</word>
   <word score='5.89246134388449'>GTTTTATGAT</word>
   <word score='8.41363045530855'>ATTTTATTAN</word>
   <word score='5.28719415748435'>TGTTGATTAG</word>
   <word score='6.84322472349811'>AATTTATGGG</word>
   <word score='8.21411618115603'>TTTTTATTGN</word>
   <word score='8.26036719880679'>CATTTATTGG</word>
   <word score='3.62510221746232'>TAATGATTGC</word>
   <word score='6.34062850640885'>TGTTTATGAG</word>
   <word score='6.20210289278199'>AAGTTATTAC</word>
   <word score='8.30931171492986'>TATTTATTAN</word>
   <word score='5.71176342898589'>TTCTAATTAN</word>
   <word score='7.26782663447219'>TTTTTATGAN</word>
   <word score='6.61571939034954'>NCTTAATTGC</word>
   <word score='7.72638299687579'>ACTTTATTAC</word>
   <word score='8.48238016775071'>TTTTTATTGC</word>
   <word score='4.67109417561815'>CCGTAATTAN</word>
   <word score='8.49502886072495'>NATTTATTAG</word>
   <word score='7.10866982168637'>AGTTTATTGG</word>
   <word score='5.34403864886057'>CAGTAATTAN</word>
   <word score='5.20355560776198'>GTTTAATAAN</word>
   <word score='3.25727106708866'>CACAAATTAN</word>
   <word score='6.96947171491169'>ATTTTATAAG</word>
   <word score='5.24884311508675'>CTCTAATTGN</word>
   <word score='8.30931171492986'>TATTTATTAN</word>
   <word score='8.48238016775071'>TTTTTATTGC</word>
   <word score='7.58742272556437'>CCTTTATTGG</word>
   <word score='7.45779009897456'>NTTTTATTGA</word>
   <word score='4.67109417561815'>CCATAATTAN</word>
   <word score='5.73706261620989'>CTTAAATTAN</word>
   <word score='4.58281539724461'>GATTTATTTN</word>
   <word score='5.21227575939902'>AATTAATAGN</word>
   <word score='8.77759583250996'>NTTTTATTAG</word>
   <word score='4.41301056396722'>CTTAAATGAN</word>
  </word-list>
 </motif>
</smallbismark>