<?xml version='1.0' encoding='UTF-8'?>
<smallbismark>
 <comment name='WARNING'>This is a draft version of small-BiSMark. Specification is the subject to change!</comment>
 <motif name='Ct' id='CT.MTF' length='10'>
  <PCM length='10'>
   <pm-column position='1'>
    <a>3</a>
    <c>3</c>
    <g>7</g>
    <t>7</t>
   </pm-column>
   <pm-column position='2'>
    <a>3</a>
    <c>8</c>
    <g>6</g>
    <t>3</t>
   </pm-column>
   <pm-column position='3'>
    <a>0</a>
    <c>6</c>
    <g>0</g>
    <t>14</t>
   </pm-column>
   <pm-column position='4'>
    <a>1</a>
    <c>2</c>
    <g>0</g>
    <t>17</t>
   </pm-column>
   <pm-column position='5'>
    <a>9</a>
    <c>0</c>
    <g>11</g>
    <t>0</t>
   </pm-column>
   <pm-column position='6'>
    <a>20</a>
    <c>0</c>
    <g>0</g>
    <t>0</t>
   </pm-column>
   <pm-column position='7'>
    <a>17</a>
    <c>0</c>
    <g>1</g>
    <t>2</t>
   </pm-column>
   <pm-column position='8'>
    <a>0</a>
    <c>19</c>
    <g>1</g>
    <t>0</t>
   </pm-column>
   <pm-column position='9'>
    <a>5.0</a>
    <c>5.0</c>
    <g>5.0</g>
    <t>5.0</t>
   </pm-column>
   <pm-column position='10'>
    <a>5.0</a>
    <c>5.0</c>
    <g>5.0</g>
    <t>5.0</t>
   </pm-column>
  </PCM>
  <PPM length='10'>
   <pm-column position='1'>
    <a>0.15</a>
    <c>0.15</c>
    <g>0.35</g>
    <t>0.35</t>
   </pm-column>
   <pm-column position='2'>
    <a>0.15</a>
    <c>0.4</c>
    <g>0.3</g>
    <t>0.15</t>
   </pm-column>
   <pm-column position='3'>
    <a>0.0</a>
    <c>0.3</c>
    <g>0.0</g>
    <t>0.7</t>
   </pm-column>
   <pm-column position='4'>
    <a>0.05</a>
    <c>0.1</c>
    <g>0.0</g>
    <t>0.85</t>
   </pm-column>
   <pm-column position='5'>
    <a>0.45</a>
    <c>0.0</c>
    <g>0.55</g>
    <t>0.0</t>
   </pm-column>
   <pm-column position='6'>
    <a>1.0</a>
    <c>0.0</c>
    <g>0.0</g>
    <t>0.0</t>
   </pm-column>
   <pm-column position='7'>
    <a>0.85</a>
    <c>0.0</c>
    <g>0.05</g>
    <t>0.1</t>
   </pm-column>
   <pm-column position='8'>
    <a>0.0</a>
    <c>0.95</c>
    <g>0.05</g>
    <t>0.0</t>
   </pm-column>
   <pm-column position='9'>
    <a>0.25</a>
    <c>0.25</c>
    <g>0.25</g>
    <t>0.25</t>
   </pm-column>
   <pm-column position='10'>
    <a>0.25</a>
    <c>0.25</c>
    <g>0.25</g>
    <t>0.25</t>
   </pm-column>
  </PPM>
  <PWM length='10'>
   <pm-column position='1'>
    <a>-0.479573080261886</a>
    <c>-0.479573080261886</c>
    <g>0.322773392263051</g>
    <t>0.322773392263051</t>
   </pm-column>
   <pm-column position='2'>
    <a>-0.479573080261886</a>
    <c>0.451985123743057</c>
    <g>0.174353387144778</g>
    <t>-0.479573080261886</t>
   </pm-column>
   <pm-column position='3'>
    <a>-3.04452243772342</a>
    <c>0.174353387144778</c>
    <g>-3.04452243772342</g>
    <t>0.998528830111127</t>
   </pm-column>
   <pm-column position='4'>
    <a>-1.43508452528932</a>
    <c>-0.847297860387204</c>
    <g>-3.04452243772342</g>
    <t>1.18958406687384</t>
   </pm-column>
   <pm-column position='5'>
    <a>0.566395474920801</a>
    <c>-3.04452243772342</c>
    <g>0.762140052046897</g>
    <t>-3.04452243772342</t>
   </pm-column>
   <pm-column position='6'>
    <a>1.34992671694902</a>
    <c>-3.04452243772342</c>
    <g>-3.04452243772342</g>
    <t>-3.04452243772342</t>
   </pm-column>
   <pm-column position='7'>
    <a>1.18958406687384</a>
    <c>-3.04452243772342</c>
    <g>-1.43508452528932</g>
    <t>-0.847297860387204</t>
   </pm-column>
   <pm-column position='8'>
    <a>-3.04452243772342</a>
    <c>1.29928298413026</c>
    <g>-1.43508452528932</g>
    <t>-3.04452243772342</t>
   </pm-column>
   <pm-column position='9'>
    <a>0.0</a>
    <c>0.0</c>
    <g>0.0</g>
    <t>0.0</t>
   </pm-column>
   <pm-column position='10'>
    <a>0.0</a>
    <c>0.0</c>
    <g>0.0</g>
    <t>0.0</t>
   </pm-column>
  </PWM>
  <word-list size='20'>
   <word score='7.2861734963928'>GGTTGAACNN</word>
   <word score='4.74339206370183'>GCTAAAACNN</word>
   <word score='4.22937154903932'>TGCTAATCNN</word>
   <word score='1.66525301517942'>GTTCAAAGNN</word>
   <word score='6.73962979002473'>TCCTGAACNN</word>
   <word score='6.28808244674177'>AGTTAAACNN</word>
   <word score='7.09042891926671'>GGTTAAACNN</word>
   <word score='4.25120051948073'>CGTTAATCNN</word>
   <word score='6.56571418334005'>ACTTAAACNN</word>
   <word score='6.43650245186004'>GATTAAACNN</word>
   <word score='5.8299005564612'>CATTGAACNN</word>
   <word score='5.80807158601979'>GTCTGAACNN</word>
   <word score='7.56380523299108'>TCTTGAACNN</word>
   <word score='6.26625347630036'>TGCTAAACNN</word>
   <word score='5.8299005564612'>AATTGAACNN</word>
   <word score='5.80807158601979'>TTCTGAACNN</word>
   <word score='7.56380523299108'>TCTTGAACNN</word>
   <word score='6.76145876046614'>CCTTGAACNN</word>
   <word score='2.90225471356688'>GCTCGAGCNN</word>
   <word score='6.73962979002473'>TCCTGAACNN</word>
  </word-list>
 </motif>
</smallbismark>