<?xml version='1.0' encoding='UTF-8'?>
<smallbismark>
 <comment name='WARNING'>This is a draft version of small-BiSMark. Specification is the subject to change!</comment>
 <motif name='en' id='EN.MTF' length='10'>
  <PPM length='10'>
   <pm-column position='1'>
    <a>0.16304347826087</a>
    <c>0.25</c>
    <g>0.293478260869565</g>
    <t>0.293478260869565</t>
   </pm-column>
   <pm-column position='2'>
    <a>0.130434782608696</a>
    <c>0.130434782608696</c>
    <g>0.521739130434783</g>
    <t>0.217391304347826</t>
   </pm-column>
   <pm-column position='3'>
    <a>0.0869565217391304</a>
    <c>0.347826086956522</c>
    <g>0.0869565217391304</g>
    <t>0.478260869565217</t>
   </pm-column>
   <pm-column position='4'>
    <a>0.0</a>
    <c>0.0</c>
    <g>0.0</g>
    <t>1.0</t>
   </pm-column>
   <pm-column position='5'>
    <a>1.0</a>
    <c>0.0</c>
    <g>0.0</g>
    <t>0.0</t>
   </pm-column>
   <pm-column position='6'>
    <a>1.0</a>
    <c>0.0</c>
    <g>0.0</g>
    <t>0.0</t>
   </pm-column>
   <pm-column position='7'>
    <a>0.0</a>
    <c>0.0</c>
    <g>0.0</g>
    <t>1.0</t>
   </pm-column>
   <pm-column position='8'>
    <a>0.0</a>
    <c>0.0</c>
    <g>0.0869565217391304</g>
    <t>0.91304347826087</t>
   </pm-column>
   <pm-column position='9'>
    <a>0.565217391304348</a>
    <c>0.0</c>
    <g>0.434782608695652</g>
    <t>0.0</t>
   </pm-column>
   <pm-column position='10'>
    <a>0.315217391304348</a>
    <c>0.184782608695652</c>
    <g>0.358695652173913</g>
    <t>0.141304347826087</t>
   </pm-column>
  </PPM>
  <PWM length='10'>
   <pm-column position='1'>
    <a>-0.405465108108164</a>
    <c>0.0</c>
    <g>0.154150679827258</g>
    <t>0.154150679827258</t>
   </pm-column>
   <pm-column position='2'>
    <a>-0.613104472886409</a>
    <c>-0.613104472886409</c>
    <g>0.713766467762681</g>
    <t>-0.133531392624523</t>
   </pm-column>
   <pm-column position='3'>
    <a>-0.980829253011726</a>
    <c>0.318453731118535</c>
    <g>-0.980829253011726</g>
    <t>0.628608659422374</t>
   </pm-column>
   <pm-column position='4'>
    <a>-3.17805383034795</a>
    <c>-3.17805383034795</c>
    <g>-3.17805383034795</g>
    <t>1.35454566280531</t>
   </pm-column>
   <pm-column position='5'>
    <a>1.35454566280531</a>
    <c>-3.17805383034795</c>
    <g>-3.17805383034795</g>
    <t>-3.17805383034795</t>
   </pm-column>
   <pm-column position='6'>
    <a>1.35454566280531</a>
    <c>-3.17805383034795</c>
    <g>-3.17805383034795</g>
    <t>-3.17805383034795</t>
   </pm-column>
   <pm-column position='7'>
    <a>-3.17805383034795</a>
    <c>-3.17805383034795</c>
    <g>-3.17805383034795</g>
    <t>1.35454566280531</t>
   </pm-column>
   <pm-column position='8'>
    <a>-3.17805383034795</a>
    <c>-3.17805383034795</c>
    <g>-0.980829253011726</g>
    <t>1.26459742614237</t>
   </pm-column>
   <pm-column position='9'>
    <a>0.792238083204176</a>
    <c>-3.17805383034795</c>
    <g>0.535518236356362</g>
    <t>-3.17805383034795</t>
   </pm-column>
   <pm-column position='10'>
    <a>0.22314355131421</a>
    <c>-0.287682072451781</c>
    <g>0.348306694268216</g>
    <t>-0.538996500732687</t>
   </pm-column>
  </PWM>
  <word-list size='23'>
   <word score='7.362106055146'>GGGTAATTAN</word>
   <word score='8.2158329546133'>GTTTAATTGG</word>
   <word score='7.45694605157015'>NCTTAATTGA</word>
   <word score='7.45694605157015'>NCTTAATTGA</word>
   <word score='8.85554505371722'>CGCTAATTAG</word>
   <word score='8.81739328775284'>CGTTAATTAN</word>
   <word score='7.33451809862717'>GACTAATTAN</word>
   <word score='8.2158329546133'>TTTTAATTGG</word>
   <word score='5.28324743391403'>CACTAATGAG</word>
   <word score='6.95123552847093'>CGATAATTGN</word>
   <word score='8.66138903927626'>GGCTAATTAN</word>
   <word score='8.9379676720465'>GGTTAATTGA</word>
   <word score='7.3879531800832'>TCTTAATTGN</word>
   <word score='8.73038191076321'>NGCTAATTAA</word>
   <word score='6.77490231069175'>AACTAATTAN</word>
   <word score='6.81770413584641'>TGATAATTGC</word>
   <word score='8.2158329546133'>TTTTAATTGG</word>
   <word score='8.66138903927626'>TGCTAATTAN</word>
   <word score='7.56463031925747'>ATTTAATTAN</word>
   <word score='6.80249026721058'>AGGTAATTAN</word>
   <word score='8.66138903927626'>GGCTAATTAN</word>
   <word score='7.86752626034508'>TTTTAATTGN</word>
   <word score='6.57196660859875'>CGTTAATGAN</word>
  </word-list>
 </motif>
</smallbismark>