<?xml version='1.0' encoding='UTF-8'?>
<smallbismark>
 <comment name='WARNING'>This is a draft version of small-BiSMark. Specification is the subject to change!</comment>
 <motif name='exd' id='EXD.MTF' length='10'>
  <PCM length='10'>
   <pm-column position='1'>
    <a>4</a>
    <c>4</c>
    <g>4</g>
    <t>5</t>
   </pm-column>
   <pm-column position='2'>
    <a>1</a>
    <c>0</c>
    <g>2</g>
    <t>14</t>
   </pm-column>
   <pm-column position='3'>
    <a>0</a>
    <c>0</c>
    <g>0</g>
    <t>17</t>
   </pm-column>
   <pm-column position='4'>
    <a>0</a>
    <c>0</c>
    <g>0</g>
    <t>17</t>
   </pm-column>
   <pm-column position='5'>
    <a>0</a>
    <c>0</c>
    <g>17</g>
    <t>0</t>
   </pm-column>
   <pm-column position='6'>
    <a>17</a>
    <c>0</c>
    <g>0</g>
    <t>0</t>
   </pm-column>
   <pm-column position='7'>
    <a>0</a>
    <c>12</c>
    <g>0</g>
    <t>5</t>
   </pm-column>
   <pm-column position='8'>
    <a>11</a>
    <c>0</c>
    <g>6</g>
    <t>0</t>
   </pm-column>
   <pm-column position='9'>
    <a>7.0</a>
    <c>2.0</c>
    <g>3.0</g>
    <t>5.0</t>
   </pm-column>
   <pm-column position='10'>
    <a>4.25</a>
    <c>4.25</c>
    <g>4.25</g>
    <t>4.25</t>
   </pm-column>
  </PCM>
  <PPM length='10'>
   <pm-column position='1'>
    <a>0.235294117647059</a>
    <c>0.235294117647059</c>
    <g>0.235294117647059</g>
    <t>0.294117647058824</t>
   </pm-column>
   <pm-column position='2'>
    <a>0.0588235294117647</a>
    <c>0.0</c>
    <g>0.117647058823529</g>
    <t>0.823529411764706</t>
   </pm-column>
   <pm-column position='3'>
    <a>0.0</a>
    <c>0.0</c>
    <g>0.0</g>
    <t>1.0</t>
   </pm-column>
   <pm-column position='4'>
    <a>0.0</a>
    <c>0.0</c>
    <g>0.0</g>
    <t>1.0</t>
   </pm-column>
   <pm-column position='5'>
    <a>0.0</a>
    <c>0.0</c>
    <g>1.0</g>
    <t>0.0</t>
   </pm-column>
   <pm-column position='6'>
    <a>1.0</a>
    <c>0.0</c>
    <g>0.0</g>
    <t>0.0</t>
   </pm-column>
   <pm-column position='7'>
    <a>0.0</a>
    <c>0.705882352941177</c>
    <g>0.0</g>
    <t>0.294117647058824</t>
   </pm-column>
   <pm-column position='8'>
    <a>0.647058823529412</a>
    <c>0.0</c>
    <g>0.352941176470588</g>
    <t>0.0</t>
   </pm-column>
   <pm-column position='9'>
    <a>0.411764705882353</a>
    <c>0.117647058823529</c>
    <g>0.176470588235294</g>
    <t>0.294117647058824</t>
   </pm-column>
   <pm-column position='10'>
    <a>0.25</a>
    <c>0.25</c>
    <g>0.25</g>
    <t>0.25</t>
   </pm-column>
  </PPM>
  <PWM length='10'>
   <pm-column position='1'>
    <a>-0.0571584138399486</a>
    <c>-0.0571584138399486</c>
    <g>-0.0571584138399486</g>
    <t>0.154150679827258</t>
   </pm-column>
   <pm-column position='2'>
    <a>-1.28093384546206</a>
    <c>-2.89037175789617</c>
    <g>-0.693147180559945</g>
    <t>1.15267950993839</t>
   </pm-column>
   <pm-column position='3'>
    <a>-2.89037175789617</a>
    <c>-2.89037175789617</c>
    <g>-2.89037175789617</g>
    <t>1.34373474670109</t>
   </pm-column>
   <pm-column position='4'>
    <a>-2.89037175789617</a>
    <c>-2.89037175789617</c>
    <g>-2.89037175789617</g>
    <t>1.34373474670109</t>
   </pm-column>
   <pm-column position='5'>
    <a>-2.89037175789617</a>
    <c>-2.89037175789617</c>
    <g>1.34373474670109</g>
    <t>-2.89037175789617</t>
   </pm-column>
   <pm-column position='6'>
    <a>1.34373474670109</a>
    <c>-2.89037175789617</c>
    <g>-2.89037175789617</g>
    <t>-2.89037175789617</t>
   </pm-column>
   <pm-column position='7'>
    <a>-2.89037175789617</a>
    <c>1.00144854021446</c>
    <g>-2.89037175789617</g>
    <t>0.154150679827258</t>
   </pm-column>
   <pm-column position='8'>
    <a>0.916290731874155</a>
    <c>-2.89037175789617</c>
    <g>0.328504066972036</g>
    <t>-2.89037175789617</t>
   </pm-column>
   <pm-column position='9'>
    <a>0.476924072090309</a>
    <c>-0.693147180559945</c>
    <g>-0.325422400434628</g>
    <t>0.154150679827258</t>
   </pm-column>
   <pm-column position='10'>
    <a>0.0</a>
    <c>0.0</c>
    <g>0.0</g>
    <t>0.0</t>
   </pm-column>
  </PWM>
  <word-list size='17'>
   <word score='6.83900152293469'>TTTTGATGGN</word>
   <word score='8.59950844865864'>TTTTGACANN</word>
   <word score='8.59950844865864'>TTTTGACANN</word>
   <word score='8.38819935499143'>ATTTGACANN</word>
   <word score='6.69652334432036'>AGTTGACATN</word>
   <word score='8.59950844865864'>TTTTGACANN</word>
   <word score='4.99642554639197'>GATTGATGAN</word>
   <word score='7.43003890179242'>CTTTGATGAN</word>
   <word score='8.38819935499143'>ATTTGACANN</word>
   <word score='8.48864585584683'>TTTTGACGAN</word>
   <word score='8.54235003481869'>CTTTGACATN</word>
   <word score='6.5423726644931'>AGTTGACANN</word>
   <word score='8.38819935499143'>GTTTGACANN</word>
   <word score='8.38819935499143'>CTTTGACANN</word>
   <word score='7.43003890179242'>GTTTGATGAN</word>
   <word score='7.43003890179242'>CTTTGATGAN</word>
   <word score='8.54235003481869'>GTTTGACATN</word>
  </word-list>
 </motif>
</smallbismark>