<?xml version='1.0' encoding='UTF-8'?>
<smallbismark>
 <comment name='WARNING'>This is a draft version of small-BiSMark. Specification is the subject to change!</comment>
 <motif name='Hth' id='HTH.MTF' length='10'>
  <PPM length='10'>
   <pm-column position='1'>
    <a>0.25</a>
    <c>0.426470588235294</c>
    <g>0.132352941176471</g>
    <t>0.191176470588235</t>
   </pm-column>
   <pm-column position='2'>
    <a>0.176470588235294</a>
    <c>0.176470588235294</c>
    <g>0.235294117647059</g>
    <t>0.411764705882353</t>
   </pm-column>
   <pm-column position='3'>
    <a>0.235294117647059</a>
    <c>0.117647058823529</c>
    <g>0.352941176470588</g>
    <t>0.294117647058824</t>
   </pm-column>
   <pm-column position='4'>
    <a>0.0</a>
    <c>0.0</c>
    <g>0.0</g>
    <t>1.0</t>
   </pm-column>
   <pm-column position='5'>
    <a>0.0</a>
    <c>0.0</c>
    <g>1.0</g>
    <t>0.0</t>
   </pm-column>
   <pm-column position='6'>
    <a>1.0</a>
    <c>0.0</c>
    <g>0.0</g>
    <t>0.0</t>
   </pm-column>
   <pm-column position='7'>
    <a>0.0</a>
    <c>1.0</c>
    <g>0.0</g>
    <t>0.0</t>
   </pm-column>
   <pm-column position='8'>
    <a>0.823529411764706</a>
    <c>0.0</c>
    <g>0.176470588235294</g>
    <t>0.0</t>
   </pm-column>
   <pm-column position='9'>
    <a>0.0735294117647059</a>
    <c>0.0735294117647059</c>
    <g>0.544117647058823</g>
    <t>0.308823529411765</t>
   </pm-column>
   <pm-column position='10'>
    <a>0.220588235294118</a>
    <c>0.279411764705882</c>
    <g>0.279411764705882</g>
    <t>0.220588235294118</t>
   </pm-column>
  </PPM>
  <PWM length='10'>
   <pm-column position='1'>
    <a>0.0</a>
    <c>0.510825623765991</c>
    <g>-0.587786664902119</g>
    <t>-0.251314428280906</t>
   </pm-column>
   <pm-column position='2'>
    <a>-0.325422400434628</a>
    <c>-0.325422400434628</c>
    <g>-0.0571584138399486</g>
    <t>0.476924072090309</t>
   </pm-column>
   <pm-column position='3'>
    <a>-0.0571584138399486</a>
    <c>-0.693147180559945</c>
    <g>0.328504066972036</g>
    <t>0.154150679827258</t>
   </pm-column>
   <pm-column position='4'>
    <a>-2.89037175789617</a>
    <c>-2.89037175789617</c>
    <g>-2.89037175789617</g>
    <t>1.34373474670109</t>
   </pm-column>
   <pm-column position='5'>
    <a>-2.89037175789617</a>
    <c>-2.89037175789617</c>
    <g>1.34373474670109</g>
    <t>-2.89037175789617</t>
   </pm-column>
   <pm-column position='6'>
    <a>1.34373474670109</a>
    <c>-2.89037175789617</c>
    <g>-2.89037175789617</g>
    <t>-2.89037175789617</t>
   </pm-column>
   <pm-column position='7'>
    <a>-2.89037175789617</a>
    <c>1.34373474670109</c>
    <g>-2.89037175789617</g>
    <t>-2.89037175789617</t>
   </pm-column>
   <pm-column position='8'>
    <a>1.15267950993839</a>
    <c>-2.89037175789617</c>
    <g>-0.325422400434628</g>
    <t>-2.89037175789617</t>
   </pm-column>
   <pm-column position='9'>
    <a>-1.09861228866811</a>
    <c>-1.09861228866811</c>
    <g>0.747214401830221</g>
    <t>0.200670695462151</t>
   </pm-column>
   <pm-column position='10'>
    <a>-0.117783035656384</a>
    <c>0.105360515657826</c>
    <g>0.105360515657826</g>
    <t>-0.117783035656384</t>
   </pm-column>
  </PWM>
  <word-list size='17'>
   <word score='6.56644104466024'>CTGTGACGTN</word>
   <word score='5.58974118499052'>CCTTGACGTN</word>
   <word score='6.40674426851671'>NGCTGACAGT</word>
   <word score='6.65586330623418'>CAATGACANN</word>
   <word score='6.41330166906287'>NGATGACANN</word>
   <word score='7.67134169465908'>CGATGACAGN</word>
   <word score='8.01126816614838'>NTTTGACAGC</word>
   <word score='7.35936394412248'>ATTTGACATN</word>
   <word score='7.54617855170507'>AGGTGACAGN</word>
   <word score='4.03094700537518'>ACCTGACGNN</word>
   <word score='6.57090658375821'>GTTTGACANN</word>
   <word score='7.82894660935443'>TTGTGACAGN</word>
   <word score='6.27938573499927'>TCGTGACANN</word>
   <word score='7.2415809084661'>NTTTGACATA</word>
   <word score='6.99761259995624'>NAATGACAGC</word>
   <word score='7.89410070453421'>CAGTGACAGG</word>
   <word score='8.69644717705915'>CTGTGACAGG</word>
  </word-list>
 </motif>
</smallbismark>