<?xml version='1.0' encoding='UTF-8'?>
<smallbismark>
 <comment name='WARNING'>This is a draft version of small-BiSMark. Specification is the subject to change!</comment>
 <motif name='Oc' id='OC.MTF' length='10'>
  <PPM length='10'>
   <pm-column position='1'>
    <a>0.276315789473684</a>
    <c>0.276315789473684</c>
    <g>0.223684210526316</g>
    <t>0.223684210526316</t>
   </pm-column>
   <pm-column position='2'>
    <a>0.223684210526316</a>
    <c>0.381578947368421</c>
    <g>0.223684210526316</g>
    <t>0.171052631578947</t>
   </pm-column>
   <pm-column position='3'>
    <a>0.263157894736842</a>
    <c>0.105263157894737</c>
    <g>0.0526315789473684</g>
    <t>0.578947368421053</t>
   </pm-column>
   <pm-column position='4'>
    <a>0.0</a>
    <c>0.0</c>
    <g>0.0</g>
    <t>1.0</t>
   </pm-column>
   <pm-column position='5'>
    <a>1.0</a>
    <c>0.0</c>
    <g>0.0</g>
    <t>0.0</t>
   </pm-column>
   <pm-column position='6'>
    <a>1.0</a>
    <c>0.0</c>
    <g>0.0</g>
    <t>0.0</t>
   </pm-column>
   <pm-column position='7'>
    <a>0.0</a>
    <c>0.0</c>
    <g>0.105263157894737</g>
    <t>0.894736842105263</t>
   </pm-column>
   <pm-column position='8'>
    <a>0.0</a>
    <c>1.0</c>
    <g>0.0</g>
    <t>0.0</t>
   </pm-column>
   <pm-column position='9'>
    <a>0.0</a>
    <c>0.894736842105263</c>
    <g>0.0526315789473684</g>
    <t>0.0526315789473684</t>
   </pm-column>
   <pm-column position='10'>
    <a>0.210526315789474</a>
    <c>0.263157894736842</c>
    <g>0.263157894736842</g>
    <t>0.263157894736842</t>
   </pm-column>
  </PPM>
  <PWM length='10'>
   <pm-column position='1'>
    <a>0.0953101798043249</a>
    <c>0.0953101798043249</c>
    <g>-0.105360515657826</g>
    <t>-0.105360515657826</t>
   </pm-column>
   <pm-column position='2'>
    <a>-0.105360515657826</a>
    <c>0.405465108108164</c>
    <g>-0.105360515657826</g>
    <t>-0.356674943938732</t>
   </pm-column>
   <pm-column position='3'>
    <a>0.048790164169432</a>
    <c>-0.798507696217772</c>
    <g>-1.38629436111989</g>
    <t>0.810930216216329</t>
   </pm-column>
   <pm-column position='4'>
    <a>-2.99573227355399</a>
    <c>-2.99573227355399</c>
    <g>-2.99573227355399</g>
    <t>1.34807314829969</t>
   </pm-column>
   <pm-column position='5'>
    <a>1.34807314829969</a>
    <c>-2.99573227355399</c>
    <g>-2.99573227355399</g>
    <t>-2.99573227355399</t>
   </pm-column>
   <pm-column position='6'>
    <a>1.34807314829969</a>
    <c>-2.99573227355399</c>
    <g>-2.99573227355399</g>
    <t>-2.99573227355399</t>
   </pm-column>
   <pm-column position='7'>
    <a>-2.99573227355399</a>
    <c>-2.99573227355399</c>
    <g>-0.798507696217772</g>
    <t>1.23837423104327</t>
   </pm-column>
   <pm-column position='8'>
    <a>-2.99573227355399</a>
    <c>1.34807314829969</c>
    <g>-2.99573227355399</g>
    <t>-2.99573227355399</t>
   </pm-column>
   <pm-column position='9'>
    <a>-2.99573227355399</a>
    <c>1.23837423104327</c>
    <g>-1.38629436111989</g>
    <t>-1.38629436111989</t>
   </pm-column>
   <pm-column position='10'>
    <a>-0.162518929497775</a>
    <c>0.048790164169432</c>
    <g>0.048790164169432</g>
    <t>0.048790164169432</t>
   </pm-column>
  </PWM>
  <word-list size='19'>
   <word score='7.60994643968544'>NTATAATCCC</word>
   <word score='7.11932352323697'>NNCTAATCCG</word>
   <word score='9.13422654377923'>NCTTAATCCG</word>
   <word score='8.41209182634604'>NATTAATCCA</word>
   <word score='5.99873232785008'>NGTTAATCTG</word>
   <word score='8.66992093564814'>AGTTAATCCN</word>
   <word score='9.22953672358356'>CCTTAATCCT</word>
   <word score='8.62340092001324'>NATTAATCCT</word>
   <word score='6.80265391391193'>NACTAATCCA</word>
   <word score='6.3352045644713'>NTTTAAGCCC</word>
   <word score='8.92291745011203'>NCTTAATCCA</word>
   <word score='7.65646645532033'>ATATAATCCN</word>
   <word score='6.50955795161607'>NCTTAATCGC</word>
   <word score='6.93700196644301'>NCGTAATCCT</word>
   <word score='8.21793581190508'>TCATAATCCN</word>
   <word score='6.94319393669094'>GCTTAAGCCN</word>
   <word score='8.62340092001324'>NGTTAATCCG</word>
   <word score='7.86126086796635'>NAATAATCCT</word>
   <word score='7.95657104777067'>CGATAATCCC</word>
  </word-list>
 </motif>
</smallbismark>