<?xml version='1.0' encoding='UTF-8'?>
<smallbismark>
 <comment name='WARNING'>This is a draft version of small-BiSMark. Specification is the subject to change!</comment>
 <motif name='Ubx' id='UBX.MTF' length='10'>
  <PPM length='10'>
   <pm-column position='1'>
    <a>0.225</a>
    <c>0.425</c>
    <g>0.075</g>
    <t>0.275</t>
   </pm-column>
   <pm-column position='2'>
    <a>0.15</a>
    <c>0.25</c>
    <g>0.15</g>
    <t>0.45</t>
   </pm-column>
   <pm-column position='3'>
    <a>0.0</a>
    <c>0.0</c>
    <g>0.0</g>
    <t>1.0</t>
   </pm-column>
   <pm-column position='4'>
    <a>0.0</a>
    <c>0.0</c>
    <g>0.0</g>
    <t>1.0</t>
   </pm-column>
   <pm-column position='5'>
    <a>0.85</a>
    <c>0.0</c>
    <g>0.0</g>
    <t>0.15</t>
   </pm-column>
   <pm-column position='6'>
    <a>1.0</a>
    <c>0.0</c>
    <g>0.0</g>
    <t>0.0</t>
   </pm-column>
   <pm-column position='7'>
    <a>0.0</a>
    <c>0.0</c>
    <g>0.0</g>
    <t>1.0</t>
   </pm-column>
   <pm-column position='8'>
    <a>0.0</a>
    <c>0.0</c>
    <g>0.3</g>
    <t>0.7</t>
   </pm-column>
   <pm-column position='9'>
    <a>0.7</a>
    <c>0.0</c>
    <g>0.3</g>
    <t>0.0</t>
   </pm-column>
   <pm-column position='10'>
    <a>0.175</a>
    <c>0.375</c>
    <g>0.225</g>
    <t>0.225</t>
   </pm-column>
  </PPM>
  <PWM length='10'>
   <pm-column position='1'>
    <a>-0.100083458556983</a>
    <c>0.510825623765991</c>
    <g>-1.09861228866811</g>
    <t>0.0909717782057268</t>
   </pm-column>
   <pm-column position='2'>
    <a>-0.479573080261886</a>
    <c>0.0</c>
    <g>-0.479573080261886</g>
    <t>0.566395474920801</t>
   </pm-column>
   <pm-column position='3'>
    <a>-3.04452243772342</a>
    <c>-3.04452243772342</c>
    <g>-3.04452243772342</g>
    <t>1.34992671694902</t>
   </pm-column>
   <pm-column position='4'>
    <a>-3.04452243772342</a>
    <c>-3.04452243772342</c>
    <g>-3.04452243772342</g>
    <t>1.34992671694902</t>
   </pm-column>
   <pm-column position='5'>
    <a>1.18958406687384</a>
    <c>-3.04452243772342</c>
    <g>-3.04452243772342</g>
    <t>-0.479573080261886</t>
   </pm-column>
   <pm-column position='6'>
    <a>1.34992671694902</a>
    <c>-3.04452243772342</c>
    <g>-3.04452243772342</g>
    <t>-3.04452243772342</t>
   </pm-column>
   <pm-column position='7'>
    <a>-3.04452243772342</a>
    <c>-3.04452243772342</c>
    <g>-3.04452243772342</g>
    <t>1.34992671694902</t>
   </pm-column>
   <pm-column position='8'>
    <a>-3.04452243772342</a>
    <c>-3.04452243772342</c>
    <g>0.174353387144778</g>
    <t>0.998528830111127</t>
   </pm-column>
   <pm-column position='9'>
    <a>0.998528830111127</a>
    <c>-3.04452243772342</c>
    <g>0.174353387144778</g>
    <t>-3.04452243772342</t>
   </pm-column>
   <pm-column position='10'>
    <a>-0.336472236621213</a>
    <c>0.389464766761723</c>
    <g>-0.100083458556983</g>
    <t>-0.100083458556983</t>
   </pm-column>
  </PWM>
  <word-list size='20'>
   <word score='7.40430972532327'>ATTTAATGGN</word>
   <word score='7.40430972532327'>NTTTAATGGG</word>
   <word score='9.66356969357895'>CTTTAATTAN</word>
   <word score='9.09717421865814'>CCTTAATTAN</word>
   <word score='8.49624028139199'>NGTTAATTAC</word>
   <word score='8.22848516828963'>NTTTAATTGT</word>
   <word score='8.00669205607328'>AATTAATTAN</word>
   <word score='8.61760113839626'>CGTTAATTAN</word>
   <word score='8.19774729283599'>TATTAATTAN</word>
   <word score='6.75038325791661'>TTTTTATGAN</word>
   <word score='7.85314493013153'>TCTTAATGAN</word>
   <word score='8.61760113839626'>CGTTAATTAN</word>
   <word score='7.38350346412025'>ATTTTATTAN</word>
   <word score='8.15163791868753'>NCTTAATTGC</word>
   <word score='8.27299877569179'>CCTTAATGAN</word>
   <word score='8.71803339360833'>NTTTAATTGC</word>
   <word score='7.04887624647261'>NTTTTATTGC</word>
   <word score='7.37357184986965'>TATTAATGAN</word>
   <word score='9.66356969357895'>CTTTAATTAN</word>
   <word score='9.09717421865814'>CCTTAATTAN</word>
  </word-list>
 </motif>
</smallbismark>