<?xml version='1.0' encoding='UTF-8'?>
<smallbismark>
 <comment name='WARNING'>This is a draft version of small-BiSMark. Specification is the subject to change!</comment>
 <motif name='Unpg' id='UNPG.MTF' length='10'>
  <PPM length='10'>
   <pm-column position='1'>
    <a>0.226190476190476</a>
    <c>0.321428571428571</c>
    <g>0.226190476190476</g>
    <t>0.226190476190476</t>
   </pm-column>
   <pm-column position='2'>
    <a>0.238095238095238</a>
    <c>0.476190476190476</c>
    <g>0.142857142857143</g>
    <t>0.142857142857143</t>
   </pm-column>
   <pm-column position='3'>
    <a>0.0476190476190476</a>
    <c>0.285714285714286</c>
    <g>0.19047619047619</g>
    <t>0.476190476190476</t>
   </pm-column>
   <pm-column position='4'>
    <a>0.0476190476190476</a>
    <c>0.0</c>
    <g>0.0</g>
    <t>0.952380952380952</t>
   </pm-column>
   <pm-column position='5'>
    <a>1.0</a>
    <c>0.0</c>
    <g>0.0</g>
    <t>0.0</t>
   </pm-column>
   <pm-column position='6'>
    <a>1.0</a>
    <c>0.0</c>
    <g>0.0</g>
    <t>0.0</t>
   </pm-column>
   <pm-column position='7'>
    <a>0.0</a>
    <c>0.0</c>
    <g>0.0</g>
    <t>1.0</t>
   </pm-column>
   <pm-column position='8'>
    <a>0.0</a>
    <c>0.0</c>
    <g>0.0952380952380952</g>
    <t>0.904761904761905</t>
   </pm-column>
   <pm-column position='9'>
    <a>0.666666666666667</a>
    <c>0.0</c>
    <g>0.333333333333333</g>
    <t>0.0</t>
   </pm-column>
   <pm-column position='10'>
    <a>0.130952380952381</a>
    <c>0.178571428571429</c>
    <g>0.511904761904762</g>
    <t>0.178571428571429</t>
   </pm-column>
  </PPM>
  <PWM length='10'>
   <pm-column position='1'>
    <a>-0.0953101798043249</a>
    <c>0.241162056816888</c>
    <g>-0.0953101798043249</g>
    <t>-0.0953101798043249</t>
   </pm-column>
   <pm-column position='2'>
    <a>-0.0465200156348928</a>
    <c>0.622529613345992</c>
    <g>-0.526093095896779</g>
    <t>-0.526093095896779</t>
   </pm-column>
   <pm-column position='3'>
    <a>-1.48160454092422</a>
    <c>0.127833371509885</c>
    <g>-0.2578291093021</g>
    <t>0.622529613345992</t>
   </pm-column>
   <pm-column position='4'>
    <a>-1.48160454092422</a>
    <c>-3.09104245335832</c>
    <g>-3.09104245335832</g>
    <t>1.30340670131412</t>
   </pm-column>
   <pm-column position='5'>
    <a>1.351608803132</a>
    <c>-3.09104245335832</c>
    <g>-3.09104245335832</g>
    <t>-3.09104245335832</t>
   </pm-column>
   <pm-column position='6'>
    <a>1.351608803132</a>
    <c>-3.09104245335832</c>
    <g>-3.09104245335832</g>
    <t>-3.09104245335832</t>
   </pm-column>
   <pm-column position='7'>
    <a>-3.09104245335832</a>
    <c>-3.09104245335832</c>
    <g>-3.09104245335832</g>
    <t>1.351608803132</t>
   </pm-column>
   <pm-column position='8'>
    <a>-3.09104245335832</a>
    <c>-3.09104245335832</c>
    <g>-0.893817876022096</g>
    <t>1.25276296849537</t>
   </pm-column>
   <pm-column position='9'>
    <a>0.952008814476234</a>
    <c>-3.09104245335832</c>
    <g>0.276253376628158</g>
    <t>-3.09104245335832</t>
   </pm-column>
   <pm-column position='10'>
    <a>-0.606135803570316</a>
    <c>-0.318453731118535</c>
    <g>0.693147180559945</g>
    <t>-0.318453731118535</t>
   </pm-column>
  </PWM>
  <word-list size='21'>
   <word score='8.05501700822399'>CCTTAATTGC</word>
   <word score='6.12619363705489'>TCCAAATTAG</word>
   <word score='6.46062895736431'>NTGTAATTAT</word>
   <word score='8.09905440667167'>CGCTAATTAG</word>
   <word score='8.21805769873328'>GCCTAATTAN</word>
   <word score='6.37755016971255'>NTTTAATTGA</word>
   <word score='8.83216167195277'>NATTAATTAG</word>
   <word score='8.82545586308558'>NCTTAATTGG</word>
   <word score='8.52554239848124'>GCGTAATTAG</word>
   <word score='6.20600774717342'>NTTTAATGAG</word>
   <word score='7.83239521792129'>ACGTAATTAN</word>
   <word score='7.8138549514071'>NCTTAATTGC</word>
   <word score='8.1564062341047'>NATTAATTGG</word>
   <word score='8.73685149214845'>TATTAATTAG</word>
   <word score='9.74237335775054'>CCTTAATTAG</word>
   <word score='7.32586451843819'>NACTAATTAT</word>
   <word score='7.08745349499319'>CGCTAATTAT</word>
   <word score='8.62085257828556'>NCGTAATTAG</word>
   <word score='7.52617287895532'>NCTTAATTGA</word>
   <word score='4.78424163920833'>AGATAATTGN</word>
   <word score='5.17928367392072'>NACTAATGAC</word>
  </word-list>
 </motif>
</smallbismark>