<?xml version='1.0' encoding='UTF-8'?>
<smallbismark>
 <comment name='WARNING'>This is a draft version of small-BiSMark. Specification is the subject to change!</comment>
 <motif name='hkb' id='HKB.MTF'>
  <comment name='discrete information content by position'>[-1.13511462737147, -1.16968249654842, -0.733670474991501, -0.262023552253375, -0.474219220320983, -0.169435913467626, -0.370170883705833, -0.290649458012195, -0.290649458012195, -0.715562956845754, -0.916582556501559, -0.862860918871281]</comment>
  <comment name='discrete information content'>-7.3906225169022</comment>
  <comment name='number of sequences in the corresponding alignment'>39</comment>
  <PPM length='12'>
   <pm-column position='1'>
    <a>0.307692307692308</a>
    <c>0.41025641025641</c>
    <g>0.179487179487179</g>
    <t>0.102564102564103</t>
   </pm-column>
   <pm-column position='2'>
    <a>0.301282051282051</a>
    <c>0.378205128205128</c>
    <g>0.121794871794872</g>
    <t>0.198717948717949</t>
   </pm-column>
   <pm-column position='3'>
    <a>0.102564102564103</a>
    <c>0.0769230769230769</c>
    <g>0.0769230769230769</g>
    <t>0.743589743589744</t>
   </pm-column>
   <pm-column position='4'>
    <a>0.0256410256410256</a>
    <c>0.923076923076923</c>
    <g>0.0512820512820513</g>
    <t>0.0</t>
   </pm-column>
   <pm-column position='5'>
    <a>0.82051282051282</a>
    <c>0.153846153846154</c>
    <g>0.0</g>
    <t>0.0256410256410256</t>
   </pm-column>
   <pm-column position='6'>
    <a>0.0512820512820513</a>
    <c>0.948717948717949</c>
    <g>0.0</g>
    <t>0.0</t>
   </pm-column>
   <pm-column position='7'>
    <a>0.0448717948717949</a>
    <c>0.0448717948717949</c>
    <g>0.891025641025641</g>
    <t>0.0192307692307692</t>
   </pm-column>
   <pm-column position='8'>
    <a>0.0448717948717949</a>
    <c>0.916666666666667</c>
    <g>0.0192307692307692</g>
    <t>0.0192307692307692</t>
   </pm-column>
   <pm-column position='9'>
    <a>0.0192307692307692</a>
    <c>0.916666666666667</c>
    <g>0.0192307692307692</g>
    <t>0.0448717948717949</t>
   </pm-column>
   <pm-column position='10'>
    <a>0.0448717948717949</a>
    <c>0.685897435897436</c>
    <g>0.0192307692307692</g>
    <t>0.25</t>
   </pm-column>
   <pm-column position='11'>
    <a>0.326923076923077</a>
    <c>0.532051282051282</c>
    <g>0.0192307692307692</g>
    <t>0.121794871794872</t>
   </pm-column>
   <pm-column position='12'>
    <a>0.0512820512820513</a>
    <c>0.58974358974359</c>
    <g>0.0512820512820513</g>
    <t>0.307692307692308</t>
   </pm-column>
  </PPM>
  <PWM length='12'>
   <pm-column position='1'>
    <a>0.20294084399669</a>
    <c>0.485507815781701</c>
    <g>-0.321583624127462</g>
    <t>-0.85566611005772</t>
   </pm-column>
   <pm-column position='2'>
    <a>0.182321556793955</a>
    <c>0.405465108108164</c>
    <g>-0.693147180559945</g>
    <t>-0.22314355131421</t>
   </pm-column>
   <pm-column position='3'>
    <a>-0.85566611005772</a>
    <c>-1.1239300966524</c>
    <g>-1.1239300966524</g>
    <t>1.07329448068382</t>
   </pm-column>
   <pm-column position='4'>
    <a>-2.07944154167984</a>
    <c>1.28785428830664</c>
    <g>-1.49165487677772</g>
    <t>-3.68887945411394</t>
   </pm-column>
   <pm-column position='5'>
    <a>1.17093295024774</a>
    <c>-0.470003629245736</c>
    <g>-3.68887945411394</g>
    <t>-2.07944154167984</t>
   </pm-column>
   <pm-column position='6'>
    <a>-1.49165487677772</a>
    <c>1.31506685183152</c>
    <g>-3.68887945411394</g>
    <t>-3.68887945411394</t>
   </pm-column>
   <pm-column position='7'>
    <a>-1.6094379124341</a>
    <c>-1.6094379124341</c>
    <g>1.25276296849537</g>
    <t>-2.30258509299405</t>
   </pm-column>
   <pm-column position='8'>
    <a>-1.6094379124341</a>
    <c>1.28093384546206</c>
    <g>-2.30258509299405</g>
    <t>-2.30258509299405</t>
   </pm-column>
   <pm-column position='9'>
    <a>-2.30258509299405</a>
    <c>1.28093384546206</c>
    <g>-2.30258509299405</g>
    <t>-1.6094379124341</t>
   </pm-column>
   <pm-column position='10'>
    <a>-1.6094379124341</a>
    <c>0.993251773010283</c>
    <g>-2.30258509299405</g>
    <t>0.0</t>
   </pm-column>
   <pm-column position='11'>
    <a>0.262364264467491</a>
    <c>0.741937344729377</c>
    <g>-2.30258509299405</g>
    <t>-0.693147180559945</t>
   </pm-column>
   <pm-column position='12'>
    <a>-1.49165487677772</a>
    <c>0.84372003903932</c>
    <g>-1.49165487677772</g>
    <t>0.20294084399669</t>
   </pm-column>
  </PWM>
  <word-list size='39'>
   <word score='7.18531841464411'>CTCCCCGCCCAC</word>
   <word score='8.93331286595152'>TATCACGCCTCT</word>
   <word score='9.19761448975923'>AATCACGCCTTC</word>
   <word score='8.81235208896859'>NNTCACGCCTTC</word>
   <word score='8.01916355422842'>GTGCACGCCCAC</word>
   <word score='-0.720761675270646'>ACTGACAACATC</word>
   <word score='11.9085177598439'>CATCACGCCCCC</word>
   <word score='10.2163881315646'>GTTCACGCCCAC</word>
   <word score='8.93876990541457'>ATTCCCGCCCCT</word>
   <word score='9.45486365355995'>CCCCACGCCCAC</word>
   <word score='10.4356929065717'>CATCACGCCTAC</word>
   <word score='9.71129318250763'>CAGCACGCCCCC</word>
   <word score='9.51234673974404'>AATCACGCCTAT</word>
   <word score='4.4906616094612'>GTGAACGCCCCT</word>
   <word score='3.06694992424274'>GATCCCNNNNNN</word>
   <word score='11.2677385648012'>CATCACGCCCCT</word>
   <word score='11.4908821161154'>CCTCACGCCCCT</word>
   <word score='11.8490943393731'>ACTCACGCCCCC</word>
   <word score='9.92013374863151'>ACACACGCCCCC</word>
   <word score='5.45555452317457'>ACTCACNNNNNN</word>
   <word score='9.1270843389534'>NNTCACGCCTAT</word>
   <word score='2.98922065837757'>CATCTACCCCCC</word>
   <word score='11.03304902249'>CGTCACGCCCCC</word>
   <word score='12.1316613111581'>CCTCACGCCCCC</word>
   <word score='12.1316613111581'>CCTCACGCCCCC</word>
   <word score='7.75239583792551'>TATCACGCCCAG</word>
   <word score='8.34194837970151'>AGACACGCCCAC</word>
   <word score='9.81511641884657'>CCTCACGCCTAN</word>
   <word score='7.73259321062933'>NGTCACGCCCAA</word>
   <word score='9.69187509665053'>TGTCACGCCCCC</word>
   <word score='12.1316613111581'>CCTCACGCCCCC</word>
   <word score='11.8490943393731'>ACTCACGCCCCC</word>
   <word score='8.17157289392596'>NNTCACGCCTTT</word>
   <word score='11.2083151443304'>ACTCACGCCCCT</word>
   <word score='4.8269458637522'>ATTCACNNNNNN</word>
   <word score='3.58654727403033'>GCCGCCGCCCAT</word>
   <word score='8.33862058960884'>CAACCCGCCCCC</word>
   <word score='1.87141888140736'>CCACCAGCTTCC</word>
   <word score='10.0551820167839'>GTTCACGCCCCT</word>
  </word-list>
 </motif>
</smallbismark>