<?xml version='1.0' encoding='UTF-8'?>
<smallbismark>
 <comment name='WARNING'>This is a draft version of small-BiSMark. Specification is the subject to change!</comment>
 <motif name='nub' id='NUB.MTF'>
  <comment name='discrete information content by position'>[-0.995714995467206, -0.546228302732195, -0.0813199735452428, -0.0813199735452428, -0.431948968711272, -0.658543999517581, -0.484648936010343, -0.108304246962491, -0.215616347102652, -0.534943870773907, -1.18148873855274, -0.847301959243124, -1.09767077115124]</comment>
  <comment name='discrete information content'>-7.26505108331524</comment>
  <comment name='number of sequences in the corresponding alignment'>32</comment>
  <PPM length='13'>
   <pm-column position='1'>
    <a>0.5078125</a>
    <c>0.0390625</c>
    <g>0.1953125</g>
    <t>0.2578125</t>
   </pm-column>
   <pm-column position='2'>
    <a>0.0703125</a>
    <c>0.0703125</c>
    <g>0.0390625</g>
    <t>0.8203125</t>
   </pm-column>
   <pm-column position='3'>
    <a>0.9765625</a>
    <c>0.0078125</c>
    <g>0.0078125</g>
    <t>0.0078125</t>
   </pm-column>
   <pm-column position='4'>
    <a>0.0078125</a>
    <c>0.0078125</c>
    <g>0.0078125</g>
    <t>0.9765625</t>
   </pm-column>
   <pm-column position='5'>
    <a>0.0</a>
    <c>0.03125</c>
    <g>0.84375</g>
    <t>0.125</t>
   </pm-column>
   <pm-column position='6'>
    <a>0.0</a>
    <c>0.65625</c>
    <g>0.03125</g>
    <t>0.3125</t>
   </pm-column>
   <pm-column position='7'>
    <a>0.8125</a>
    <c>0.0</c>
    <g>0.03125</g>
    <t>0.15625</t>
   </pm-column>
   <pm-column position='8'>
    <a>0.96875</a>
    <c>0.0</c>
    <g>0.03125</g>
    <t>0.0</t>
   </pm-column>
   <pm-column position='9'>
    <a>0.9375</a>
    <c>0.0</c>
    <g>0.03125</g>
    <t>0.03125</t>
   </pm-column>
   <pm-column position='10'>
    <a>0.125</a>
    <c>0.03125</c>
    <g>0.03125</g>
    <t>0.8125</t>
   </pm-column>
   <pm-column position='11'>
    <a>0.1875</a>
    <c>0.1875</c>
    <g>0.25</g>
    <t>0.375</t>
   </pm-column>
   <pm-column position='12'>
    <a>0.65625</a>
    <c>0.1875</c>
    <g>0.0625</g>
    <t>0.09375</t>
   </pm-column>
   <pm-column position='13'>
    <a>0.171875</a>
    <c>0.140625</c>
    <g>0.484375</g>
    <t>0.203125</t>
   </pm-column>
  </PPM>
  <PWM length='13'>
   <pm-column position='1'>
    <a>0.693147180559945</a>
    <c>-1.70474809223843</c>
    <g>-0.238411023444998</g>
    <t>0.0298529631496811</t>
   </pm-column>
   <pm-column position='2'>
    <a>-1.19392246847243</a>
    <c>-1.19392246847243</c>
    <g>-1.70474809223843</g>
    <t>1.16693153264559</t>
   </pm-column>
   <pm-column position='3'>
    <a>1.339774345485</a>
    <c>-2.80336038090653</c>
    <g>-2.80336038090653</g>
    <t>-2.80336038090653</t>
   </pm-column>
   <pm-column position='4'>
    <a>-2.80336038090653</a>
    <c>-2.80336038090653</c>
    <g>-2.80336038090653</g>
    <t>1.339774345485</t>
   </pm-column>
   <pm-column position='5'>
    <a>-3.49650756146648</a>
    <c>-1.88706964903238</c>
    <g>1.19484032076266</g>
    <t>-0.663294217410264</t>
   </pm-column>
   <pm-column position='6'>
    <a>-3.49650756146648</a>
    <c>0.946143695023836</c>
    <g>-1.88706964903238</g>
    <t>0.217064505237828</t>
   </pm-column>
   <pm-column position='7'>
    <a>1.15745278869104</a>
    <c>-3.49650756146648</c>
    <g>-1.88706964903238</g>
    <t>-0.451985123743057</t>
   </pm-column>
   <pm-column position='8'>
    <a>1.33180617583582</a>
    <c>-3.49650756146648</c>
    <g>-1.88706964903238</g>
    <t>-3.49650756146648</t>
   </pm-column>
   <pm-column position='9'>
    <a>1.29928298413026</a>
    <c>-3.49650756146648</c>
    <g>-1.88706964903238</g>
    <t>-1.88706964903238</t>
   </pm-column>
   <pm-column position='10'>
    <a>-0.663294217410264</a>
    <c>-1.88706964903238</c>
    <g>-1.88706964903238</g>
    <t>1.15745278869104</t>
   </pm-column>
   <pm-column position='11'>
    <a>-0.27763173659828</a>
    <c>-0.27763173659828</c>
    <g>0.0</g>
    <t>0.395312736644146</t>
   </pm-column>
   <pm-column position='12'>
    <a>0.946143695023836</a>
    <c>-0.27763173659828</c>
    <g>-1.29928298413026</g>
    <t>-0.931558204004943</t>
   </pm-column>
   <pm-column position='13'>
    <a>-0.361013345537331</a>
    <c>-0.55206858230004</c>
    <g>0.646627164925052</g>
    <t>-0.200670695462151</t>
   </pm-column>
  </PWM>
  <word-list size='32'>
   <word score='4.96528449579031'>TCATCCAAATCCN</word>
   <word score='10.5952470005768'>ATATGCAAAATAC</word>
   <word score='6.42405356359939'>TTATGCAATACAT</word>
   <word score='12.0052518414691'>ATATGCTAATTAG</word>
   <word score='13.2193770172591'>ATATGCAAATGAG</word>
   <word score='12.3720791568719'>ATATGCAAATGAT</word>
   <word score='11.1209982745595'>ATATGCAAAACAG</word>
   <word score='7.71511623090747'>AAATTCAAATCAA</word>
   <word score='10.6321632893001'>ATATTTAAATGAG</word>
   <word score='6.16551215713711'>GTATGTAAACACT</word>
   <word score='7.00751995220878'>TTATGCAGATTTT</word>
   <word score='9.68216416781388'>ATATGTTAATGAC</word>
   <word score='11.7565552157303'>ATATTCAAATTAG</word>
   <word score='4.10276497499318'>NNNNGTGAATTAC</word>
   <word score='11.0546756316284'>TTATGCAAATACG</word>
   <word score='9.86534763440693'>GTATGCAAATGCC</word>
   <word score='9.81145192501427'>GGATGCAAATTAG</word>
   <word score='11.8779700536548'>ATATGTAAATTAA</word>
   <word score='8.77672576076877'>ATATGGTAATGAG</word>
   <word score='4.13074749340069'>ATATGCAAGGTGA</word>
   <word score='9.64933307553784'>GAATGCAAATCAG</word>
   <word score='11.4311532028633'>TTATGCAAATAAT</word>
   <word score='8.46062774334269'>CCATGCAAATGAG</word>
   <word score='12.6070492434409'>ATATGCAAATTAA</word>
   <word score='10.3255964418424'>TTATGTAAATACG</word>
   <word score='10.3446144476782'>TTATGTAAATTTG</word>
   <word score='8.80067900179126'>GTATGCTAATGTG</word>
   <word score='9.70790438777682'>ATATTTAAATAAN</word>
   <word score='8.18344811214182'>ATATGTTAATTGT</word>
   <word score='12.6831315498983'>GTATGCAAATTAG</word>
   <word score='10.047035121166'>TTATGCAAATACA</word>
   <word score='10.3919190847735'>ATATGTAAAACAG</word>
  </word-list>
 </motif>
</smallbismark>