<?xml version='1.0' encoding='UTF-8'?>
<smallbismark>
 <comment name='WARNING'>This is a draft version of small-BiSMark. Specification is the subject to change!</comment>
 <motif name='ap' id='AP.MTF' length='6'>
  <PPM length='6'>
   <pm-column position='1'>
    <a>0.0</a>
    <c>0.0</c>
    <g>0.0</g>
    <t>1.0</t>
   </pm-column>
   <pm-column position='2'>
    <a>1.0</a>
    <c>0.0</c>
    <g>0.0</g>
    <t>0.0</t>
   </pm-column>
   <pm-column position='3'>
    <a>1.0</a>
    <c>0.0</c>
    <g>0.0</g>
    <t>0.0</t>
   </pm-column>
   <pm-column position='4'>
    <a>0.0</a>
    <c>0.0</c>
    <g>0.0</g>
    <t>1.0</t>
   </pm-column>
   <pm-column position='5'>
    <a>0.25</a>
    <c>0.25</c>
    <g>0.25</g>
    <t>0.25</t>
   </pm-column>
   <pm-column position='6'>
    <a>0.25</a>
    <c>0.25</c>
    <g>0.25</g>
    <t>0.25</t>
   </pm-column>
  </PPM>
  <PWM threshold='3.26' length='6'>
   <pm-column position='1'>
    <a>-2.70805020110221</a>
    <c>-2.70805020110221</c>
    <g>-2.70805020110221</g>
    <t>1.19722604906217</t>
   </pm-column>
   <pm-column position='2'>
    <a>1.19722604906217</a>
    <c>-2.70805020110221</c>
    <g>-2.70805020110221</g>
    <t>-2.70805020110221</t>
   </pm-column>
   <pm-column position='3'>
    <a>1.19722604906217</a>
    <c>-2.70805020110221</c>
    <g>-2.70805020110221</g>
    <t>-2.70805020110221</t>
   </pm-column>
   <pm-column position='4'>
    <a>-2.70805020110221</a>
    <c>-2.70805020110221</c>
    <g>-2.70805020110221</g>
    <t>1.19722604906217</t>
   </pm-column>
   <pm-column position='5'>
    <a>-0.130416294354831</a>
    <c>0.15330390620526</c>
    <g>0.15330390620526</g>
    <t>-0.130416294354831</t>
   </pm-column>
   <pm-column position='6'>
    <a>-0.130416294354831</a>
    <c>0.15330390620526</c>
    <g>0.15330390620526</g>
    <t>-0.130416294354831</t>
   </pm-column>
  </PWM>
 </motif>
</smallbismark>