<?xml version='1.0' encoding='UTF-8'?>
<smallbismark>
 <comment name='WARNING'>This is a draft version of small-BiSMark. Specification is the subject to change!</comment>
 <motif name='bcd' id='BCD.MTF'>
  <PPM length='11'>
   <pm-column position='1'>
    <a>0.25</a>
    <c>0.25</c>
    <g>0.291666666666667</g>
    <t>0.208333333333333</t>
   </pm-column>
   <pm-column position='2'>
    <a>0.0833333333333333</a>
    <c>0.0416666666666667</c>
    <g>0.833333333333333</g>
    <t>0.0416666666666667</t>
   </pm-column>
   <pm-column position='3'>
    <a>0.0833333333333333</a>
    <c>0.0416666666666667</c>
    <g>0.833333333333333</g>
    <t>0.0416666666666667</t>
   </pm-column>
   <pm-column position='4'>
    <a>0.791666666666667</a>
    <c>0.125</c>
    <g>0.0</g>
    <t>0.0833333333333333</t>
   </pm-column>
   <pm-column position='5'>
    <a>0.0</a>
    <c>0.0</c>
    <g>0.0</g>
    <t>1.0</t>
   </pm-column>
   <pm-column position='6'>
    <a>0.0</a>
    <c>0.0</c>
    <g>0.0</g>
    <t>1.0</t>
   </pm-column>
   <pm-column position='7'>
    <a>0.875</a>
    <c>0.0</c>
    <g>0.0833333333333333</g>
    <t>0.0416666666666667</t>
   </pm-column>
   <pm-column position='8'>
    <a>0.166666666666667</a>
    <c>0.208333333333333</c>
    <g>0.541666666666667</g>
    <t>0.0833333333333333</t>
   </pm-column>
   <pm-column position='9'>
    <a>0.125</a>
    <c>0.291666666666667</c>
    <g>0.333333333333333</g>
    <t>0.25</t>
   </pm-column>
   <pm-column position='10'>
    <a>0.0833333333333333</a>
    <c>0.291666666666667</c>
    <g>0.416666666666667</g>
    <t>0.208333333333333</t>
   </pm-column>
   <pm-column position='11'>
    <a>0.0416666666666667</a>
    <c>0.291666666666667</c>
    <g>0.458333333333333</g>
    <t>0.208333333333333</t>
   </pm-column>
  </PPM>
  <PWM threshold='3.98' length='11'>
   <pm-column position='1'>
    <a>-0.137344447681614</a>
    <c>0.160323605413501</c>
    <g>0.311987615644783</g>
    <t>-0.31499438964812</t>
   </pm-column>
   <pm-column position='2'>
    <a>-1.19019454393874</a>
    <c>-1.54808296659199</c>
    <g>1.35205221060967</g>
    <t>-1.81840046397439</t>
   </pm-column>
   <pm-column position='3'>
    <a>-1.19019454393874</a>
    <c>-1.54808296659199</c>
    <g>1.35205221060967</g>
    <t>-1.81840046397439</t>
   </pm-column>
   <pm-column position='4'>
    <a>0.999186138571731</a>
    <c>-0.515587903624841</c>
    <g>-3.89182029811063</g>
    <t>-1.19019454393874</t>
   </pm-column>
   <pm-column position='5'>
    <a>-3.89182029811063</a>
    <c>-3.89182029811063</c>
    <g>-3.89182029811063</g>
    <t>1.23123437649535</t>
   </pm-column>
   <pm-column position='6'>
    <a>-3.89182029811063</a>
    <c>-3.89182029811063</c>
    <g>-3.89182029811063</g>
    <t>1.23123437649535</t>
   </pm-column>
   <pm-column position='7'>
    <a>1.09855373558502</a>
    <c>-3.89182029811063</c>
    <g>-0.904109382152337</g>
    <t>-1.81840046397439</t>
   </pm-column>
   <pm-column position='8'>
    <a>-0.531171185546241</a>
    <c>-0.0185269696611349</c>
    <g>0.924108214709666</g>
    <t>-1.19019454393874</t>
   </pm-column>
   <pm-column position='9'>
    <a>-0.807348782592673</a>
    <c>0.311987615644783</c>
    <g>0.443649939706031</g>
    <t>-0.137344447681614</t>
   </pm-column>
   <pm-column position='10'>
    <a>-1.19019454393874</a>
    <c>0.311987615644783</c>
    <g>0.664170912159713</g>
    <t>-0.31499438964812</t>
   </pm-column>
   <pm-column position='11'>
    <a>-1.81840046397439</a>
    <c>0.311987615644783</c>
    <g>0.758525719075655</g>
    <t>-0.31499438964812</t>
   </pm-column>
  </PWM>
 </motif>
</smallbismark>