<?xml version='1.0' encoding='UTF-8'?>
<smallbismark>
 <comment name='WARNING'>This is a draft version of small-BiSMark. Specification is the subject to change!</comment>
 <motif name='bin' id='BIN.MTF' length='7'>
  <PPM length='7'>
   <pm-column position='1'>
    <a>0.5</a>
    <c>0.0</c>
    <g>0.5</g>
    <t>0.0</t>
   </pm-column>
   <pm-column position='2'>
    <a>0.0</a>
    <c>0.0</c>
    <g>0.0</g>
    <t>1.0</t>
   </pm-column>
   <pm-column position='3'>
    <a>1.0</a>
    <c>0.0</c>
    <g>0.0</g>
    <t>0.0</t>
   </pm-column>
   <pm-column position='4'>
    <a>1.0</a>
    <c>0.0</c>
    <g>0.0</g>
    <t>0.0</t>
   </pm-column>
   <pm-column position='5'>
    <a>1.0</a>
    <c>0.0</c>
    <g>0.0</g>
    <t>0.0</t>
   </pm-column>
   <pm-column position='6'>
    <a>0.0</a>
    <c>0.0</c>
    <g>0.0</g>
    <t>1.0</t>
   </pm-column>
   <pm-column position='7'>
    <a>1.0</a>
    <c>0.0</c>
    <g>0.0</g>
    <t>0.0</t>
   </pm-column>
  </PPM>
  <PWM threshold='2.98' length='7'>
   <pm-column position='1'>
    <a>0.479331227668528</a>
    <c>-1.79175946922806</c>
    <g>0.755741163525562</g>
    <t>-1.79175946922806</t>
   </pm-column>
   <pm-column position='2'>
    <a>-1.79175946922806</a>
    <c>-1.79175946922806</c>
    <g>-1.79175946922806</g>
    <t>1.1194997158091</t>
   </pm-column>
   <pm-column position='3'>
    <a>1.1194997158091</a>
    <c>-1.79175946922806</c>
    <g>-1.79175946922806</g>
    <t>-1.79175946922806</t>
   </pm-column>
   <pm-column position='4'>
    <a>1.1194997158091</a>
    <c>-1.79175946922806</c>
    <g>-1.79175946922806</g>
    <t>-1.79175946922806</t>
   </pm-column>
   <pm-column position='5'>
    <a>1.1194997158091</a>
    <c>-1.79175946922806</c>
    <g>-1.79175946922806</g>
    <t>-1.79175946922806</t>
   </pm-column>
   <pm-column position='6'>
    <a>-1.79175946922806</a>
    <c>-1.79175946922806</c>
    <g>-1.79175946922806</g>
    <t>1.1194997158091</t>
   </pm-column>
   <pm-column position='7'>
    <a>1.1194997158091</a>
    <c>-1.79175946922806</c>
    <g>-1.79175946922806</g>
    <t>-1.79175946922806</t>
   </pm-column>
  </PWM>
 </motif>
</smallbismark>