<?xml version='1.0' encoding='UTF-8'?>
<smallbismark>
 <comment name='WARNING'>This is a draft version of small-BiSMark. Specification is the subject to change!</comment>
 <motif name='br-Z3' id='BR_Z3.MTF' length='9'>
  <PPM length='9'>
   <pm-column position='1'>
    <a>0.5</a>
    <c>0.0</c>
    <g>0.0</g>
    <t>0.5</t>
   </pm-column>
   <pm-column position='2'>
    <a>0.0</a>
    <c>0.5</c>
    <g>0.0</g>
    <t>0.5</t>
   </pm-column>
   <pm-column position='3'>
    <a>0.5</a>
    <c>0.0</c>
    <g>0.0</g>
    <t>0.5</t>
   </pm-column>
   <pm-column position='4'>
    <a>0.5</a>
    <c>0.0</c>
    <g>0.0</g>
    <t>0.5</t>
   </pm-column>
   <pm-column position='5'>
    <a>0.0</a>
    <c>0.0</c>
    <g>1.0</g>
    <t>0.0</t>
   </pm-column>
   <pm-column position='6'>
    <a>0.0</a>
    <c>0.0</c>
    <g>0.0</g>
    <t>1.0</t>
   </pm-column>
   <pm-column position='7'>
    <a>0.0</a>
    <c>0.0</c>
    <g>0.0</g>
    <t>1.0</t>
   </pm-column>
   <pm-column position='8'>
    <a>0.0</a>
    <c>0.0</c>
    <g>0.0</g>
    <t>1.0</t>
   </pm-column>
   <pm-column position='9'>
    <a>0.5</a>
    <c>0.0</c>
    <g>0.0</g>
    <t>0.5</t>
   </pm-column>
  </PPM>
  <PWM threshold='2.7' length='9'>
   <pm-column position='1'>
    <a>0.527435768508167</a>
    <c>-2.83321334405622</c>
    <g>-2.83321334405622</g>
    <t>0.527435768508167</t>
   </pm-column>
   <pm-column position='2'>
    <a>-2.83321334405622</a>
    <c>0.822120420207525</c>
    <g>-2.83321334405622</g>
    <t>0.527435768508167</t>
   </pm-column>
   <pm-column position='3'>
    <a>0.527435768508167</a>
    <c>-2.83321334405622</c>
    <g>-2.83321334405622</g>
    <t>0.527435768508167</t>
   </pm-column>
   <pm-column position='4'>
    <a>0.527435768508167</a>
    <c>-2.83321334405622</c>
    <g>-2.83321334405622</g>
    <t>0.527435768508167</t>
   </pm-column>
   <pm-column position='5'>
    <a>-2.83321334405622</a>
    <c>-2.83321334405622</c>
    <g>1.50225689376044</g>
    <t>-2.83321334405622</t>
   </pm-column>
   <pm-column position='6'>
    <a>-2.83321334405622</a>
    <c>-2.83321334405622</c>
    <g>-2.83321334405622</g>
    <t>1.20307420204009</t>
   </pm-column>
   <pm-column position='7'>
    <a>-2.83321334405622</a>
    <c>-2.83321334405622</c>
    <g>-2.83321334405622</g>
    <t>1.20307420204009</t>
   </pm-column>
   <pm-column position='8'>
    <a>-2.83321334405622</a>
    <c>-2.83321334405622</c>
    <g>-2.83321334405622</g>
    <t>1.20307420204009</t>
   </pm-column>
   <pm-column position='9'>
    <a>0.527435768508167</a>
    <c>-2.83321334405622</c>
    <g>-2.83321334405622</g>
    <t>0.527435768508167</t>
   </pm-column>
  </PWM>
 </motif>
</smallbismark>