<?xml version='1.0' encoding='UTF-8'?>
<smallbismark>
 <comment name='WARNING'>This is a draft version of small-BiSMark. Specification is the subject to change!</comment>
 <motif name='br-Z1' id='BR_Z1.MTF' length='12'>
  <PPM length='12'>
   <pm-column position='1'>
    <a>0.0</a>
    <c>0.0</c>
    <g>0.0</g>
    <t>1.0</t>
   </pm-column>
   <pm-column position='2'>
    <a>1.0</a>
    <c>0.0</c>
    <g>0.0</g>
    <t>0.0</t>
   </pm-column>
   <pm-column position='3'>
    <a>1.0</a>
    <c>0.0</c>
    <g>0.0</g>
    <t>0.0</t>
   </pm-column>
   <pm-column position='4'>
    <a>0.5</a>
    <c>0.0</c>
    <g>0.0</g>
    <t>0.5</t>
   </pm-column>
   <pm-column position='5'>
    <a>0.5</a>
    <c>0.0</c>
    <g>0.0</g>
    <t>0.5</t>
   </pm-column>
   <pm-column position='6'>
    <a>0.5</a>
    <c>0.0</c>
    <g>0.5</g>
    <t>0.0</t>
   </pm-column>
   <pm-column position='7'>
    <a>1.0</a>
    <c>0.0</c>
    <g>0.0</g>
    <t>0.0</t>
   </pm-column>
   <pm-column position='8'>
    <a>0.0</a>
    <c>1.0</c>
    <g>0.0</g>
    <t>0.0</t>
   </pm-column>
   <pm-column position='9'>
    <a>1.0</a>
    <c>0.0</c>
    <g>0.0</g>
    <t>0.0</t>
   </pm-column>
   <pm-column position='10'>
    <a>1.0</a>
    <c>0.0</c>
    <g>0.0</g>
    <t>0.0</t>
   </pm-column>
   <pm-column position='11'>
    <a>0.5</a>
    <c>0.0</c>
    <g>0.5</g>
    <t>0.0</t>
   </pm-column>
   <pm-column position='12'>
    <a>0.5</a>
    <c>0.0</c>
    <g>0.0</g>
    <t>0.5</t>
   </pm-column>
  </PPM>
  <PWM threshold='-0.33' length='12'>
   <pm-column position='1'>
    <a>-2.89037175789617</a>
    <c>-2.89037175789617</c>
    <g>-2.89037175789617</g>
    <t>1.20550087437847</t>
   </pm-column>
   <pm-column position='2'>
    <a>1.20550087437847</a>
    <c>-2.89037175789617</c>
    <g>-2.89037175789617</g>
    <t>-2.89037175789617</t>
   </pm-column>
   <pm-column position='3'>
    <a>1.20550087437847</a>
    <c>-2.89037175789617</c>
    <g>-2.89037175789617</g>
    <t>-2.89037175789617</t>
   </pm-column>
   <pm-column position='4'>
    <a>0.528857964257305</a>
    <c>-2.89037175789617</c>
    <g>-2.89037175789617</g>
    <t>0.528857964257305</t>
   </pm-column>
   <pm-column position='5'>
    <a>0.528857964257305</a>
    <c>-2.89037175789617</c>
    <g>-2.89037175789617</g>
    <t>0.528857964257305</t>
   </pm-column>
   <pm-column position='6'>
    <a>0.528857964257305</a>
    <c>-2.89037175789617</c>
    <g>0.824064713760735</g>
    <t>-2.89037175789617</t>
   </pm-column>
   <pm-column position='7'>
    <a>1.20550087437847</a>
    <c>-2.89037175789617</c>
    <g>-2.89037175789617</g>
    <t>-2.89037175789617</t>
   </pm-column>
   <pm-column position='8'>
    <a>-2.89037175789617</a>
    <c>1.50495246872706</c>
    <g>-2.89037175789617</g>
    <t>-2.89037175789617</t>
   </pm-column>
   <pm-column position='9'>
    <a>1.20550087437847</a>
    <c>-2.89037175789617</c>
    <g>-2.89037175789617</g>
    <t>-2.89037175789617</t>
   </pm-column>
   <pm-column position='10'>
    <a>1.20550087437847</a>
    <c>-2.89037175789617</c>
    <g>-2.89037175789617</g>
    <t>-2.89037175789617</t>
   </pm-column>
   <pm-column position='11'>
    <a>0.528857964257305</a>
    <c>-2.89037175789617</c>
    <g>0.824064713760735</g>
    <t>-2.89037175789617</t>
   </pm-column>
   <pm-column position='12'>
    <a>0.528857964257305</a>
    <c>-2.89037175789617</c>
    <g>-2.89037175789617</g>
    <t>0.528857964257305</t>
   </pm-column>
  </PWM>
 </motif>
</smallbismark>