<?xml version='1.0' encoding='UTF-8'?>
<smallbismark>
 <comment name='WARNING'>This is a draft version of small-BiSMark. Specification is the subject to change!</comment>
 <motif name='br-Z4' id='BR_Z4.MTF'>
  <PPM length='7'>
   <pm-column position='1'>
    <a>0.0</a>
    <c>0.0</c>
    <g>0.0</g>
    <t>1.0</t>
   </pm-column>
   <pm-column position='2'>
    <a>0.0</a>
    <c>0.5</c>
    <g>0.5</g>
    <t>0.0</t>
   </pm-column>
   <pm-column position='3'>
    <a>0.0</a>
    <c>0.0</c>
    <g>0.0</g>
    <t>1.0</t>
   </pm-column>
   <pm-column position='4'>
    <a>0.0</a>
    <c>0.0</c>
    <g>0.0</g>
    <t>1.0</t>
   </pm-column>
   <pm-column position='5'>
    <a>0.0</a>
    <c>0.0</c>
    <g>0.0</g>
    <t>1.0</t>
   </pm-column>
   <pm-column position='6'>
    <a>0.5</a>
    <c>0.5</c>
    <g>0.0</g>
    <t>0.0</t>
   </pm-column>
   <pm-column position='7'>
    <a>0.0</a>
    <c>0.5</c>
    <g>0.0</g>
    <t>0.5</t>
   </pm-column>
  </PPM>
  <PWM threshold='3.85' length='7'>
   <pm-column position='1'>
    <a>-2.19722457733622</a>
    <c>-2.19722457733622</c>
    <g>-2.19722457733622</g>
    <t>1.16342453522816</t>
   </pm-column>
   <pm-column position='2'>
    <a>-2.19722457733622</a>
    <c>0.790486338622071</c>
    <g>0.790486338622071</g>
    <t>-2.19722457733622</t>
   </pm-column>
   <pm-column position='3'>
    <a>-2.19722457733622</a>
    <c>-2.19722457733622</c>
    <g>-2.19722457733622</g>
    <t>1.16342453522816</t>
   </pm-column>
   <pm-column position='4'>
    <a>-2.19722457733622</a>
    <c>-2.19722457733622</c>
    <g>-2.19722457733622</g>
    <t>1.16342453522816</t>
   </pm-column>
   <pm-column position='5'>
    <a>-2.19722457733622</a>
    <c>-2.19722457733622</c>
    <g>-2.19722457733622</g>
    <t>1.16342453522816</t>
   </pm-column>
   <pm-column position='6'>
    <a>0.504401176835667</a>
    <c>0.790486338622071</c>
    <g>-2.19722457733622</g>
    <t>-2.19722457733622</t>
   </pm-column>
   <pm-column position='7'>
    <a>-2.19722457733622</a>
    <c>0.790486338622071</c>
    <g>-2.19722457733622</g>
    <t>0.504401176835667</t>
   </pm-column>
  </PWM>
 </motif>
</smallbismark>