<?xml version='1.0' encoding='UTF-8'?>
<smallbismark>
 <comment name='WARNING'>This is a draft version of small-BiSMark. Specification is the subject to change!</comment>
 <motif name='brk' id='BRK.MTF' length='7'>
  <PPM length='7'>
   <pm-column position='1'>
    <a>0.0</a>
    <c>0.0</c>
    <g>0.0833333333333333</g>
    <t>0.916666666666667</t>
   </pm-column>
   <pm-column position='2'>
    <a>0.0</a>
    <c>0.0</c>
    <g>1.0</g>
    <t>0.0</t>
   </pm-column>
   <pm-column position='3'>
    <a>0.0</a>
    <c>0.0</c>
    <g>1.0</g>
    <t>0.0</t>
   </pm-column>
   <pm-column position='4'>
    <a>0.0</a>
    <c>1.0</c>
    <g>0.0</g>
    <t>0.0</t>
   </pm-column>
   <pm-column position='5'>
    <a>0.0</a>
    <c>0.0</c>
    <g>1.0</g>
    <t>0.0</t>
   </pm-column>
   <pm-column position='6'>
    <a>0.0</a>
    <c>0.583333333333333</c>
    <g>0.0</g>
    <t>0.416666666666667</t>
   </pm-column>
   <pm-column position='7'>
    <a>0.0</a>
    <c>0.25</c>
    <g>0.0</g>
    <t>0.75</t>
   </pm-column>
  </PPM>
  <PWM threshold='4.03' length='7'>
   <pm-column position='1'>
    <a>-2.39789527279837</a>
    <c>-2.39789527279837</c>
    <g>-0.803561922372224</g>
    <t>1.09445824352681</t>
   </pm-column>
   <pm-column position='2'>
    <a>-2.39789527279837</a>
    <c>-2.39789527279837</c>
    <g>1.47539805565112</g>
    <t>-2.39789527279837</t>
   </pm-column>
   <pm-column position='3'>
    <a>-2.39789527279837</a>
    <c>-2.39789527279837</c>
    <g>1.47539805565112</g>
    <t>-2.39789527279837</t>
   </pm-column>
   <pm-column position='4'>
    <a>-2.39789527279837</a>
    <c>1.47539805565112</c>
    <g>-2.39789527279837</g>
    <t>-2.39789527279837</t>
   </pm-column>
   <pm-column position='5'>
    <a>-2.39789527279837</a>
    <c>-2.39789527279837</c>
    <g>1.47539805565112</g>
    <t>-2.39789527279837</t>
   </pm-column>
   <pm-column position='6'>
    <a>-2.39789527279837</a>
    <c>0.95114222469916</c>
    <g>-2.39789527279837</g>
    <t>0.34186501422696</t>
   </pm-column>
   <pm-column position='7'>
    <a>-2.39789527279837</a>
    <c>0.149605359955247</c>
    <g>-2.39789527279837</g>
    <t>0.900526826312804</t>
   </pm-column>
  </PWM>
 </motif>
</smallbismark>