<?xml version='1.0' encoding='UTF-8'?>
<smallbismark>
 <comment name='WARNING'>This is a draft version of small-BiSMark. Specification is the subject to change!</comment>
 <motif name='byn' id='BYN.MTF'>
  <PPM length='12'>
   <pm-column position='1'>
    <a>0.5</a>
    <c>0.0</c>
    <g>0.5</g>
    <t>0.0</t>
   </pm-column>
   <pm-column position='2'>
    <a>0.5</a>
    <c>0.0</c>
    <g>0.0</g>
    <t>0.5</t>
   </pm-column>
   <pm-column position='3'>
    <a>0.5</a>
    <c>0.0</c>
    <g>0.0</g>
    <t>0.5</t>
   </pm-column>
   <pm-column position='4'>
    <a>0.25</a>
    <c>0.25</c>
    <g>0.25</g>
    <t>0.25</t>
   </pm-column>
   <pm-column position='5'>
    <a>0.0</a>
    <c>0.0</c>
    <g>0.0</g>
    <t>1.0</t>
   </pm-column>
   <pm-column position='6'>
    <a>0.25</a>
    <c>0.25</c>
    <g>0.25</g>
    <t>0.25</t>
   </pm-column>
   <pm-column position='7'>
    <a>0.5</a>
    <c>0.0</c>
    <g>0.5</g>
    <t>0.0</t>
   </pm-column>
   <pm-column position='8'>
    <a>0.0</a>
    <c>1.0</c>
    <g>0.0</g>
    <t>0.0</t>
   </pm-column>
   <pm-column position='9'>
    <a>1.0</a>
    <c>0.0</c>
    <g>0.0</g>
    <t>0.0</t>
   </pm-column>
   <pm-column position='10'>
    <a>0.0</a>
    <c>1.0</c>
    <g>0.0</g>
    <t>0.0</t>
   </pm-column>
   <pm-column position='11'>
    <a>0.0</a>
    <c>0.5</c>
    <g>0.0</g>
    <t>0.5</t>
   </pm-column>
   <pm-column position='12'>
    <a>0.0</a>
    <c>0.0</c>
    <g>0.0</g>
    <t>1.0</t>
   </pm-column>
  </PPM>
  <PWM threshold='3.02' length='12'>
   <pm-column position='1'>
    <a>0.509340619220157</a>
    <c>-2.30258509299405</c>
    <g>0.797292820297114</g>
    <t>-2.30258509299405</t>
   </pm-column>
   <pm-column position='2'>
    <a>0.509340619220157</a>
    <c>-2.30258509299405</c>
    <g>-2.30258509299405</g>
    <t>0.509340619220157</t>
   </pm-column>
   <pm-column position='3'>
    <a>0.509340619220157</a>
    <c>-2.30258509299405</c>
    <g>-2.30258509299405</g>
    <t>0.509340619220157</t>
   </pm-column>
   <pm-column position='4'>
    <a>-0.125453537449242</a>
    <c>0.148214870806049</c>
    <g>0.148214870806049</g>
    <t>-0.125453537449242</t>
   </pm-column>
   <pm-column position='5'>
    <a>-2.30258509299405</a>
    <c>-2.30258509299405</c>
    <g>-2.30258509299405</g>
    <t>1.17198262914495</t>
   </pm-column>
   <pm-column position='6'>
    <a>-0.125453537449242</a>
    <c>0.148214870806049</c>
    <g>0.148214870806049</g>
    <t>-0.125453537449242</t>
   </pm-column>
   <pm-column position='7'>
    <a>0.509340619220157</a>
    <c>-2.30258509299405</c>
    <g>0.797292820297114</g>
    <t>-2.30258509299405</t>
   </pm-column>
   <pm-column position='8'>
    <a>-2.30258509299405</a>
    <c>1.46765503245389</c>
    <g>-2.30258509299405</g>
    <t>-2.30258509299405</t>
   </pm-column>
   <pm-column position='9'>
    <a>1.17198262914495</a>
    <c>-2.30258509299405</c>
    <g>-2.30258509299405</g>
    <t>-2.30258509299405</t>
   </pm-column>
   <pm-column position='10'>
    <a>-2.30258509299405</a>
    <c>1.46765503245389</c>
    <g>-2.30258509299405</g>
    <t>-2.30258509299405</t>
   </pm-column>
   <pm-column position='11'>
    <a>-2.30258509299405</a>
    <c>0.797292820297114</c>
    <g>-2.30258509299405</g>
    <t>0.509340619220157</t>
   </pm-column>
   <pm-column position='12'>
    <a>-2.30258509299405</a>
    <c>-2.30258509299405</c>
    <g>-2.30258509299405</g>
    <t>1.17198262914495</t>
   </pm-column>
  </PWM>
 </motif>
</smallbismark>