<?xml version='1.0' encoding='UTF-8'?>
<smallbismark>
 <comment name='WARNING'>This is a draft version of small-BiSMark. Specification is the subject to change!</comment>
 <motif name='cad' id='CAD.MTF'>
  <PPM length='6'>
   <pm-column position='1'>
    <a>0.0</a>
    <c>0.0</c>
    <g>0.0</g>
    <t>1.0</t>
   </pm-column>
   <pm-column position='2'>
    <a>0.0</a>
    <c>0.0</c>
    <g>0.0</g>
    <t>1.0</t>
   </pm-column>
   <pm-column position='3'>
    <a>0.0</a>
    <c>0.0</c>
    <g>0.0</g>
    <t>1.0</t>
   </pm-column>
   <pm-column position='4'>
    <a>1.0</a>
    <c>0.0</c>
    <g>0.0</g>
    <t>0.0</t>
   </pm-column>
   <pm-column position='5'>
    <a>0.0</a>
    <c>0.0</c>
    <g>0.0</g>
    <t>1.0</t>
   </pm-column>
   <pm-column position='6'>
    <a>0.0</a>
    <c>0.0</c>
    <g>1.0</g>
    <t>0.0</t>
   </pm-column>
  </PPM>
  <PWM threshold='2.35' length='6'>
   <pm-column position='1'>
    <a>-2.63905732961526</a>
    <c>-2.63905732961526</c>
    <g>-2.63905732961526</g>
    <t>1.19365862637894</t>
   </pm-column>
   <pm-column position='2'>
    <a>-2.63905732961526</a>
    <c>-2.63905732961526</c>
    <g>-2.63905732961526</g>
    <t>1.19365862637894</t>
   </pm-column>
   <pm-column position='3'>
    <a>-2.63905732961526</a>
    <c>-2.63905732961526</c>
    <g>-2.63905732961526</g>
    <t>1.19365862637894</t>
   </pm-column>
   <pm-column position='4'>
    <a>1.19365862637894</a>
    <c>-2.63905732961526</c>
    <g>-2.63905732961526</g>
    <t>-2.63905732961526</t>
   </pm-column>
   <pm-column position='5'>
    <a>-2.63905732961526</a>
    <c>-2.63905732961526</c>
    <g>-2.63905732961526</g>
    <t>1.19365862637894</t>
   </pm-column>
   <pm-column position='6'>
    <a>-2.63905732961526</a>
    <c>-2.63905732961526</c>
    <g>1.491791074062</g>
    <t>-2.63905732961526</t>
   </pm-column>
  </PWM>
 </motif>
</smallbismark>