<?xml version='1.0' encoding='UTF-8'?>
<smallbismark>
 <comment name='WARNING'>This is a draft version of small-BiSMark. Specification is the subject to change!</comment>
 <motif name='Dref' id='DREF.MTF' length='8'>
  <PPM length='8'>
   <pm-column position='1'>
    <a>0.0</a>
    <c>0.0</c>
    <g>0.0</g>
    <t>1.0</t>
   </pm-column>
   <pm-column position='2'>
    <a>1.0</a>
    <c>0.0</c>
    <g>0.0</g>
    <t>0.0</t>
   </pm-column>
   <pm-column position='3'>
    <a>0.0</a>
    <c>0.0</c>
    <g>0.0</g>
    <t>1.0</t>
   </pm-column>
   <pm-column position='4'>
    <a>0.0</a>
    <c>1.0</c>
    <g>0.0</g>
    <t>0.0</t>
   </pm-column>
   <pm-column position='5'>
    <a>0.0</a>
    <c>0.0</c>
    <g>1.0</g>
    <t>0.0</t>
   </pm-column>
   <pm-column position='6'>
    <a>1.0</a>
    <c>0.0</c>
    <g>0.0</g>
    <t>0.0</t>
   </pm-column>
   <pm-column position='7'>
    <a>0.0</a>
    <c>0.0</c>
    <g>0.0</g>
    <t>1.0</t>
   </pm-column>
   <pm-column position='8'>
    <a>1.0</a>
    <c>0.0</c>
    <g>0.0</g>
    <t>0.0</t>
   </pm-column>
  </PPM>
  <PWM threshold='1.72' length='8'>
   <pm-column position='1'>
    <a>-2.30258509299405</a>
    <c>-2.30258509299405</c>
    <g>-2.30258509299405</g>
    <t>1.17198262914495</t>
   </pm-column>
   <pm-column position='2'>
    <a>1.17198262914495</a>
    <c>-2.30258509299405</c>
    <g>-2.30258509299405</g>
    <t>-2.30258509299405</t>
   </pm-column>
   <pm-column position='3'>
    <a>-2.30258509299405</a>
    <c>-2.30258509299405</c>
    <g>-2.30258509299405</g>
    <t>1.17198262914495</t>
   </pm-column>
   <pm-column position='4'>
    <a>-2.30258509299405</a>
    <c>1.46765503245389</c>
    <g>-2.30258509299405</g>
    <t>-2.30258509299405</t>
   </pm-column>
   <pm-column position='5'>
    <a>-2.30258509299405</a>
    <c>-2.30258509299405</c>
    <g>1.46765503245389</g>
    <t>-2.30258509299405</t>
   </pm-column>
   <pm-column position='6'>
    <a>1.17198262914495</a>
    <c>-2.30258509299405</c>
    <g>-2.30258509299405</g>
    <t>-2.30258509299405</t>
   </pm-column>
   <pm-column position='7'>
    <a>-2.30258509299405</a>
    <c>-2.30258509299405</c>
    <g>-2.30258509299405</g>
    <t>1.17198262914495</t>
   </pm-column>
   <pm-column position='8'>
    <a>1.17198262914495</a>
    <c>-2.30258509299405</c>
    <g>-2.30258509299405</g>
    <t>-2.30258509299405</t>
   </pm-column>
  </PWM>
 </motif>
</smallbismark>