<?xml version='1.0' encoding='UTF-8'?>
<smallbismark>
 <comment name='WARNING'>This is a draft version of small-BiSMark. Specification is the subject to change!</comment>
 <motif name='Eip74EF' id='EIP74EF.MTF' length='17'>
  <PPM length='17'>
   <pm-column position='1'>
    <a>0.285714285714286</a>
    <c>0.357142857142857</c>
    <g>0.142857142857143</g>
    <t>0.214285714285714</t>
   </pm-column>
   <pm-column position='2'>
    <a>0.214285714285714</a>
    <c>0.214285714285714</c>
    <g>0.428571428571429</g>
    <t>0.142857142857143</t>
   </pm-column>
   <pm-column position='3'>
    <a>0.733333333333333</a>
    <c>0.0666666666666667</c>
    <g>0.133333333333333</g>
    <t>0.0666666666666667</t>
   </pm-column>
   <pm-column position='4'>
    <a>0.6875</a>
    <c>0.0</c>
    <g>0.125</g>
    <t>0.1875</t>
   </pm-column>
   <pm-column position='5'>
    <a>0.117647058823529</a>
    <c>0.411764705882353</c>
    <g>0.117647058823529</g>
    <t>0.352941176470588</t>
   </pm-column>
   <pm-column position='6'>
    <a>0.117647058823529</a>
    <c>0.705882352941177</c>
    <g>0.117647058823529</g>
    <t>0.0588235294117647</t>
   </pm-column>
   <pm-column position='7'>
    <a>0.294117647058824</a>
    <c>0.705882352941177</c>
    <g>0.0</g>
    <t>0.0</t>
   </pm-column>
   <pm-column position='8'>
    <a>0.0</a>
    <c>0.0</c>
    <g>1.0</g>
    <t>0.0</t>
   </pm-column>
   <pm-column position='9'>
    <a>0.0</a>
    <c>0.0</c>
    <g>1.0</g>
    <t>0.0</t>
   </pm-column>
   <pm-column position='10'>
    <a>1.0</a>
    <c>0.0</c>
    <g>0.0</g>
    <t>0.0</t>
   </pm-column>
   <pm-column position='11'>
    <a>1.0</a>
    <c>0.0</c>
    <g>0.0</g>
    <t>0.0</t>
   </pm-column>
   <pm-column position='12'>
    <a>0.294117647058824</a>
    <c>0.0588235294117647</c>
    <g>0.588235294117647</g>
    <t>0.0588235294117647</t>
   </pm-column>
   <pm-column position='13'>
    <a>0.0666666666666667</a>
    <c>0.133333333333333</c>
    <g>0.0666666666666667</g>
    <t>0.733333333333333</t>
   </pm-column>
   <pm-column position='14'>
    <a>0.2</a>
    <c>0.133333333333333</c>
    <g>0.466666666666667</g>
    <t>0.2</t>
   </pm-column>
   <pm-column position='15'>
    <a>0.333333333333333</a>
    <c>0.2</c>
    <g>0.266666666666667</g>
    <t>0.2</t>
   </pm-column>
   <pm-column position='16'>
    <a>0.142857142857143</a>
    <c>0.0714285714285714</c>
    <g>0.428571428571429</g>
    <t>0.357142857142857</t>
   </pm-column>
   <pm-column position='17'>
    <a>0.166666666666667</a>
    <c>0.25</c>
    <g>0.5</g>
    <t>0.0833333333333333</t>
   </pm-column>
  </PPM>
  <PWM threshold='3.63' length='17'>
   <pm-column position='1'>
    <a>-0.00611758316288059</a>
    <c>0.473974630847107</c>
    <g>-0.343599148255668</g>
    <t>-0.257212880676424</t>
   </pm-column>
   <pm-column position='2'>
    <a>-0.257212880676424</a>
    <c>0.00823022366359704</c>
    <g>0.644701018195198</g>
    <t>-0.593290802881833</t>
   </pm-column>
   <pm-column position='3'>
    <a>0.865813410402472</a>
    <c>-0.941030756078865</c>
    <g>-0.401463589188507</g>
    <t>-1.1485524785358</t>
   </pm-column>
   <pm-column position='4'>
    <a>0.804386407941356</a>
    <c>-2.19722457733622</c>
    <g>-0.454996159976208</g>
    <t>-0.370423255332022</t>
   </pm-column>
   <pm-column position='5'>
    <a>-0.745255822837866</a>
    <c>0.607072989020234</c>
    <g>-0.504734644920942</g>
    <t>0.183667634233188</t>
   </pm-column>
   <pm-column position='6'>
    <a>-0.745255822837866</a>
    <c>1.120516915711</c>
    <g>-0.504734644920942</g>
    <t>-1.22805380702754</t>
   </pm-column>
   <pm-column position='7'>
    <a>0.0196707581377321</a>
    <c>1.120516915711</c>
    <g>-2.19722457733622</g>
    <t>-2.19722457733622</t>
   </pm-column>
   <pm-column position='8'>
    <a>-2.19722457733622</a>
    <c>-2.19722457733622</c>
    <g>1.45810918692752</g>
    <t>-2.19722457733622</t>
   </pm-column>
   <pm-column position='9'>
    <a>-2.19722457733622</a>
    <c>-2.19722457733622</c>
    <g>1.45810918692752</g>
    <t>-2.19722457733622</t>
   </pm-column>
   <pm-column position='10'>
    <a>1.16342453522816</a>
    <c>-2.19722457733622</c>
    <g>-2.19722457733622</g>
    <t>-2.19722457733622</t>
   </pm-column>
   <pm-column position='11'>
    <a>1.16342453522816</a>
    <c>-2.19722457733622</c>
    <g>-2.19722457733622</g>
    <t>-2.19722457733622</t>
   </pm-column>
   <pm-column position='12'>
    <a>0.0196707581377321</a>
    <c>-1.0289320619839</c>
    <g>0.945416141296398</g>
    <t>-1.22805380702754</t>
   </pm-column>
   <pm-column position='13'>
    <a>-1.1485524785358</a>
    <c>-0.401463589188507</c>
    <g>-0.941030756078865</g>
    <t>0.865813410402472</t>
   </pm-column>
   <pm-column position='14'>
    <a>-0.315993626095615</a>
    <c>-0.401463589188507</c>
    <g>0.725087193440071</g>
    <t>-0.315993626095615</t>
   </pm-column>
   <pm-column position='15'>
    <a>0.131933777294103</a>
    <c>-0.0529220093603581</c>
    <g>0.205035196087887</g>
    <t>-0.315993626095615</t>
   </pm-column>
   <pm-column position='16'>
    <a>-0.593290802881833</a>
    <c>-0.891202744379438</c>
    <g>0.644701018195198</g>
    <t>0.194413640441899</t>
   </pm-column>
   <pm-column position='17'>
    <a>-0.468290005857486</a>
    <c>0.146512754182413</c>
    <g>0.790486338622071</g>
    <t>-0.998066234674237</t>
   </pm-column>
  </PWM>
 </motif>
</smallbismark>