<?xml version='1.0' encoding='UTF-8'?>
<smallbismark>
 <comment name='WARNING'>This is a draft version of small-BiSMark. Specification is the subject to change!</comment>
 <motif name='ftz' id='FTZ.MTF'>
  <PPM length='13'>
   <pm-column position='1'>
    <a>0.380952380952381</a>
    <c>0.238095238095238</c>
    <g>0.19047619047619</g>
    <t>0.19047619047619</t>
   </pm-column>
   <pm-column position='2'>
    <a>0.142857142857143</a>
    <c>0.0952380952380952</c>
    <g>0.428571428571429</g>
    <t>0.333333333333333</t>
   </pm-column>
   <pm-column position='3'>
    <a>0.19047619047619</a>
    <c>0.238095238095238</c>
    <g>0.428571428571429</g>
    <t>0.142857142857143</t>
   </pm-column>
   <pm-column position='4'>
    <a>0.142857142857143</a>
    <c>0.333333333333333</c>
    <g>0.0476190476190476</g>
    <t>0.476190476190476</t>
   </pm-column>
   <pm-column position='5'>
    <a>0.142857142857143</a>
    <c>0.761904761904762</c>
    <g>0.0952380952380952</g>
    <t>0.0</t>
   </pm-column>
   <pm-column position='6'>
    <a>0.952380952380952</a>
    <c>0.0</c>
    <g>0.0476190476190476</g>
    <t>0.0</t>
   </pm-column>
   <pm-column position='7'>
    <a>0.0</a>
    <c>0.0</c>
    <g>0.0</g>
    <t>1.0</t>
   </pm-column>
   <pm-column position='8'>
    <a>0.0</a>
    <c>0.0</c>
    <g>0.0</g>
    <t>1.0</t>
   </pm-column>
   <pm-column position='9'>
    <a>1.0</a>
    <c>0.0</c>
    <g>0.0</g>
    <t>0.0</t>
   </pm-column>
   <pm-column position='10'>
    <a>0.428571428571429</a>
    <c>0.142857142857143</c>
    <g>0.333333333333333</g>
    <t>0.0952380952380952</t>
   </pm-column>
   <pm-column position='11'>
    <a>0.0476190476190476</a>
    <c>0.523809523809524</c>
    <g>0.142857142857143</g>
    <t>0.285714285714286</t>
   </pm-column>
   <pm-column position='12'>
    <a>0.19047619047619</a>
    <c>0.238095238095238</c>
    <g>0.333333333333333</g>
    <t>0.238095238095238</t>
   </pm-column>
   <pm-column position='13'>
    <a>0.142857142857143</a>
    <c>0.380952380952381</c>
    <g>0.19047619047619</g>
    <t>0.285714285714286</t>
   </pm-column>
  </PPM>
  <PWM threshold='3.13' length='13'>
   <pm-column position='1'>
    <a>0.277136453673704</a>
    <c>0.112997188481228</c>
    <g>-0.106819242753813</g>
    <t>-0.404761534512692</t>
   </pm-column>
   <pm-column position='2'>
    <a>-0.685013838313823</a>
    <c>-0.783494870496663</c>
    <g>0.694841501711268</g>
    <t>0.145219856915756</t>
   </pm-column>
   <pm-column position='3'>
    <a>-0.404761534512692</a>
    <c>0.112997188481228</c>
    <g>0.694841501711268</g>
    <t>-0.685013838313823</t>
   </pm-column>
   <pm-column position='4'>
    <a>-0.685013838313823</a>
    <c>0.445653397795316</c>
    <g>-1.44449119641592</g>
    <t>0.498014901083816</t>
   </pm-column>
   <pm-column position='5'>
    <a>-0.685013838313823</a>
    <c>1.26694092498116</c>
    <g>-0.783494870496663</g>
    <t>-4.20469261939097</t>
   </pm-column>
   <pm-column position='6'>
    <a>1.18661642339609</a>
    <c>-4.20469261939097</c>
    <g>-1.44449119641592</g>
    <t>-4.20469261939097</t>
   </pm-column>
   <pm-column position='7'>
    <a>-4.20469261939097</a>
    <c>-4.20469261939097</c>
    <g>-4.20469261939097</g>
    <t>1.23518961138864</t>
   </pm-column>
   <pm-column position='8'>
    <a>-4.20469261939097</a>
    <c>-4.20469261939097</c>
    <g>-4.20469261939097</g>
    <t>1.23518961138864</t>
   </pm-column>
   <pm-column position='9'>
    <a>1.23518961138864</a>
    <c>-4.20469261939097</c>
    <g>-4.20469261939097</g>
    <t>-4.20469261939097</t>
   </pm-column>
   <pm-column position='10'>
    <a>0.393661731744487</a>
    <c>-0.388980596872767</c>
    <g>0.445653397795316</g>
    <t>-1.07578299061648</t>
   </pm-column>
   <pm-column position='11'>
    <a>-1.72609533158521</a>
    <c>0.894156723827975</c>
    <g>-0.388980596872767</g>
    <t>-0.00678180998115529</t>
   </pm-column>
   <pm-column position='12'>
    <a>-0.404761534512692</a>
    <c>0.112997188481228</c>
    <g>0.445653397795316</g>
    <t>-0.186102486286909</t>
   </pm-column>
   <pm-column position='13'>
    <a>-0.685013838313823</a>
    <c>0.577989289340077</c>
    <g>-0.106819242753813</g>
    <t>-0.00678180998115529</t>
   </pm-column>
  </PWM>
 </motif>
</smallbismark>