<?xml version='1.0' encoding='UTF-8'?>
<smallbismark>
 <comment name='WARNING'>This is a draft version of small-BiSMark. Specification is the subject to change!</comment>
 <motif name='hb' id='HB.MTF'>
  <PPM length='10'>
   <pm-column position='1'>
    <a>0.0</a>
    <c>0.5</c>
    <g>0.5</g>
    <t>0.0</t>
   </pm-column>
   <pm-column position='2'>
    <a>0.5</a>
    <c>0.5</c>
    <g>0.0</g>
    <t>0.0</t>
   </pm-column>
   <pm-column position='3'>
    <a>1.0</a>
    <c>0.0</c>
    <g>0.0</g>
    <t>0.0</t>
   </pm-column>
   <pm-column position='4'>
    <a>0.0</a>
    <c>0.0</c>
    <g>0.0</g>
    <t>1.0</t>
   </pm-column>
   <pm-column position='5'>
    <a>1.0</a>
    <c>0.0</c>
    <g>0.0</g>
    <t>0.0</t>
   </pm-column>
   <pm-column position='6'>
    <a>1.0</a>
    <c>0.0</c>
    <g>0.0</g>
    <t>0.0</t>
   </pm-column>
   <pm-column position='7'>
    <a>1.0</a>
    <c>0.0</c>
    <g>0.0</g>
    <t>0.0</t>
   </pm-column>
   <pm-column position='8'>
    <a>1.0</a>
    <c>0.0</c>
    <g>0.0</g>
    <t>0.0</t>
   </pm-column>
   <pm-column position='9'>
    <a>1.0</a>
    <c>0.0</c>
    <g>0.0</g>
    <t>0.0</t>
   </pm-column>
   <pm-column position='10'>
    <a>1.0</a>
    <c>0.0</c>
    <g>0.0</g>
    <t>0.0</t>
   </pm-column>
  </PPM>
  <PWM threshold='-4.77' length='10'>
   <pm-column position='1'>
    <a>-4.64439089914137</a>
    <c>0.851004289550336</c>
    <g>0.851004289550336</g>
    <t>-4.64439089914137</t>
   </pm-column>
   <pm-column position='2'>
    <a>0.548639591479399</a>
    <c>0.851004289550336</c>
    <g>-4.64439089914137</g>
    <t>-4.64439089914137</t>
   </pm-column>
   <pm-column position='3'>
    <a>1.23900533419449</a>
    <c>-4.64439089914137</c>
    <g>-4.64439089914137</g>
    <t>-4.64439089914137</t>
   </pm-column>
   <pm-column position='4'>
    <a>-4.64439089914137</a>
    <c>-4.64439089914137</c>
    <g>-4.64439089914137</g>
    <t>1.23900533419449</t>
   </pm-column>
   <pm-column position='5'>
    <a>1.23900533419449</a>
    <c>-4.64439089914137</c>
    <g>-4.64439089914137</g>
    <t>-4.64439089914137</t>
   </pm-column>
   <pm-column position='6'>
    <a>1.23900533419449</a>
    <c>-4.64439089914137</c>
    <g>-4.64439089914137</g>
    <t>-4.64439089914137</t>
   </pm-column>
   <pm-column position='7'>
    <a>1.23900533419449</a>
    <c>-4.64439089914137</c>
    <g>-4.64439089914137</g>
    <t>-4.64439089914137</t>
   </pm-column>
   <pm-column position='8'>
    <a>1.23900533419449</a>
    <c>-4.64439089914137</c>
    <g>-4.64439089914137</g>
    <t>-4.64439089914137</t>
   </pm-column>
   <pm-column position='9'>
    <a>1.23900533419449</a>
    <c>-4.64439089914137</c>
    <g>-4.64439089914137</g>
    <t>-4.64439089914137</t>
   </pm-column>
   <pm-column position='10'>
    <a>1.23900533419449</a>
    <c>-4.64439089914137</c>
    <g>-4.64439089914137</g>
    <t>-4.64439089914137</t>
   </pm-column>
  </PWM>
 </motif>
</smallbismark>