<?xml version='1.0' encoding='UTF-8'?>
<smallbismark>
 <comment name='WARNING'>This is a draft version of small-BiSMark. Specification is the subject to change!</comment>
 <motif name='Kr' id='KR.MTF'>
  <PPM length='10'>
   <pm-column position='1'>
    <a>1.0</a>
    <c>0.0</c>
    <g>0.0</g>
    <t>0.0</t>
   </pm-column>
   <pm-column position='2'>
    <a>1.0</a>
    <c>0.0</c>
    <g>0.0</g>
    <t>0.0</t>
   </pm-column>
   <pm-column position='3'>
    <a>0.0</a>
    <c>1.0</c>
    <g>0.0</g>
    <t>0.0</t>
   </pm-column>
   <pm-column position='4'>
    <a>0.0</a>
    <c>0.0</c>
    <g>1.0</g>
    <t>0.0</t>
   </pm-column>
   <pm-column position='5'>
    <a>0.0</a>
    <c>0.0</c>
    <g>1.0</g>
    <t>0.0</t>
   </pm-column>
   <pm-column position='6'>
    <a>0.0</a>
    <c>0.0</c>
    <g>1.0</g>
    <t>0.0</t>
   </pm-column>
   <pm-column position='7'>
    <a>0.0</a>
    <c>0.0</c>
    <g>0.0</g>
    <t>1.0</t>
   </pm-column>
   <pm-column position='8'>
    <a>0.0</a>
    <c>0.0</c>
    <g>0.0</g>
    <t>1.0</t>
   </pm-column>
   <pm-column position='9'>
    <a>1.0</a>
    <c>0.0</c>
    <g>0.0</g>
    <t>0.0</t>
   </pm-column>
   <pm-column position='10'>
    <a>1.0</a>
    <c>0.0</c>
    <g>0.0</g>
    <t>0.0</t>
   </pm-column>
  </PPM>
  <PWM threshold='-4.05' length='10'>
   <pm-column position='1'>
    <a>1.23027186451784</a>
    <c>-3.8286413964891</c>
    <g>-3.8286413964891</g>
    <t>-3.8286413964891</t>
   </pm-column>
   <pm-column position='2'>
    <a>1.23027186451784</a>
    <c>-3.8286413964891</c>
    <g>-3.8286413964891</g>
    <t>-3.8286413964891</t>
   </pm-column>
   <pm-column position='3'>
    <a>-3.8286413964891</a>
    <c>1.53242733449784</c>
    <g>-3.8286413964891</g>
    <t>-3.8286413964891</t>
   </pm-column>
   <pm-column position='4'>
    <a>-3.8286413964891</a>
    <c>-3.8286413964891</c>
    <g>1.53242733449784</g>
    <t>-3.8286413964891</t>
   </pm-column>
   <pm-column position='5'>
    <a>-3.8286413964891</a>
    <c>-3.8286413964891</c>
    <g>1.53242733449784</g>
    <t>-3.8286413964891</t>
   </pm-column>
   <pm-column position='6'>
    <a>-3.8286413964891</a>
    <c>-3.8286413964891</c>
    <g>1.53242733449784</g>
    <t>-3.8286413964891</t>
   </pm-column>
   <pm-column position='7'>
    <a>-3.8286413964891</a>
    <c>-3.8286413964891</c>
    <g>-3.8286413964891</g>
    <t>1.23027186451784</t>
   </pm-column>
   <pm-column position='8'>
    <a>-3.8286413964891</a>
    <c>-3.8286413964891</c>
    <g>-3.8286413964891</g>
    <t>1.23027186451784</t>
   </pm-column>
   <pm-column position='9'>
    <a>1.23027186451784</a>
    <c>-3.8286413964891</c>
    <g>-3.8286413964891</g>
    <t>-3.8286413964891</t>
   </pm-column>
   <pm-column position='10'>
    <a>1.23027186451784</a>
    <c>-3.8286413964891</c>
    <g>-3.8286413964891</g>
    <t>-3.8286413964891</t>
   </pm-column>
  </PWM>
 </motif>
</smallbismark>