<?xml version='1.0' encoding='UTF-8'?>
<smallbismark>
 <comment name='WARNING'>This is a draft version of small-BiSMark. Specification is the subject to change!</comment>
 <motif name='pan' id='PAN.MTF' length='11'>
  <PPM length='11'>
   <pm-column position='1'>
    <a>1.0</a>
    <c>0.0</c>
    <g>0.0</g>
    <t>0.0</t>
   </pm-column>
   <pm-column position='2'>
    <a>1.0</a>
    <c>0.0</c>
    <g>0.0</g>
    <t>0.0</t>
   </pm-column>
   <pm-column position='3'>
    <a>0.0</a>
    <c>0.0</c>
    <g>1.0</g>
    <t>0.0</t>
   </pm-column>
   <pm-column position='4'>
    <a>1.0</a>
    <c>0.0</c>
    <g>0.0</g>
    <t>0.0</t>
   </pm-column>
   <pm-column position='5'>
    <a>0.0</a>
    <c>0.0</c>
    <g>0.0</g>
    <t>1.0</t>
   </pm-column>
   <pm-column position='6'>
    <a>0.0</a>
    <c>1.0</c>
    <g>0.0</g>
    <t>0.0</t>
   </pm-column>
   <pm-column position='7'>
    <a>1.0</a>
    <c>0.0</c>
    <g>0.0</g>
    <t>0.0</t>
   </pm-column>
   <pm-column position='8'>
    <a>1.0</a>
    <c>0.0</c>
    <g>0.0</g>
    <t>0.0</t>
   </pm-column>
   <pm-column position='9'>
    <a>1.0</a>
    <c>0.0</c>
    <g>0.0</g>
    <t>0.0</t>
   </pm-column>
   <pm-column position='10'>
    <a>0.0</a>
    <c>0.0</c>
    <g>1.0</g>
    <t>0.0</t>
   </pm-column>
   <pm-column position='11'>
    <a>0.0</a>
    <c>0.0</c>
    <g>1.0</g>
    <t>0.0</t>
   </pm-column>
  </PPM>
  <PWM threshold='-3.44' length='11'>
   <pm-column position='1'>
    <a>1.21809915585328</a>
    <c>-3.25809653802148</c>
    <g>-3.25809653802148</g>
    <t>-3.25809653802148</t>
   </pm-column>
   <pm-column position='2'>
    <a>1.21809915585328</a>
    <c>-3.25809653802148</c>
    <g>-3.25809653802148</g>
    <t>-3.25809653802148</t>
   </pm-column>
   <pm-column position='3'>
    <a>-3.25809653802148</a>
    <c>-3.25809653802148</c>
    <g>1.51893519708925</g>
    <t>-3.25809653802148</t>
   </pm-column>
   <pm-column position='4'>
    <a>1.21809915585328</a>
    <c>-3.25809653802148</c>
    <g>-3.25809653802148</g>
    <t>-3.25809653802148</t>
   </pm-column>
   <pm-column position='5'>
    <a>-3.25809653802148</a>
    <c>-3.25809653802148</c>
    <g>-3.25809653802148</g>
    <t>1.21809915585328</t>
   </pm-column>
   <pm-column position='6'>
    <a>-3.25809653802148</a>
    <c>1.51893519708925</c>
    <g>-3.25809653802148</g>
    <t>-3.25809653802148</t>
   </pm-column>
   <pm-column position='7'>
    <a>1.21809915585328</a>
    <c>-3.25809653802148</c>
    <g>-3.25809653802148</g>
    <t>-3.25809653802148</t>
   </pm-column>
   <pm-column position='8'>
    <a>1.21809915585328</a>
    <c>-3.25809653802148</c>
    <g>-3.25809653802148</g>
    <t>-3.25809653802148</t>
   </pm-column>
   <pm-column position='9'>
    <a>1.21809915585328</a>
    <c>-3.25809653802148</c>
    <g>-3.25809653802148</g>
    <t>-3.25809653802148</t>
   </pm-column>
   <pm-column position='10'>
    <a>-3.25809653802148</a>
    <c>-3.25809653802148</c>
    <g>1.51893519708925</g>
    <t>-3.25809653802148</t>
   </pm-column>
   <pm-column position='11'>
    <a>-3.25809653802148</a>
    <c>-3.25809653802148</c>
    <g>1.51893519708925</g>
    <t>-3.25809653802148</t>
   </pm-column>
  </PWM>
 </motif>
</smallbismark>