<?xml version='1.0' encoding='UTF-8'?>
<smallbismark>
 <comment name='WARNING'>This is a draft version of small-BiSMark. Specification is the subject to change!</comment>
 <motif name='pho' id='PHO.MTF' length='6'>
  <PPM length='6'>
   <pm-column position='1'>
    <a>0.0</a>
    <c>0.0</c>
    <g>1.0</g>
    <t>0.0</t>
   </pm-column>
   <pm-column position='2'>
    <a>0.0</a>
    <c>1.0</c>
    <g>0.0</g>
    <t>0.0</t>
   </pm-column>
   <pm-column position='3'>
    <a>0.0</a>
    <c>1.0</c>
    <g>0.0</g>
    <t>0.0</t>
   </pm-column>
   <pm-column position='4'>
    <a>1.0</a>
    <c>0.0</c>
    <g>0.0</g>
    <t>0.0</t>
   </pm-column>
   <pm-column position='5'>
    <a>0.0</a>
    <c>0.0</c>
    <g>0.0</g>
    <t>1.0</t>
   </pm-column>
   <pm-column position='6'>
    <a>0.0</a>
    <c>0.0</c>
    <g>0.0</g>
    <t>1.0</t>
   </pm-column>
  </PPM>
  <PWM threshold='3.57' length='6'>
   <pm-column position='1'>
    <a>-1.79175946922806</a>
    <c>-1.79175946922806</c>
    <g>1.40896330923667</g>
    <t>-1.79175946922806</t>
   </pm-column>
   <pm-column position='2'>
    <a>-1.79175946922806</a>
    <c>1.40896330923667</c>
    <g>-1.79175946922806</g>
    <t>-1.79175946922806</t>
   </pm-column>
   <pm-column position='3'>
    <a>-1.79175946922806</a>
    <c>1.40896330923667</c>
    <g>-1.79175946922806</g>
    <t>-1.79175946922806</t>
   </pm-column>
   <pm-column position='4'>
    <a>1.1194997158091</a>
    <c>-1.79175946922806</c>
    <g>-1.79175946922806</g>
    <t>-1.79175946922806</t>
   </pm-column>
   <pm-column position='5'>
    <a>-1.79175946922806</a>
    <c>-1.79175946922806</c>
    <g>-1.79175946922806</g>
    <t>1.1194997158091</t>
   </pm-column>
   <pm-column position='6'>
    <a>-1.79175946922806</a>
    <c>-1.79175946922806</c>
    <g>-1.79175946922806</g>
    <t>1.1194997158091</t>
   </pm-column>
  </PWM>
 </motif>
</smallbismark>