<?xml version='1.0' encoding='UTF-8'?>
<smallbismark>
 <comment name='WARNING'>This is a draft version of small-BiSMark. Specification is the subject to change!</comment>
 <motif name='slbo' id='SLBO.MTF'>
  <PPM length='10'>
   <pm-column position='1'>
    <a>0.0</a>
    <c>0.0</c>
    <g>0.0</g>
    <t>1.0</t>
   </pm-column>
   <pm-column position='2'>
    <a>0.0</a>
    <c>0.0</c>
    <g>0.0</g>
    <t>1.0</t>
   </pm-column>
   <pm-column position='3'>
    <a>0.25</a>
    <c>0.25</c>
    <g>0.25</g>
    <t>0.25</t>
   </pm-column>
   <pm-column position='4'>
    <a>0.25</a>
    <c>0.25</c>
    <g>0.25</g>
    <t>0.25</t>
   </pm-column>
   <pm-column position='5'>
    <a>0.5</a>
    <c>0.0</c>
    <g>0.5</g>
    <t>0.0</t>
   </pm-column>
   <pm-column position='6'>
    <a>0.0</a>
    <c>1.0</c>
    <g>0.0</g>
    <t>0.0</t>
   </pm-column>
   <pm-column position='7'>
    <a>1.0</a>
    <c>0.0</c>
    <g>0.0</g>
    <t>0.0</t>
   </pm-column>
   <pm-column position='8'>
    <a>1.0</a>
    <c>0.0</c>
    <g>0.0</g>
    <t>0.0</t>
   </pm-column>
   <pm-column position='9'>
    <a>0.0</a>
    <c>0.0</c>
    <g>0.0</g>
    <t>1.0</t>
   </pm-column>
   <pm-column position='10'>
    <a>0.5</a>
    <c>0.5</c>
    <g>0.0</g>
    <t>0.0</t>
   </pm-column>
  </PPM>
  <PWM threshold='2.37' length='10'>
   <pm-column position='1'>
    <a>-2.56494935746154</a>
    <c>-2.56494935746154</c>
    <g>-2.56494935746154</g>
    <t>1.18952649296748</t>
   </pm-column>
   <pm-column position='2'>
    <a>-2.56494935746154</a>
    <c>-2.56494935746154</c>
    <g>-2.56494935746154</g>
    <t>1.18952649296748</t>
   </pm-column>
   <pm-column position='3'>
    <a>-0.128886667360095</a>
    <c>0.151740805754831</c>
    <g>0.151740805754831</g>
    <t>-0.128886667360095</t>
   </pm-column>
   <pm-column position='4'>
    <a>-0.128886667360095</a>
    <c>0.151740805754831</c>
    <g>0.151740805754831</g>
    <t>-0.128886667360095</t>
   </pm-column>
   <pm-column position='5'>
    <a>0.519522158056417</a>
    <c>-2.56494935746154</c>
    <g>0.811283037024249</g>
    <t>-2.56494935746154</t>
   </pm-column>
   <pm-column position='6'>
    <a>-2.56494935746154</a>
    <c>1.48719454606259</c>
    <g>-2.56494935746154</g>
    <t>-2.56494935746154</t>
   </pm-column>
   <pm-column position='7'>
    <a>1.18952649296748</a>
    <c>-2.56494935746154</c>
    <g>-2.56494935746154</g>
    <t>-2.56494935746154</t>
   </pm-column>
   <pm-column position='8'>
    <a>1.18952649296748</a>
    <c>-2.56494935746154</c>
    <g>-2.56494935746154</g>
    <t>-2.56494935746154</t>
   </pm-column>
   <pm-column position='9'>
    <a>-2.56494935746154</a>
    <c>-2.56494935746154</c>
    <g>-2.56494935746154</g>
    <t>1.18952649296748</t>
   </pm-column>
   <pm-column position='10'>
    <a>0.519522158056417</a>
    <c>0.811283037024249</c>
    <g>-2.56494935746154</g>
    <t>-2.56494935746154</t>
   </pm-column>
  </PWM>
 </motif>
</smallbismark>