<?xml version='1.0' encoding='UTF-8'?>
<smallbismark>
 <comment name='WARNING'>This is a draft version of small-BiSMark. Specification is the subject to change!</comment>
 <motif name='sna' id='SNA.MTF'>
  <PPM length='13'>
   <pm-column position='1'>
    <a>0.318181818181818</a>
    <c>0.272727272727273</c>
    <g>0.318181818181818</g>
    <t>0.0909090909090909</t>
   </pm-column>
   <pm-column position='2'>
    <a>0.36</a>
    <c>0.2</c>
    <g>0.16</g>
    <t>0.28</t>
   </pm-column>
   <pm-column position='3'>
    <a>0.448275862068966</a>
    <c>0.0689655172413793</c>
    <g>0.448275862068966</g>
    <t>0.0344827586206897</t>
   </pm-column>
   <pm-column position='4'>
    <a>0.710526315789474</a>
    <c>0.0</c>
    <g>0.210526315789474</g>
    <t>0.0789473684210526</t>
   </pm-column>
   <pm-column position='5'>
    <a>0.0</a>
    <c>0.975</c>
    <g>0.025</g>
    <t>0.0</t>
   </pm-column>
   <pm-column position='6'>
    <a>0.975</a>
    <c>0.0</c>
    <g>0.0</g>
    <t>0.025</t>
   </pm-column>
   <pm-column position='7'>
    <a>0.075</a>
    <c>0.0</c>
    <g>0.925</g>
    <t>0.0</t>
   </pm-column>
   <pm-column position='8'>
    <a>0.05</a>
    <c>0.0</c>
    <g>0.95</g>
    <t>0.0</t>
   </pm-column>
   <pm-column position='9'>
    <a>0.0</a>
    <c>0.0</c>
    <g>0.0</g>
    <t>1.0</t>
   </pm-column>
   <pm-column position='10'>
    <a>0.0</a>
    <c>0.0</c>
    <g>0.925</g>
    <t>0.075</t>
   </pm-column>
   <pm-column position='11'>
    <a>0.0810810810810811</a>
    <c>0.513513513513513</c>
    <g>0.0810810810810811</g>
    <t>0.324324324324324</t>
   </pm-column>
   <pm-column position='12'>
    <a>0.5625</a>
    <c>0.25</c>
    <g>0.0625</g>
    <t>0.125</t>
   </pm-column>
   <pm-column position='13'>
    <a>0.233333333333333</a>
    <c>0.366666666666667</c>
    <g>0.233333333333333</g>
    <t>0.166666666666667</t>
   </pm-column>
  </PPM>
  <PWM threshold='3.54' length='13'>
   <pm-column position='1'>
    <a>0.0927272569593776</a>
    <c>0.231783513428368</c>
    <g>0.376447457519469</g>
    <t>-0.986180088476838</t>
   </pm-column>
   <pm-column position='2'>
    <a>0.207346279794692</a>
    <c>-0.0546218098493744</c>
    <g>-0.256000992735665</g>
    <t>-0.0248020877506657</t>
   </pm-column>
   <pm-column position='3'>
    <a>0.413224073273411</a>
    <c>-0.964705685960934</c>
    <g>0.702496543152242</g>
    <t>-1.64399602605612</t>
   </pm-column>
   <pm-column position='4'>
    <a>0.853264710570973</a>
    <c>-2.484906649788</c>
    <g>-0.00773881453664665</g>
    <t>-1.0939683317635</t>
   </pm-column>
   <pm-column position='5'>
    <a>-2.484906649788</a>
    <c>1.45697269167349</c>
    <g>-1.6540584532277</g>
    <t>-2.484906649788</t>
   </pm-column>
   <pm-column position='6'>
    <a>1.16001947962573</a>
    <c>-2.484906649788</c>
    <g>-2.484906649788</g>
    <t>-1.81405823640838</t>
   </pm-column>
   <pm-column position='7'>
    <a>-1.13224971769808</a>
    <c>-2.484906649788</c>
    <g>1.40537768911708</g>
    <t>-2.484906649788</t>
   </pm-column>
   <pm-column position='8'>
    <a>-1.41613793322612</a>
    <c>-2.484906649788</c>
    <g>1.43150790902918</g>
    <t>-2.484906649788</t>
   </pm-column>
   <pm-column position='9'>
    <a>-2.484906649788</a>
    <c>-2.484906649788</c>
    <g>-2.484906649788</g>
    <t>1.18468399076988</t>
   </pm-column>
   <pm-column position='10'>
    <a>-2.484906649788</a>
    <c>-2.484906649788</c>
    <g>1.40537768911708</g>
    <t>-1.13224971769808</t>
   </pm-column>
   <pm-column position='11'>
    <a>-1.07387008580322</a>
    <c>0.833106136811808</c>
    <g>-0.836082912771373</g>
    <t>0.110408749406748</t>
   </pm-column>
   <pm-column position='12'>
    <a>0.628949071179979</a>
    <c>0.150762625787323</c>
    <g>-1.04077699428492</g>
    <t>-0.730592914695748</t>
   </pm-column>
   <pm-column position='13'>
    <a>-0.190182751600709</a>
    <c>0.510686431122957</c>
    <g>0.086876051070529</g>
    <t>-0.487130775931998</t>
   </pm-column>
  </PWM>
 </motif>
</smallbismark>