<?xml version='1.0' encoding='UTF-8'?>
<smallbismark>
 <comment name='WARNING'>This is a draft version of small-BiSMark. Specification is the subject to change!</comment>
 <motif name='tll' id='TLL.MTF'>
  <PPM length='7'>
   <pm-column position='1'>
    <a>1.0</a>
    <c>0.0</c>
    <g>0.0</g>
    <t>0.0</t>
   </pm-column>
   <pm-column position='2'>
    <a>1.0</a>
    <c>0.0</c>
    <g>0.0</g>
    <t>0.0</t>
   </pm-column>
   <pm-column position='3'>
    <a>1.0</a>
    <c>0.0</c>
    <g>0.0</g>
    <t>0.0</t>
   </pm-column>
   <pm-column position='4'>
    <a>0.0</a>
    <c>0.0</c>
    <g>0.0</g>
    <t>1.0</t>
   </pm-column>
   <pm-column position='5'>
    <a>0.0</a>
    <c>0.0</c>
    <g>0.0</g>
    <t>1.0</t>
   </pm-column>
   <pm-column position='6'>
    <a>1.0</a>
    <c>0.0</c>
    <g>0.0</g>
    <t>0.0</t>
   </pm-column>
   <pm-column position='7'>
    <a>1.0</a>
    <c>0.0</c>
    <g>0.0</g>
    <t>0.0</t>
   </pm-column>
  </PPM>
  <PWM threshold='-0.23' length='7'>
   <pm-column position='1'>
    <a>1.22695508645771</a>
    <c>-3.63758615972639</c>
    <g>-3.63758615972639</g>
    <t>-3.63758615972639</t>
   </pm-column>
   <pm-column position='2'>
    <a>1.22695508645771</a>
    <c>-3.63758615972639</c>
    <g>-3.63758615972639</g>
    <t>-3.63758615972639</t>
   </pm-column>
   <pm-column position='3'>
    <a>1.22695508645771</a>
    <c>-3.63758615972639</c>
    <g>-3.63758615972639</g>
    <t>-3.63758615972639</t>
   </pm-column>
   <pm-column position='4'>
    <a>-3.63758615972639</a>
    <c>-3.63758615972639</c>
    <g>-3.63758615972639</g>
    <t>1.22695508645771</t>
   </pm-column>
   <pm-column position='5'>
    <a>-3.63758615972639</a>
    <c>-3.63758615972639</c>
    <g>-3.63758615972639</g>
    <t>1.22695508645771</t>
   </pm-column>
   <pm-column position='6'>
    <a>1.22695508645771</a>
    <c>-3.63758615972639</c>
    <g>-3.63758615972639</g>
    <t>-3.63758615972639</t>
   </pm-column>
   <pm-column position='7'>
    <a>1.22695508645771</a>
    <c>-3.63758615972639</c>
    <g>-3.63758615972639</g>
    <t>-3.63758615972639</t>
   </pm-column>
  </PWM>
 </motif>
</smallbismark>