<?xml version='1.0' encoding='UTF-8'?>
<smallbismark>
 <comment name='WARNING'>This is a draft version of small-BiSMark. Specification is the subject to change!</comment>
 <motif name='Abd-B' id='ABD_B.MTF'>
  <PPM length='14'>
   <pm-column position='1'>
    <a>0.222222222222222</a>
    <c>0.259259259259259</c>
    <g>0.333333333333333</g>
    <t>0.185185185185185</t>
   </pm-column>
   <pm-column position='2'>
    <a>0.129032258064516</a>
    <c>0.258064516129032</c>
    <g>0.258064516129032</g>
    <t>0.354838709677419</t>
   </pm-column>
   <pm-column position='3'>
    <a>0.194444444444444</a>
    <c>0.305555555555556</c>
    <g>0.277777777777778</g>
    <t>0.222222222222222</t>
   </pm-column>
   <pm-column position='4'>
    <a>0.025</a>
    <c>0.15</c>
    <g>0.8</g>
    <t>0.025</t>
   </pm-column>
   <pm-column position='5'>
    <a>0.0952380952380952</a>
    <c>0.571428571428571</c>
    <g>0.0952380952380952</g>
    <t>0.238095238095238</t>
   </pm-column>
   <pm-column position='6'>
    <a>0.209302325581395</a>
    <c>0.697674418604651</c>
    <g>0.0465116279069767</g>
    <t>0.0465116279069767</t>
   </pm-column>
   <pm-column position='7'>
    <a>0.688888888888889</a>
    <c>0.0222222222222222</c>
    <g>0.155555555555556</g>
    <t>0.133333333333333</t>
   </pm-column>
   <pm-column position='8'>
    <a>0.155555555555556</a>
    <c>0.0</c>
    <g>0.0444444444444444</g>
    <t>0.8</t>
   </pm-column>
   <pm-column position='9'>
    <a>0.533333333333333</a>
    <c>0.177777777777778</c>
    <g>0.0444444444444444</g>
    <t>0.244444444444444</t>
   </pm-column>
   <pm-column position='10'>
    <a>0.743589743589744</a>
    <c>0.102564102564103</c>
    <g>0.0512820512820513</g>
    <t>0.102564102564103</t>
   </pm-column>
   <pm-column position='11'>
    <a>0.777777777777778</a>
    <c>0.194444444444444</c>
    <g>0.0277777777777778</g>
    <t>0.0</t>
   </pm-column>
   <pm-column position='12'>
    <a>0.205882352941176</a>
    <c>0.264705882352941</c>
    <g>0.264705882352941</g>
    <t>0.264705882352941</t>
   </pm-column>
   <pm-column position='13'>
    <a>0.103448275862069</a>
    <c>0.379310344827586</c>
    <g>0.413793103448276</g>
    <t>0.103448275862069</t>
   </pm-column>
   <pm-column position='14'>
    <a>0.125</a>
    <c>0.333333333333333</c>
    <g>0.208333333333333</g>
    <t>0.333333333333333</t>
   </pm-column>
  </PPM>
 </motif>
</smallbismark>