<?xml version='1.0' encoding='UTF-8'?>
<smallbismark>
 <comment name='WARNING'>This is a draft version of small-BiSMark. Specification is the subject to change!</comment>
 <motif name='Adf1' id='ADF1.MTF' length='12'>
  <PPM length='12'>
   <pm-column position='1'>
    <a>0</a>
    <c>0</c>
    <g>1</g>
    <t>0</t>
   </pm-column>
   <pm-column position='2'>
    <a>0</a>
    <c>1</c>
    <g>0</g>
    <t>0</t>
   </pm-column>
   <pm-column position='3'>
    <a>0</a>
    <c>0</c>
    <g>0</g>
    <t>1</t>
   </pm-column>
   <pm-column position='4'>
    <a>0</a>
    <c>0.5</c>
    <g>0.5</g>
    <t>0</t>
   </pm-column>
   <pm-column position='5'>
    <a>0</a>
    <c>1</c>
    <g>0</g>
    <t>0</t>
   </pm-column>
   <pm-column position='6'>
    <a>0</a>
    <c>0.5</c>
    <g>0</g>
    <t>0.5</t>
   </pm-column>
   <pm-column position='7'>
    <a>0</a>
    <c>0</c>
    <g>0.5</g>
    <t>0.5</t>
   </pm-column>
   <pm-column position='8'>
    <a>0</a>
    <c>1</c>
    <g>0</g>
    <t>0</t>
   </pm-column>
   <pm-column position='9'>
    <a>0</a>
    <c>0.5</c>
    <g>0</g>
    <t>0.5</t>
   </pm-column>
   <pm-column position='10'>
    <a>0</a>
    <c>0</c>
    <g>1</g>
    <t>0</t>
   </pm-column>
   <pm-column position='11'>
    <a>0</a>
    <c>0.5</c>
    <g>0</g>
    <t>0.5</t>
   </pm-column>
   <pm-column position='12'>
    <a>0.333333333333333</a>
    <c>0.333333333333333</c>
    <g>0</g>
    <t>0.333333333333333</t>
   </pm-column>
  </PPM>
 </motif>
</smallbismark>