<?xml version='1.0' encoding='UTF-8'?>
<smallbismark>
 <comment name='WARNING'>This is a draft version of small-BiSMark. Specification is the subject to change!</comment>
 <motif name='bab1' id='BAB1.MTF' length='12'>
  <PPM length='12'>
   <pm-column position='1'>
    <a>0.272727272727273</a>
    <c>0</c>
    <g>0.0909090909090909</g>
    <t>0.636363636363636</t>
   </pm-column>
   <pm-column position='2'>
    <a>0.5</a>
    <c>0.2</c>
    <g>0.1</g>
    <t>0.2</t>
   </pm-column>
   <pm-column position='3'>
    <a>0.666666666666667</a>
    <c>0</c>
    <g>0</g>
    <t>0.333333333333333</t>
   </pm-column>
   <pm-column position='4'>
    <a>0.6</a>
    <c>0</c>
    <g>0</g>
    <t>0.4</t>
   </pm-column>
   <pm-column position='5'>
    <a>0.333333333333333</a>
    <c>0.111111111111111</c>
    <g>0</g>
    <t>0.555555555555556</t>
   </pm-column>
   <pm-column position='6'>
    <a>0.7</a>
    <c>0</c>
    <g>0</g>
    <t>0.3</t>
   </pm-column>
   <pm-column position='7'>
    <a>0.222222222222222</a>
    <c>0</c>
    <g>0</g>
    <t>0.777777777777778</t>
   </pm-column>
   <pm-column position='8'>
    <a>0.6</a>
    <c>0</c>
    <g>0</g>
    <t>0.4</t>
   </pm-column>
   <pm-column position='9'>
    <a>0.555555555555556</a>
    <c>0</c>
    <g>0</g>
    <t>0.444444444444444</t>
   </pm-column>
   <pm-column position='10'>
    <a>0.2</a>
    <c>0.1</c>
    <g>0.1</g>
    <t>0.6</t>
   </pm-column>
   <pm-column position='11'>
    <a>0.111111111111111</a>
    <c>0.111111111111111</c>
    <g>0.333333333333333</g>
    <t>0.444444444444444</t>
   </pm-column>
   <pm-column position='12'>
    <a>0</a>
    <c>0</c>
    <g>0.666666666666667</g>
    <t>0.333333333333333</t>
   </pm-column>
  </PPM>
 </motif>
</smallbismark>