<?xml version='1.0' encoding='UTF-8'?>
<smallbismark>
 <comment name='WARNING'>This is a draft version of small-BiSMark. Specification is the subject to change!</comment>
 <motif name='bcd' id='BCD.MTF' length='11'>
  <PPM length='11'>
   <pm-column position='1'>
    <a>0.208333333333333</a>
    <c>0.458333333333333</c>
    <g>0.291666666666667</g>
    <t>0.0416666666666667</t>
   </pm-column>
   <pm-column position='2'>
    <a>0.208333333333333</a>
    <c>0.416666666666667</c>
    <g>0.291666666666667</g>
    <t>0.0833333333333333</t>
   </pm-column>
   <pm-column position='3'>
    <a>0.25</a>
    <c>0.333333333333333</c>
    <g>0.291666666666667</g>
    <t>0.125</t>
   </pm-column>
   <pm-column position='4'>
    <a>0.0833333333333333</a>
    <c>0.541666666666667</c>
    <g>0.208333333333333</g>
    <t>0.166666666666667</t>
   </pm-column>
   <pm-column position='5'>
    <a>0.0416666666666667</a>
    <c>0.0833333333333333</c>
    <g>0</g>
    <t>0.875</t>
   </pm-column>
   <pm-column position='6'>
    <a>1</a>
    <c>0</c>
    <g>0</g>
    <t>0</t>
   </pm-column>
   <pm-column position='7'>
    <a>1</a>
    <c>0</c>
    <g>0</g>
    <t>0</t>
   </pm-column>
   <pm-column position='8'>
    <a>0.0833333333333333</a>
    <c>0</c>
    <g>0.125</g>
    <t>0.791666666666667</t>
   </pm-column>
   <pm-column position='9'>
    <a>0.0416666666666667</a>
    <c>0.833333333333333</c>
    <g>0.0416666666666667</g>
    <t>0.0833333333333333</t>
   </pm-column>
   <pm-column position='10'>
    <a>0.0416666666666667</a>
    <c>0.833333333333333</c>
    <g>0.0416666666666667</g>
    <t>0.0833333333333333</t>
   </pm-column>
   <pm-column position='11'>
    <a>0.208333333333333</a>
    <c>0.291666666666667</c>
    <g>0.25</g>
    <t>0.25</t>
   </pm-column>
  </PPM>
 </motif>
</smallbismark>