<?xml version='1.0' encoding='UTF-8'?>
<smallbismark>
 <comment name='WARNING'>This is a draft version of small-BiSMark. Specification is the subject to change!</comment>
 <motif name='brk' id='BRK.MTF' length='7'>
  <PPM length='7'>
   <pm-column position='1'>
    <a>0</a>
    <c>0</c>
    <g>0.0833333333333333</g>
    <t>0.916666666666667</t>
   </pm-column>
   <pm-column position='2'>
    <a>0</a>
    <c>0</c>
    <g>1</g>
    <t>0</t>
   </pm-column>
   <pm-column position='3'>
    <a>0</a>
    <c>0</c>
    <g>1</g>
    <t>0</t>
   </pm-column>
   <pm-column position='4'>
    <a>0</a>
    <c>1</c>
    <g>0</g>
    <t>0</t>
   </pm-column>
   <pm-column position='5'>
    <a>0</a>
    <c>0</c>
    <g>1</g>
    <t>0</t>
   </pm-column>
   <pm-column position='6'>
    <a>0</a>
    <c>0.583333333333333</c>
    <g>0</g>
    <t>0.416666666666667</t>
   </pm-column>
   <pm-column position='7'>
    <a>0</a>
    <c>0.25</c>
    <g>0</g>
    <t>0.75</t>
   </pm-column>
  </PPM>
 </motif>
</smallbismark>