<?xml version='1.0' encoding='UTF-8'?>
<smallbismark>
 <comment name='WARNING'>This is a draft version of small-BiSMark. Specification is the subject to change!</comment>
 <motif name='Cf2' id='CF2.MTF' length='9'>
  <PPM length='9'>
   <pm-column position='1'>
    <a>0.33</a>
    <c>0.15</c>
    <g>0.51</g>
    <t>0.01</t>
   </pm-column>
   <pm-column position='2'>
    <a>0</a>
    <c>0.06</c>
    <g>0</g>
    <t>0.94</t>
   </pm-column>
   <pm-column position='3'>
    <a>0.94</a>
    <c>0</c>
    <g>0.06</g>
    <t>0</t>
   </pm-column>
   <pm-column position='4'>
    <a>0</a>
    <c>0.08</c>
    <g>0.04</g>
    <t>0.88</t>
   </pm-column>
   <pm-column position='5'>
    <a>0.94</a>
    <c>0.02</c>
    <g>0.04</g>
    <t>0</t>
   </pm-column>
   <pm-column position='6'>
    <a>0.01</a>
    <c>0.04</c>
    <g>0</g>
    <t>0.95</t>
   </pm-column>
   <pm-column position='7'>
    <a>0.51</a>
    <c>0.03</c>
    <g>0.41</g>
    <t>0.05</t>
   </pm-column>
   <pm-column position='8'>
    <a>0.02</a>
    <c>0.13</c>
    <g>0.02</g>
    <t>0.83</t>
   </pm-column>
   <pm-column position='9'>
    <a>0.63</a>
    <c>0.06</c>
    <g>0.26</g>
    <t>0.05</t>
   </pm-column>
  </PPM>
 </motif>
</smallbismark>