<?xml version='1.0' encoding='UTF-8'?>
<smallbismark>
 <comment name='WARNING'>This is a draft version of small-BiSMark. Specification is the subject to change!</comment>
 <motif name='Dip3' id='DIP3.MTF' length='12'>
  <PPM length='12'>
   <pm-column position='1'>
    <a>0.04</a>
    <c>0.64</c>
    <g>0.08</g>
    <t>0.24</t>
   </pm-column>
   <pm-column position='2'>
    <a>0.0384615384615385</a>
    <c>0.730769230769231</c>
    <g>0.0384615384615385</g>
    <t>0.192307692307692</t>
   </pm-column>
   <pm-column position='3'>
    <a>0.461538461538462</a>
    <c>0.115384615384615</c>
    <g>0.115384615384615</g>
    <t>0.307692307692308</t>
   </pm-column>
   <pm-column position='4'>
    <a>0.192307692307692</a>
    <c>0.423076923076923</c>
    <g>0.307692307692308</g>
    <t>0.0769230769230769</t>
   </pm-column>
   <pm-column position='5'>
    <a>0.346153846153846</a>
    <c>0.192307692307692</c>
    <g>0.269230769230769</g>
    <t>0.192307692307692</t>
   </pm-column>
   <pm-column position='6'>
    <a>0.0769230769230769</a>
    <c>0.576923076923077</c>
    <g>0.0384615384615385</g>
    <t>0.307692307692308</t>
   </pm-column>
   <pm-column position='7'>
    <a>0.115384615384615</a>
    <c>0.653846153846154</c>
    <g>0.0384615384615385</g>
    <t>0.192307692307692</t>
   </pm-column>
   <pm-column position='8'>
    <a>0.346153846153846</a>
    <c>0.115384615384615</c>
    <g>0.153846153846154</g>
    <t>0.384615384615385</t>
   </pm-column>
   <pm-column position='9'>
    <a>0.192307692307692</a>
    <c>0.0769230769230769</c>
    <g>0.269230769230769</g>
    <t>0.461538461538462</t>
   </pm-column>
   <pm-column position='10'>
    <a>0.269230769230769</a>
    <c>0.192307692307692</c>
    <g>0.307692307692308</g>
    <t>0.230769230769231</t>
   </pm-column>
   <pm-column position='11'>
    <a>0.0769230769230769</a>
    <c>0.653846153846154</c>
    <g>0.0384615384615385</g>
    <t>0.230769230769231</t>
   </pm-column>
   <pm-column position='12'>
    <a>0.0476190476190476</a>
    <c>0.666666666666667</c>
    <g>0.19047619047619</g>
    <t>0.0952380952380952</t>
   </pm-column>
  </PPM>
 </motif>
</smallbismark>