<?xml version='1.0' encoding='UTF-8'?>
<smallbismark>
 <comment name='WARNING'>This is a draft version of small-BiSMark. Specification is the subject to change!</comment>
 <motif name='dl-B' id='DL_B.MTF'>
  <PPM length='11'>
   <pm-column position='1'>
    <a>0.06</a>
    <c>0.3</c>
    <g>0.47</g>
    <t>0.17</t>
   </pm-column>
   <pm-column position='2'>
    <a>0.37</a>
    <c>0.07</c>
    <g>0.56</g>
    <t>0.0</t>
   </pm-column>
   <pm-column position='3'>
    <a>0.03</a>
    <c>0.0</c>
    <g>0.94</g>
    <t>0.03</t>
   </pm-column>
   <pm-column position='4'>
    <a>0.53</a>
    <c>0.0</c>
    <g>0.27</g>
    <t>0.2</t>
   </pm-column>
   <pm-column position='5'>
    <a>0.73</a>
    <c>0.0</c>
    <g>0.0</g>
    <t>0.27</t>
   </pm-column>
   <pm-column position='6'>
    <a>0.27</a>
    <c>0.0</c>
    <g>0.03</g>
    <t>0.7</t>
   </pm-column>
   <pm-column position='7'>
    <a>0.17</a>
    <c>0.0</c>
    <g>0.0</g>
    <t>0.83</t>
   </pm-column>
   <pm-column position='8'>
    <a>0.0</a>
    <c>1.0</c>
    <g>0.0</g>
    <t>0.0</t>
   </pm-column>
   <pm-column position='9'>
    <a>0.0</a>
    <c>1.0</c>
    <g>0.0</g>
    <t>0.0</t>
   </pm-column>
   <pm-column position='10'>
    <a>0.0</a>
    <c>0.97</c>
    <g>0.03</g>
    <t>0.0</t>
   </pm-column>
   <pm-column position='11'>
    <a>0.23</a>
    <c>0.6</c>
    <g>0.04</g>
    <t>0.13</t>
   </pm-column>
  </PPM>
 </motif>
</smallbismark>