<?xml version='1.0' encoding='UTF-8'?>
<smallbismark>
 <comment name='WARNING'>This is a draft version of small-BiSMark. Specification is the subject to change!</comment>
 <motif name='dl-A' id='DL_A.MTF' length='11'>
  <PPM length='11'>
   <pm-column position='1'>
    <a>0</a>
    <c>0.0909090909090909</c>
    <g>0.818181818181818</g>
    <t>0.0909090909090909</t>
   </pm-column>
   <pm-column position='2'>
    <a>0</a>
    <c>0</c>
    <g>1</g>
    <t>0</t>
   </pm-column>
   <pm-column position='3'>
    <a>0</a>
    <c>0</c>
    <g>1</g>
    <t>0</t>
   </pm-column>
   <pm-column position='4'>
    <a>0.181818181818182</a>
    <c>0.0909090909090909</c>
    <g>0</g>
    <t>0.727272727272727</t>
   </pm-column>
   <pm-column position='5'>
    <a>0.181818181818182</a>
    <c>0.0454545454545455</c>
    <g>0</g>
    <t>0.772727272727273</t>
   </pm-column>
   <pm-column position='6'>
    <a>0.0769230769230769</a>
    <c>0</c>
    <g>0</g>
    <t>0.923076923076923</t>
   </pm-column>
   <pm-column position='7'>
    <a>0</a>
    <c>0</c>
    <g>0</g>
    <t>1</t>
   </pm-column>
   <pm-column position='8'>
    <a>0</a>
    <c>0</c>
    <g>0</g>
    <t>1</t>
   </pm-column>
   <pm-column position='9'>
    <a>0.0454545454545455</a>
    <c>0.954545454545455</c>
    <g>0</g>
    <t>0</t>
   </pm-column>
   <pm-column position='10'>
    <a>0</a>
    <c>1</c>
    <g>0</g>
    <t>0</t>
   </pm-column>
   <pm-column position='11'>
    <a>0.227272727272727</a>
    <c>0.363636363636364</c>
    <g>0.318181818181818</g>
    <t>0.0909090909090909</t>
   </pm-column>
  </PPM>
 </motif>
</smallbismark>