<?xml version='1.0' encoding='UTF-8'?>
<smallbismark>
 <comment name='WARNING'>This is a draft version of small-BiSMark. Specification is the subject to change!</comment>
 <motif name='EcR/usp' id='ECR_USP.MTF' length='15'>
  <PPM length='15'>
   <pm-column position='1'>
    <a>0.25</a>
    <c>0.17</c>
    <g>0.58</g>
    <t>0</t>
   </pm-column>
   <pm-column position='2'>
    <a>0.67</a>
    <c>0.04</c>
    <g>0.29</g>
    <t>0</t>
   </pm-column>
   <pm-column position='3'>
    <a>0</a>
    <c>0</c>
    <g>1</g>
    <t>0</t>
   </pm-column>
   <pm-column position='4'>
    <a>0</a>
    <c>0</c>
    <g>0.83</g>
    <t>0.17</t>
   </pm-column>
   <pm-column position='5'>
    <a>0</a>
    <c>0</c>
    <g>0</g>
    <t>1</t>
   </pm-column>
   <pm-column position='6'>
    <a>0</a>
    <c>0.79</c>
    <g>0</g>
    <t>0.21</t>
   </pm-column>
   <pm-column position='7'>
    <a>1</a>
    <c>0</c>
    <g>0</g>
    <t>0</t>
   </pm-column>
   <pm-column position='8'>
    <a>0.63</a>
    <c>0.08</c>
    <g>0.08</g>
    <t>0.21</t>
   </pm-column>
   <pm-column position='9'>
    <a>0</a>
    <c>0.08</c>
    <g>0.04</g>
    <t>0.88</t>
   </pm-column>
   <pm-column position='10'>
    <a>0.04</a>
    <c>0</c>
    <g>0.96</g>
    <t>0</t>
   </pm-column>
   <pm-column position='11'>
    <a>0.7</a>
    <c>0.13</c>
    <g>0.13</g>
    <t>0.04</t>
   </pm-column>
   <pm-column position='12'>
    <a>0.21</a>
    <c>0.79</c>
    <g>0</g>
    <t>0</t>
   </pm-column>
   <pm-column position='13'>
    <a>0.21</a>
    <c>0.75</c>
    <g>0</g>
    <t>0.04</t>
   </pm-column>
   <pm-column position='14'>
    <a>0.04</a>
    <c>0.38</c>
    <g>0.04</g>
    <t>0.54</t>
   </pm-column>
   <pm-column position='15'>
    <a>0.04</a>
    <c>0.75</c>
    <g>0.04</g>
    <t>0.17</t>
   </pm-column>
  </PPM>
 </motif>
</smallbismark>