<?xml version='1.0' encoding='UTF-8'?>
<smallbismark>
 <comment name='WARNING'>This is a draft version of small-BiSMark. Specification is the subject to change!</comment>
 <motif name='Eip74EF' id='EIP74EF.MTF' length='17'>
  <PPM length='17'>
   <pm-column position='1'>
    <a>0.285714285714286</a>
    <c>0.357142857142857</c>
    <g>0.142857142857143</g>
    <t>0.214285714285714</t>
   </pm-column>
   <pm-column position='2'>
    <a>0.214285714285714</a>
    <c>0.214285714285714</c>
    <g>0.428571428571429</g>
    <t>0.142857142857143</t>
   </pm-column>
   <pm-column position='3'>
    <a>0.733333333333333</a>
    <c>0.0666666666666667</c>
    <g>0.133333333333333</g>
    <t>0.0666666666666667</t>
   </pm-column>
   <pm-column position='4'>
    <a>0.6875</a>
    <c>0</c>
    <g>0.125</g>
    <t>0.1875</t>
   </pm-column>
   <pm-column position='5'>
    <a>0.117647058823529</a>
    <c>0.411764705882353</c>
    <g>0.117647058823529</g>
    <t>0.352941176470588</t>
   </pm-column>
   <pm-column position='6'>
    <a>0.117647058823529</a>
    <c>0.705882352941177</c>
    <g>0.117647058823529</g>
    <t>0.0588235294117647</t>
   </pm-column>
   <pm-column position='7'>
    <a>0.294117647058824</a>
    <c>0.705882352941177</c>
    <g>0</g>
    <t>0</t>
   </pm-column>
   <pm-column position='8'>
    <a>0</a>
    <c>0</c>
    <g>1</g>
    <t>0</t>
   </pm-column>
   <pm-column position='9'>
    <a>0</a>
    <c>0</c>
    <g>1</g>
    <t>0</t>
   </pm-column>
   <pm-column position='10'>
    <a>1</a>
    <c>0</c>
    <g>0</g>
    <t>0</t>
   </pm-column>
   <pm-column position='11'>
    <a>1</a>
    <c>0</c>
    <g>0</g>
    <t>0</t>
   </pm-column>
   <pm-column position='12'>
    <a>0.294117647058824</a>
    <c>0.0588235294117647</c>
    <g>0.588235294117647</g>
    <t>0.0588235294117647</t>
   </pm-column>
   <pm-column position='13'>
    <a>0.0666666666666667</a>
    <c>0.133333333333333</c>
    <g>0.0666666666666667</g>
    <t>0.733333333333333</t>
   </pm-column>
   <pm-column position='14'>
    <a>0.2</a>
    <c>0.133333333333333</c>
    <g>0.466666666666667</g>
    <t>0.2</t>
   </pm-column>
   <pm-column position='15'>
    <a>0.333333333333333</a>
    <c>0.2</c>
    <g>0.266666666666667</g>
    <t>0.2</t>
   </pm-column>
   <pm-column position='16'>
    <a>0.142857142857143</a>
    <c>0.0714285714285714</c>
    <g>0.428571428571429</g>
    <t>0.357142857142857</t>
   </pm-column>
   <pm-column position='17'>
    <a>0.166666666666667</a>
    <c>0.25</c>
    <g>0.5</g>
    <t>0.0833333333333333</t>
   </pm-column>
  </PPM>
 </motif>
</smallbismark>