<?xml version='1.0' encoding='UTF-8'?>
<smallbismark>
 <comment name='WARNING'>This is a draft version of small-BiSMark. Specification is the subject to change!</comment>
 <motif name='ftz' id='FTZ.MTF' length='13'>
  <PPM length='13'>
   <pm-column position='1'>
    <a>0.285714285714286</a>
    <c>0.19047619047619</c>
    <g>0.380952380952381</g>
    <t>0.142857142857143</t>
   </pm-column>
   <pm-column position='2'>
    <a>0.238095238095238</a>
    <c>0.333333333333333</c>
    <g>0.238095238095238</g>
    <t>0.19047619047619</t>
   </pm-column>
   <pm-column position='3'>
    <a>0.285714285714286</a>
    <c>0.142857142857143</c>
    <g>0.523809523809524</g>
    <t>0.0476190476190476</t>
   </pm-column>
   <pm-column position='4'>
    <a>0.0952380952380952</a>
    <c>0.333333333333333</c>
    <g>0.142857142857143</g>
    <t>0.428571428571429</t>
   </pm-column>
   <pm-column position='5'>
    <a>0</a>
    <c>0</c>
    <g>0</g>
    <t>1</t>
   </pm-column>
   <pm-column position='6'>
    <a>1</a>
    <c>0</c>
    <g>0</g>
    <t>0</t>
   </pm-column>
   <pm-column position='7'>
    <a>1</a>
    <c>0</c>
    <g>0</g>
    <t>0</t>
   </pm-column>
   <pm-column position='8'>
    <a>0</a>
    <c>0.0476190476190476</c>
    <g>0</g>
    <t>0.952380952380952</t>
   </pm-column>
   <pm-column position='9'>
    <a>0</a>
    <c>0.0952380952380952</c>
    <g>0.761904761904762</g>
    <t>0.142857142857143</t>
   </pm-column>
   <pm-column position='10'>
    <a>0.476190476190476</a>
    <c>0.0476190476190476</c>
    <g>0.333333333333333</g>
    <t>0.142857142857143</t>
   </pm-column>
   <pm-column position='11'>
    <a>0.142857142857143</a>
    <c>0.428571428571429</c>
    <g>0.238095238095238</g>
    <t>0.19047619047619</t>
   </pm-column>
   <pm-column position='12'>
    <a>0.333333333333333</a>
    <c>0.428571428571429</c>
    <g>0.0952380952380952</g>
    <t>0.142857142857143</t>
   </pm-column>
   <pm-column position='13'>
    <a>0.19047619047619</a>
    <c>0.19047619047619</c>
    <g>0.238095238095238</g>
    <t>0.380952380952381</t>
   </pm-column>
  </PPM>
 </motif>
</smallbismark>