<?xml version='1.0' encoding='UTF-8'?>
<smallbismark>
 <comment name='WARNING'>This is a draft version of small-BiSMark. Specification is the subject to change!</comment>
 <motif name='gcm' id='GCM.MTF' length='8'>
  <PPM length='8'>
   <pm-column position='1'>
    <a>0.866666666666667</a>
    <c>0.0222222222222222</c>
    <g>0.0888888888888889</g>
    <t>0.0222222222222222</t>
   </pm-column>
   <pm-column position='2'>
    <a>0</a>
    <c>0</c>
    <g>0</g>
    <t>1</t>
   </pm-column>
   <pm-column position='3'>
    <a>0.0625</a>
    <c>0</c>
    <g>0.916666666666667</g>
    <t>0.0208333333333333</t>
   </pm-column>
   <pm-column position='4'>
    <a>0</a>
    <c>0.979166666666667</c>
    <g>0.0208333333333333</g>
    <t>0</t>
   </pm-column>
   <pm-column position='5'>
    <a>0.0208333333333333</a>
    <c>0</c>
    <g>0.875</g>
    <t>0.104166666666667</t>
   </pm-column>
   <pm-column position='6'>
    <a>0</a>
    <c>0</c>
    <g>1</g>
    <t>0</t>
   </pm-column>
   <pm-column position='7'>
    <a>0.0208333333333333</a>
    <c>0</c>
    <g>0.979166666666667</g>
    <t>0</t>
   </pm-column>
   <pm-column position='8'>
    <a>0</a>
    <c>0.32258064516129</c>
    <g>0</g>
    <t>0.67741935483871</t>
   </pm-column>
  </PPM>
 </motif>
</smallbismark>