<?xml version='1.0' encoding='UTF-8'?>
<smallbismark>
 <comment name='WARNING'>This is a draft version of small-BiSMark. Specification is the subject to change!</comment>
 <motif name='mirr' id='MIRR.MTF' length='15'>
  <PPM length='15'>
   <pm-column position='1'>
    <a>0.363636363636364</a>
    <c>0.142857142857143</c>
    <g>0.363636363636364</g>
    <t>0.12987012987013</t>
   </pm-column>
   <pm-column position='2'>
    <a>0.493506493506494</a>
    <c>0.116883116883117</c>
    <g>0.0779220779220779</g>
    <t>0.311688311688312</t>
   </pm-column>
   <pm-column position='3'>
    <a>0.506493506493506</a>
    <c>0</c>
    <g>0</g>
    <t>0.493506493506494</t>
   </pm-column>
   <pm-column position='4'>
    <a>0.558441558441558</a>
    <c>0.051948051948052</c>
    <g>0.116883116883117</g>
    <t>0.272727272727273</t>
   </pm-column>
   <pm-column position='5'>
    <a>0.636363636363636</a>
    <c>0.0779220779220779</c>
    <g>0.142857142857143</g>
    <t>0.142857142857143</t>
   </pm-column>
   <pm-column position='6'>
    <a>0.012987012987013</a>
    <c>0.805194805194805</c>
    <g>0.181818181818182</g>
    <t>0</t>
   </pm-column>
   <pm-column position='7'>
    <a>0.584415584415584</a>
    <c>0.051948051948052</c>
    <g>0.038961038961039</g>
    <t>0.324675324675325</t>
   </pm-column>
   <pm-column position='8'>
    <a>0.038961038961039</a>
    <c>0.38961038961039</c>
    <g>0.246753246753247</g>
    <t>0.324675324675325</t>
   </pm-column>
   <pm-column position='9'>
    <a>0.246753246753247</a>
    <c>0</c>
    <g>0.558441558441558</g>
    <t>0.194805194805195</t>
   </pm-column>
   <pm-column position='10'>
    <a>0.103896103896104</a>
    <c>0.220779220779221</c>
    <g>0.0909090909090909</g>
    <t>0.584415584415584</t>
   </pm-column>
   <pm-column position='11'>
    <a>0.12987012987013</a>
    <c>0.298701298701299</c>
    <g>0.571428571428571</g>
    <t>0</t>
   </pm-column>
   <pm-column position='12'>
    <a>0.142857142857143</a>
    <c>0.0779220779220779</c>
    <g>0.168831168831169</g>
    <t>0.61038961038961</t>
   </pm-column>
   <pm-column position='13'>
    <a>0.311688311688312</a>
    <c>0.168831168831169</c>
    <g>0.181818181818182</g>
    <t>0.337662337662338</t>
   </pm-column>
   <pm-column position='14'>
    <a>0.428571428571429</a>
    <c>0.337662337662338</c>
    <g>0.12987012987013</g>
    <t>0.103896103896104</t>
   </pm-column>
   <pm-column position='15'>
    <a>0.506493506493506</a>
    <c>0.142857142857143</c>
    <g>0.116883116883117</g>
    <t>0.233766233766234</t>
   </pm-column>
  </PPM>
 </motif>
</smallbismark>