<?xml version='1.0' encoding='UTF-8'?>
<smallbismark>
 <comment name='WARNING'>This is a draft version of small-BiSMark. Specification is the subject to change!</comment>
 <motif name='pnr' id='PNR.MTF' length='18'>
  <PPM length='18'>
   <pm-column position='1'>
    <a>1</a>
    <c>0</c>
    <g>0</g>
    <t>0</t>
   </pm-column>
   <pm-column position='2'>
    <a>0.2</a>
    <c>0.2</c>
    <g>0.2</g>
    <t>0.4</t>
   </pm-column>
   <pm-column position='3'>
    <a>0.333333333333333</a>
    <c>0.252525252525253</c>
    <g>0.0808080808080808</g>
    <t>0.333333333333333</t>
   </pm-column>
   <pm-column position='4'>
    <a>0.202020202020202</a>
    <c>0.131313131313131</c>
    <g>0.333333333333333</g>
    <t>0.333333333333333</t>
   </pm-column>
   <pm-column position='5'>
    <a>0.2</a>
    <c>0.13</c>
    <g>0.27</g>
    <t>0.4</t>
   </pm-column>
   <pm-column position='6'>
    <a>0.111111111111111</a>
    <c>0.333333333333333</c>
    <g>0.333333333333333</g>
    <t>0.222222222222222</t>
   </pm-column>
   <pm-column position='7'>
    <a>0.26</a>
    <c>0.32</c>
    <g>0</g>
    <t>0.42</t>
   </pm-column>
   <pm-column position='8'>
    <a>0</a>
    <c>0</c>
    <g>1</g>
    <t>0</t>
   </pm-column>
   <pm-column position='9'>
    <a>1</a>
    <c>0</c>
    <g>0</g>
    <t>0</t>
   </pm-column>
   <pm-column position='10'>
    <a>0</a>
    <c>0</c>
    <g>0</g>
    <t>1</t>
   </pm-column>
   <pm-column position='11'>
    <a>1</a>
    <c>0</c>
    <g>0</g>
    <t>0</t>
   </pm-column>
   <pm-column position='12'>
    <a>0.702970297029703</a>
    <c>0.099009900990099</c>
    <g>0.099009900990099</g>
    <t>0.099009900990099</t>
   </pm-column>
   <pm-column position='13'>
    <a>0</a>
    <c>0.21</c>
    <g>0.63</g>
    <t>0.16</t>
   </pm-column>
   <pm-column position='14'>
    <a>0.13</a>
    <c>0.31</c>
    <g>0.5</g>
    <t>0.06</t>
   </pm-column>
   <pm-column position='15'>
    <a>0.33</a>
    <c>0.07</c>
    <g>0.4</g>
    <t>0.2</t>
   </pm-column>
   <pm-column position='16'>
    <a>0.23</a>
    <c>0.23</c>
    <g>0.31</g>
    <t>0.23</t>
   </pm-column>
   <pm-column position='17'>
    <a>0.25</a>
    <c>0.25</c>
    <g>0.33</g>
    <t>0.17</t>
   </pm-column>
   <pm-column position='18'>
    <a>0.08</a>
    <c>0.25</c>
    <g>0.25</g>
    <t>0.42</t>
   </pm-column>
  </PPM>
 </motif>
</smallbismark>