<?xml version='1.0' encoding='UTF-8'?>
<smallbismark>
 <comment name='WARNING'>This is a draft version of small-BiSMark. Specification is the subject to change!</comment>
 <motif name='Rel' id='REL.MTF' length='11'>
  <PPM length='11'>
   <pm-column position='1'>
    <a>0.06</a>
    <c>0.13</c>
    <g>0.71</g>
    <t>0.1</t>
   </pm-column>
   <pm-column position='2'>
    <a>0</a>
    <c>0</c>
    <g>1</g>
    <t>0</t>
   </pm-column>
   <pm-column position='3'>
    <a>0</a>
    <c>0</c>
    <g>1</g>
    <t>0</t>
   </pm-column>
   <pm-column position='4'>
    <a>0</a>
    <c>0</c>
    <g>1</g>
    <t>0</t>
   </pm-column>
   <pm-column position='5'>
    <a>1</a>
    <c>0</c>
    <g>0</g>
    <t>0</t>
   </pm-column>
   <pm-column position='6'>
    <a>0.55</a>
    <c>0.1</c>
    <g>0.03</g>
    <t>0.32</t>
   </pm-column>
   <pm-column position='7'>
    <a>0.06</a>
    <c>0.2</c>
    <g>0.16</g>
    <t>0.58</t>
   </pm-column>
   <pm-column position='8'>
    <a>0.03</a>
    <c>0.81</c>
    <g>0</g>
    <t>0.16</t>
   </pm-column>
   <pm-column position='9'>
    <a>0.48</a>
    <c>0.52</c>
    <g>0</g>
    <t>0</t>
   </pm-column>
   <pm-column position='10'>
    <a>0</a>
    <c>0.94</c>
    <g>0</g>
    <t>0.06</t>
   </pm-column>
   <pm-column position='11'>
    <a>0.19</a>
    <c>0.39</c>
    <g>0.23</g>
    <t>0.19</t>
   </pm-column>
  </PPM>
 </motif>
</smallbismark>