<?xml version='1.0' encoding='UTF-8'?>
<smallbismark>
 <comment name='WARNING'>This is a draft version of small-BiSMark. Specification is the subject to change!</comment>
 <motif name='retn' id='RETN.MTF' length='10'>
  <PPM length='10'>
   <pm-column position='1'>
    <a>0.214285714285714</a>
    <c>0.166666666666667</c>
    <g>0.166666666666667</g>
    <t>0.452380952380952</t>
   </pm-column>
   <pm-column position='2'>
    <a>0.214285714285714</a>
    <c>0.357142857142857</c>
    <g>0.166666666666667</g>
    <t>0.261904761904762</t>
   </pm-column>
   <pm-column position='3'>
    <a>0.5</a>
    <c>0</c>
    <g>0.5</g>
    <t>0</t>
   </pm-column>
   <pm-column position='4'>
    <a>1</a>
    <c>0</c>
    <g>0</g>
    <t>0</t>
   </pm-column>
   <pm-column position='5'>
    <a>0.0238095238095238</a>
    <c>0</c>
    <g>0</g>
    <t>0.976190476190476</t>
   </pm-column>
   <pm-column position='6'>
    <a>0.0238095238095238</a>
    <c>0</c>
    <g>0</g>
    <t>0.976190476190476</t>
   </pm-column>
   <pm-column position='7'>
    <a>0.880952380952381</a>
    <c>0</c>
    <g>0.119047619047619</g>
    <t>0</t>
   </pm-column>
   <pm-column position='8'>
    <a>0.666666666666667</a>
    <c>0.119047619047619</c>
    <g>0.142857142857143</g>
    <t>0.0714285714285714</t>
   </pm-column>
   <pm-column position='9'>
    <a>0.214285714285714</a>
    <c>0.119047619047619</c>
    <g>0.142857142857143</g>
    <t>0.523809523809524</t>
   </pm-column>
   <pm-column position='10'>
    <a>0.285714285714286</a>
    <c>0.261904761904762</c>
    <g>0.238095238095238</g>
    <t>0.214285714285714</t>
   </pm-column>
  </PPM>
 </motif>
</smallbismark>