<?xml version='1.0' encoding='UTF-8'?>
<smallbismark>
 <comment name='WARNING'>This is a draft version of small-BiSMark. Specification is the subject to change!</comment>
 <motif name='shn-ZFP1' id='SHN_ZFP1.MTF' length='12'>
  <PPM length='12'>
   <pm-column position='1'>
    <a>0</a>
    <c>0</c>
    <g>1</g>
    <t>0</t>
   </pm-column>
   <pm-column position='2'>
    <a>0</a>
    <c>0</c>
    <g>1</g>
    <t>0</t>
   </pm-column>
   <pm-column position='3'>
    <a>0</a>
    <c>0</c>
    <g>0.8</g>
    <t>0.2</t>
   </pm-column>
   <pm-column position='4'>
    <a>1</a>
    <c>0</c>
    <g>0</g>
    <t>0</t>
   </pm-column>
   <pm-column position='5'>
    <a>0.47</a>
    <c>0.13</c>
    <g>0</g>
    <t>0.4</t>
   </pm-column>
   <pm-column position='6'>
    <a>0</a>
    <c>0.93</c>
    <g>0</g>
    <t>0.07</t>
   </pm-column>
   <pm-column position='7'>
    <a>0</a>
    <c>0</c>
    <g>1</g>
    <t>0</t>
   </pm-column>
   <pm-column position='8'>
    <a>0</a>
    <c>0</c>
    <g>0.07</g>
    <t>0.93</t>
   </pm-column>
   <pm-column position='9'>
    <a>0</a>
    <c>0.07</c>
    <g>0</g>
    <t>0.93</t>
   </pm-column>
   <pm-column position='10'>
    <a>0</a>
    <c>1</c>
    <g>0</g>
    <t>0</t>
   </pm-column>
   <pm-column position='11'>
    <a>0</a>
    <c>1</c>
    <g>0</g>
    <t>0</t>
   </pm-column>
   <pm-column position='12'>
    <a>0.07</a>
    <c>0.8</c>
    <g>0</g>
    <t>0.13</t>
   </pm-column>
  </PPM>
 </motif>
</smallbismark>