<?xml version='1.0' encoding='UTF-8'?>
<smallbismark>
 <comment name='WARNING'>This is a draft version of small-BiSMark. Specification is the subject to change!</comment>
 <motif name='sna' id='SNA.MTF' length='13'>
  <PPM length='13'>
   <pm-column position='1'>
    <a>0.318181818181818</a>
    <c>0.272727272727273</c>
    <g>0.318181818181818</g>
    <t>0.0909090909090909</t>
   </pm-column>
   <pm-column position='2'>
    <a>0.36</a>
    <c>0.2</c>
    <g>0.16</g>
    <t>0.28</t>
   </pm-column>
   <pm-column position='3'>
    <a>0.448275862068966</a>
    <c>0.0689655172413793</c>
    <g>0.448275862068966</g>
    <t>0.0344827586206897</t>
   </pm-column>
   <pm-column position='4'>
    <a>0.710526315789474</a>
    <c>0</c>
    <g>0.210526315789474</g>
    <t>0.0789473684210526</t>
   </pm-column>
   <pm-column position='5'>
    <a>0</a>
    <c>0.975</c>
    <g>0.025</g>
    <t>0</t>
   </pm-column>
   <pm-column position='6'>
    <a>0.975</a>
    <c>0</c>
    <g>0</g>
    <t>0.025</t>
   </pm-column>
   <pm-column position='7'>
    <a>0.075</a>
    <c>0</c>
    <g>0.925</g>
    <t>0</t>
   </pm-column>
   <pm-column position='8'>
    <a>0.05</a>
    <c>0</c>
    <g>0.95</g>
    <t>0</t>
   </pm-column>
   <pm-column position='9'>
    <a>0</a>
    <c>0</c>
    <g>0</g>
    <t>1</t>
   </pm-column>
   <pm-column position='10'>
    <a>0</a>
    <c>0</c>
    <g>0.925</g>
    <t>0.075</t>
   </pm-column>
   <pm-column position='11'>
    <a>0.0810810810810811</a>
    <c>0.513513513513513</c>
    <g>0.0810810810810811</g>
    <t>0.324324324324324</t>
   </pm-column>
   <pm-column position='12'>
    <a>0.5625</a>
    <c>0.25</c>
    <g>0.0625</g>
    <t>0.125</t>
   </pm-column>
   <pm-column position='13'>
    <a>0.233333333333333</a>
    <c>0.366666666666667</c>
    <g>0.233333333333333</g>
    <t>0.166666666666667</t>
   </pm-column>
  </PPM>
 </motif>
</smallbismark>