<?xml version='1.0' encoding='UTF-8'?>
<smallbismark>
 <comment name='WARNING'>This is a draft version of small-BiSMark. Specification is the subject to change!</comment>
 <motif name='srp' id='SRP.MTF' length='10'>
  <PPM length='10'>
   <pm-column position='1'>
    <a>0.09</a>
    <c>0.13</c>
    <g>0.5</g>
    <t>0.28</t>
   </pm-column>
   <pm-column position='2'>
    <a>0.19</a>
    <c>0.44</c>
    <g>0</g>
    <t>0.37</t>
   </pm-column>
   <pm-column position='3'>
    <a>0</a>
    <c>0</c>
    <g>1</g>
    <t>0</t>
   </pm-column>
   <pm-column position='4'>
    <a>1</a>
    <c>0</c>
    <g>0</g>
    <t>0</t>
   </pm-column>
   <pm-column position='5'>
    <a>0</a>
    <c>0</c>
    <g>0</g>
    <t>1</t>
   </pm-column>
   <pm-column position='6'>
    <a>1</a>
    <c>0</c>
    <g>0</g>
    <t>0</t>
   </pm-column>
   <pm-column position='7'>
    <a>0.97</a>
    <c>0</c>
    <g>0.03</g>
    <t>0</t>
   </pm-column>
   <pm-column position='8'>
    <a>0</a>
    <c>0.35</c>
    <g>0.56</g>
    <t>0.09</t>
   </pm-column>
   <pm-column position='9'>
    <a>0.47</a>
    <c>0.09</c>
    <g>0.41</g>
    <t>0.03</t>
   </pm-column>
   <pm-column position='10'>
    <a>0.19</a>
    <c>0.34</c>
    <g>0.19</g>
    <t>0.28</t>
   </pm-column>
  </PPM>
 </motif>
</smallbismark>