<?xml version='1.0' encoding='UTF-8'?>
<smallbismark>
 <comment name='WARNING'>This is a draft version of small-BiSMark. Specification is the subject to change!</comment>
 <motif name='Stat92E' id='STAT92E.MTF' length='21'>
  <PPM length='21'>
   <pm-column position='1'>
    <a>0.25</a>
    <c>0.178571428571429</c>
    <g>0.321428571428571</g>
    <t>0.25</t>
   </pm-column>
   <pm-column position='2'>
    <a>0.25</a>
    <c>0.25</c>
    <g>0.285714285714286</g>
    <t>0.214285714285714</t>
   </pm-column>
   <pm-column position='3'>
    <a>0.4</a>
    <c>0.2</c>
    <g>0.166666666666667</g>
    <t>0.233333333333333</t>
   </pm-column>
   <pm-column position='4'>
    <a>0.166666666666667</a>
    <c>0.233333333333333</c>
    <g>0.3</g>
    <t>0.3</t>
   </pm-column>
   <pm-column position='5'>
    <a>0.3</a>
    <c>0.166666666666667</c>
    <g>0.2</g>
    <t>0.333333333333333</t>
   </pm-column>
   <pm-column position='6'>
    <a>0.0666666666666667</a>
    <c>0</c>
    <g>0</g>
    <t>0.933333333333333</t>
   </pm-column>
   <pm-column position='7'>
    <a>0</a>
    <c>0</c>
    <g>0</g>
    <t>1</t>
   </pm-column>
   <pm-column position='8'>
    <a>0</a>
    <c>0</c>
    <g>0</g>
    <t>1</t>
   </pm-column>
   <pm-column position='9'>
    <a>0</a>
    <c>1</c>
    <g>0</g>
    <t>0</t>
   </pm-column>
   <pm-column position='10'>
    <a>0.0666666666666667</a>
    <c>0.7</c>
    <g>0.133333333333333</g>
    <t>0.1</t>
   </pm-column>
   <pm-column position='11'>
    <a>0.133333333333333</a>
    <c>0.466666666666667</c>
    <g>0.366666666666667</g>
    <t>0.0333333333333333</t>
   </pm-column>
   <pm-column position='12'>
    <a>0.1</a>
    <c>0.133333333333333</c>
    <g>0.666666666666667</g>
    <t>0.1</t>
   </pm-column>
   <pm-column position='13'>
    <a>0</a>
    <c>0</c>
    <g>1</g>
    <t>0</t>
   </pm-column>
   <pm-column position='14'>
    <a>1</a>
    <c>0</c>
    <g>0</g>
    <t>0</t>
   </pm-column>
   <pm-column position='15'>
    <a>1</a>
    <c>0</c>
    <g>0</g>
    <t>0</t>
   </pm-column>
   <pm-column position='16'>
    <a>1</a>
    <c>0</c>
    <g>0</g>
    <t>0</t>
   </pm-column>
   <pm-column position='17'>
    <a>0.137931034482759</a>
    <c>0.275862068965517</c>
    <g>0.172413793103448</g>
    <t>0.413793103448276</t>
   </pm-column>
   <pm-column position='18'>
    <a>0.25</a>
    <c>0.214285714285714</c>
    <g>0.321428571428571</g>
    <t>0.214285714285714</t>
   </pm-column>
   <pm-column position='19'>
    <a>0.192307692307692</a>
    <c>0.307692307692308</c>
    <g>0.307692307692308</g>
    <t>0.192307692307692</t>
   </pm-column>
   <pm-column position='20'>
    <a>0.230769230769231</a>
    <c>0.307692307692308</c>
    <g>0.0769230769230769</g>
    <t>0.384615384615385</t>
   </pm-column>
   <pm-column position='21'>
    <a>0.346153846153846</a>
    <c>0.115384615384615</c>
    <g>0.269230769230769</g>
    <t>0.269230769230769</t>
   </pm-column>
  </PPM>
 </motif>
</smallbismark>