<?xml version='1.0' encoding='UTF-8'?>
<smallbismark>
 <comment name='WARNING'>This is a draft version of small-BiSMark. Specification is the subject to change!</comment>
 <motif name='TFAM' id='TFAM.MTF' length='5'>
  <PPM length='5'>
   <pm-column position='1'>
    <a>0</a>
    <c>0</c>
    <g>0</g>
    <t>1</t>
   </pm-column>
   <pm-column position='2'>
    <a>0</a>
    <c>0</c>
    <g>0</g>
    <t>1</t>
   </pm-column>
   <pm-column position='3'>
    <a>1</a>
    <c>0</c>
    <g>0</g>
    <t>0</t>
   </pm-column>
   <pm-column position='4'>
    <a>0</a>
    <c>0</c>
    <g>0</g>
    <t>1</t>
   </pm-column>
   <pm-column position='5'>
    <a>0</a>
    <c>0.818181818181818</c>
    <g>0.181818181818182</g>
    <t>0</t>
   </pm-column>
  </PPM>
 </motif>
</smallbismark>