<?xml version='1.0' encoding='UTF-8'?>
<smallbismark>
 <comment name='WARNING'>This is a draft version of small-BiSMark. Specification is the subject to change!</comment>
 <motif name='Ubx' id='UBX.MTF'>
  <PPM length='19'>
   <pm-column position='1'>
    <a>0.416666666666667</a>
    <c>0.291666666666667</c>
    <g>0.125</g>
    <t>0.166666666666667</t>
   </pm-column>
   <pm-column position='2'>
    <a>0.133333333333333</a>
    <c>0.5</c>
    <g>0.166666666666667</g>
    <t>0.2</t>
   </pm-column>
   <pm-column position='3'>
    <a>0.268292682926829</a>
    <c>0.170731707317073</c>
    <g>0.341463414634146</g>
    <t>0.219512195121951</t>
   </pm-column>
   <pm-column position='4'>
    <a>0.458333333333333</a>
    <c>0.0833333333333333</c>
    <g>0.229166666666667</g>
    <t>0.229166666666667</t>
   </pm-column>
   <pm-column position='5'>
    <a>0.37037037037037</a>
    <c>0.203703703703704</c>
    <g>0.314814814814815</g>
    <t>0.111111111111111</t>
   </pm-column>
   <pm-column position='6'>
    <a>0.140350877192982</a>
    <c>0.298245614035088</c>
    <g>0.403508771929825</g>
    <t>0.157894736842105</t>
   </pm-column>
   <pm-column position='7'>
    <a>0.0338983050847458</a>
    <c>0.694915254237288</c>
    <g>0.0508474576271186</g>
    <t>0.220338983050847</t>
   </pm-column>
   <pm-column position='8'>
    <a>0.283783783783784</a>
    <c>0.554054054054054</c>
    <g>0.0540540540540541</g>
    <t>0.108108108108108</t>
   </pm-column>
   <pm-column position='9'>
    <a>0.931818181818182</a>
    <c>0.0340909090909091</c>
    <g>0.0340909090909091</g>
    <t>0.0</t>
   </pm-column>
   <pm-column position='10'>
    <a>0.0113636363636364</a>
    <c>0.0227272727272727</c>
    <g>0.0</g>
    <t>0.965909090909091</t>
   </pm-column>
   <pm-column position='11'>
    <a>0.0697674418604651</a>
    <c>0.0348837209302326</c>
    <g>0.0348837209302326</g>
    <t>0.86046511627907</t>
   </pm-column>
   <pm-column position='12'>
    <a>0.962025316455696</a>
    <c>0.0</c>
    <g>0.0</g>
    <t>0.0379746835443038</t>
   </pm-column>
   <pm-column position='13'>
    <a>0.516129032258065</a>
    <c>0.129032258064516</c>
    <g>0.209677419354839</g>
    <t>0.145161290322581</t>
   </pm-column>
   <pm-column position='14'>
    <a>0.218181818181818</a>
    <c>0.290909090909091</c>
    <g>0.327272727272727</g>
    <t>0.163636363636364</t>
   </pm-column>
   <pm-column position='15'>
    <a>0.133333333333333</a>
    <c>0.4</c>
    <g>0.2</g>
    <t>0.266666666666667</t>
   </pm-column>
   <pm-column position='16'>
    <a>0.170731707317073</a>
    <c>0.48780487804878</c>
    <g>0.170731707317073</g>
    <t>0.170731707317073</t>
   </pm-column>
   <pm-column position='17'>
    <a>0.117647058823529</a>
    <c>0.411764705882353</c>
    <g>0.205882352941176</g>
    <t>0.264705882352941</t>
   </pm-column>
   <pm-column position='18'>
    <a>0.266666666666667</a>
    <c>0.266666666666667</c>
    <g>0.166666666666667</g>
    <t>0.3</t>
   </pm-column>
   <pm-column position='19'>
    <a>0.259259259259259</a>
    <c>0.444444444444444</c>
    <g>0.148148148148148</g>
    <t>0.148148148148148</t>
   </pm-column>
  </PPM>
 </motif>
</smallbismark>