<?xml version='1.0' encoding='UTF-8'?>
<smallbismark>
 <comment name='WARNING'>This is a draft version of small-BiSMark. Specification is the subject to change!</comment>
 <motif name='ap' id='AP.MTF'>
  <comment name='discrete information content by position'>[0.0, 0.0, -0.371714763362628, -1.00340155566147, -0.188504094972519, -0.864407973581811]</comment>
  <comment name='discrete information content'>-2.42802838757843</comment>
  <comment name='number of sequences in the corresponding alignment'>14</comment>
  <PPM length='6'>
   <pm-column position='1'>
    <a>1.0</a>
    <c>0.0</c>
    <g>0.0</g>
    <t>0.0</t>
   </pm-column>
   <pm-column position='2'>
    <a>1.0</a>
    <c>0.0</c>
    <g>0.0</g>
    <t>0.0</t>
   </pm-column>
   <pm-column position='3'>
    <a>0.0</a>
    <c>0.0714285714285714</c>
    <g>0.0714285714285714</g>
    <t>0.857142857142857</t>
   </pm-column>
   <pm-column position='4'>
    <a>0.357142857142857</a>
    <c>0.285714285714286</c>
    <g>0.0714285714285714</g>
    <t>0.285714285714286</t>
   </pm-column>
   <pm-column position='5'>
    <a>0.928571428571429</a>
    <c>0.0</c>
    <g>0.0714285714285714</g>
    <t>0.0</t>
   </pm-column>
   <pm-column position='6'>
    <a>0.142857142857143</a>
    <c>0.0714285714285714</c>
    <g>0.214285714285714</g>
    <t>0.571428571428571</t>
   </pm-column>
  </PPM>
  <PWM length='6'>
   <pm-column position='1'>
    <a>1.33500106673234</a>
    <c>-2.70805020110221</c>
    <g>-2.70805020110221</g>
    <t>-2.70805020110221</t>
   </pm-column>
   <pm-column position='2'>
    <a>1.33500106673234</a>
    <c>-2.70805020110221</c>
    <g>-2.70805020110221</g>
    <t>-2.70805020110221</t>
   </pm-column>
   <pm-column position='3'>
    <a>-2.70805020110221</a>
    <c>-1.09861228866811</c>
    <g>-1.09861228866811</g>
    <t>1.18377009700842</t>
   </pm-column>
   <pm-column position='4'>
    <a>0.336472236621213</a>
    <c>0.125163142954006</c>
    <g>-1.09861228866811</g>
    <t>0.125163142954006</t>
   </pm-column>
   <pm-column position='5'>
    <a>1.26224171244991</a>
    <c>-2.70805020110221</c>
    <g>-1.09861228866811</g>
    <t>-2.70805020110221</t>
   </pm-column>
   <pm-column position='6'>
    <a>-0.510825623765991</a>
    <c>-1.09861228866811</c>
    <g>-0.143100843640673</g>
    <t>0.78845736036427</t>
   </pm-column>
  </PWM>
  <word-list size='14'>
   <word score='6.24094353990849'>AATAAT</word>
   <word score='3.66878044512326'>AATTGT</word>
   <word score='6.24094353990849'>AATAAT</word>
   <word score='3.50657603048891'>AATGAA</word>
   <word score='4.73035146211102'>AATCAA</word>
   <word score='2.81569385655981'>AAGCAG</word>
   <word score='2.07149150519959'>AACAAC</word>
   <word score='5.09807624223634'>AATTAG</word>
   <word score='5.09807624223634'>AATTAG</word>
   <word score='6.02963444624128'>AATCAT</word>
   <word score='6.24094353990849'>AATAAT</word>
   <word score='6.02963444624128'>AATTAT</word>
   <word score='6.02963444624128'>AATCAT</word>
   <word score='6.24094353990849'>AATAAT</word>
  </word-list>
 </motif>
</smallbismark>