<?xml version='1.0' encoding='UTF-8'?>
<smallbismark>
 <comment name='WARNING'>This is a draft version of small-BiSMark. Specification is the subject to change!</comment>
 <motif name='brk' id='BRK.MTF'>
  <PPM length='7'>
   <pm-column position='1'>
    <a>0.4</a>
    <c>0.0</c>
    <g>0.6</g>
    <t>0.0</t>
   </pm-column>
   <pm-column position='2'>
    <a>0.2</a>
    <c>0.0</c>
    <g>0.8</g>
    <t>0.0</t>
   </pm-column>
   <pm-column position='3'>
    <a>0.0</a>
    <c>0.9</c>
    <g>0.0</g>
    <t>0.1</t>
   </pm-column>
   <pm-column position='4'>
    <a>0.0</a>
    <c>0.0</c>
    <g>0.9</g>
    <t>0.1</t>
   </pm-column>
   <pm-column position='5'>
    <a>0.0</a>
    <c>1.0</c>
    <g>0.0</g>
    <t>0.0</t>
   </pm-column>
   <pm-column position='6'>
    <a>0.0</a>
    <c>1.0</c>
    <g>0.0</g>
    <t>0.0</t>
   </pm-column>
   <pm-column position='7'>
    <a>0.5</a>
    <c>0.0</c>
    <g>0.5</g>
    <t>0.0</t>
   </pm-column>
  </PPM>
  <PWM length='7'>
   <pm-column position='1'>
    <a>0.435318071257846</a>
    <c>-2.39789527279837</c>
    <g>0.82098055206983</g>
    <t>-2.39789527279837</t>
   </pm-column>
   <pm-column position='2'>
    <a>-0.200670695462151</a>
    <c>-2.39789527279837</c>
    <g>1.09861228866811</g>
    <t>-2.39789527279837</t>
   </pm-column>
   <pm-column position='3'>
    <a>-2.39789527279837</a>
    <c>1.21302263984585</c>
    <g>-2.39789527279837</g>
    <t>-0.78845736036427</t>
   </pm-column>
   <pm-column position='4'>
    <a>-2.39789527279837</a>
    <c>-2.39789527279837</c>
    <g>1.21302263984585</g>
    <t>-0.78845736036427</t>
   </pm-column>
   <pm-column position='5'>
    <a>-2.39789527279837</a>
    <c>1.31567679390594</c>
    <g>-2.39789527279837</g>
    <t>-2.39789527279837</t>
   </pm-column>
   <pm-column position='6'>
    <a>-2.39789527279837</a>
    <c>1.31567679390594</c>
    <g>-2.39789527279837</g>
    <t>-2.39789527279837</t>
   </pm-column>
   <pm-column position='7'>
    <a>0.646627164925052</a>
    <c>-2.39789527279837</c>
    <g>0.646627164925052</g>
    <t>-2.39789527279837</t>
   </pm-column>
  </PWM>
  <word-list size='11'>
   <word score='7.62361887316658'>GGCGCCA</word>
   <word score='7.23795639235459'>AGCGCCA</word>
   <word score='7.62361887316658'>GGCGCCG</word>
   <word score='7.62361887316658'>GGCGCCG</word>
   <word score='7.62361887316658'>GGCGCCG</word>
   <word score='5.62213887295645'>GGTGCCA</word>
   <word score='5.93867340822433'>AACGCCA</word>
   <word score='4.32285588882619'>GACTCCG</word>
   <word score='7.23795639235459'>AGCGCCG</word>
   <word score='7.23795639235459'>AGCGCCA</word>
   <word score='7.62361887316658'>GGCGCCG</word>
  </word-list>
 </motif>
</smallbismark>