<?xml version='1.0' encoding='UTF-8'?>
<smallbismark>
 <comment name='WARNING'>This is a draft version of small-BiSMark. Specification is the subject to change!</comment>
 <motif name='byn' id='BYN.MTF'>
  <PPM length='8'>
   <pm-column position='1'>
    <a>0.111111111111111</a>
    <c>0.0</c>
    <g>0.0</g>
    <t>0.888888888888889</t>
   </pm-column>
   <pm-column position='2'>
    <a>0.222222222222222</a>
    <c>0.444444444444444</c>
    <g>0.0</g>
    <t>0.333333333333333</t>
   </pm-column>
   <pm-column position='3'>
    <a>0.111111111111111</a>
    <c>0.0</c>
    <g>0.777777777777778</g>
    <t>0.111111111111111</t>
   </pm-column>
   <pm-column position='4'>
    <a>0.0</a>
    <c>1.0</c>
    <g>0.0</g>
    <t>0.0</t>
   </pm-column>
   <pm-column position='5'>
    <a>0.888888888888889</a>
    <c>0.0</c>
    <g>0.0</g>
    <t>0.111111111111111</t>
   </pm-column>
   <pm-column position='6'>
    <a>0.0</a>
    <c>1.0</c>
    <g>0.0</g>
    <t>0.0</t>
   </pm-column>
   <pm-column position='7'>
    <a>0.333333333333333</a>
    <c>0.333333333333333</c>
    <g>0.0</g>
    <t>0.333333333333333</t>
   </pm-column>
   <pm-column position='8'>
    <a>0.111111111111111</a>
    <c>0.111111111111111</c>
    <g>0.0</g>
    <t>0.777777777777778</t>
   </pm-column>
  </PPM>
  <PWM length='8'>
   <pm-column position='1'>
    <a>-0.693147180559945</a>
    <c>-2.30258509299405</c>
    <g>-2.30258509299405</g>
    <t>1.19392246847243</t>
   </pm-column>
   <pm-column position='2'>
    <a>-0.105360515657826</a>
    <c>0.53062825106217</c>
    <g>-2.30258509299405</g>
    <t>0.262364264467491</t>
   </pm-column>
   <pm-column position='3'>
    <a>-0.693147180559945</a>
    <c>-2.30258509299405</c>
    <g>1.06471073699243</g>
    <t>-0.693147180559945</t>
   </pm-column>
   <pm-column position='4'>
    <a>-2.30258509299405</a>
    <c>1.30833281965018</c>
    <g>-2.30258509299405</g>
    <t>-2.30258509299405</t>
   </pm-column>
   <pm-column position='5'>
    <a>1.19392246847243</a>
    <c>-2.30258509299405</c>
    <g>-2.30258509299405</g>
    <t>-0.693147180559945</t>
   </pm-column>
   <pm-column position='6'>
    <a>-2.30258509299405</a>
    <c>1.30833281965018</c>
    <g>-2.30258509299405</g>
    <t>-2.30258509299405</t>
   </pm-column>
   <pm-column position='7'>
    <a>0.262364264467491</a>
    <c>0.262364264467491</c>
    <g>-2.30258509299405</g>
    <t>0.262364264467491</t>
   </pm-column>
   <pm-column position='8'>
    <a>-0.693147180559945</a>
    <c>-0.693147180559945</c>
    <g>-2.30258509299405</g>
    <t>1.06471073699243</t>
   </pm-column>
  </PWM>
  <word-list size='10'>
   <word score='7.29093579903975'>TAGCACTT</word>
   <word score='7.92692456575974'>TCGCACCT</word>
   <word score='7.92692456575974'>TCGCACTT</word>
   <word score='7.92692456575974'>TCGCACTT</word>
   <word score='5.90080266161269'>TTTCACCT</word>
   <word score='5.53307788148738'>TAACACAT</word>
   <word score='5.90080266161269'>TTGCACAA</word>
   <word score='4.28199699917499'>TCGCTCCC</word>
   <word score='5.77159093013269'>ATGCACAT</word>
   <word score='5.77159093013269'>ATGCACAT</word>
  </word-list>
 </motif>
</smallbismark>