<?xml version='1.0' encoding='UTF-8'?>
<smallbismark>
 <comment name='WARNING'>This is a draft version of small-BiSMark. Specification is the subject to change!</comment>
 <motif name='Dref' id='DREF.MTF'>
  <PPM length='10'>
   <pm-column position='1'>
    <a>0.666666666666667</a>
    <c>0.111111111111111</c>
    <g>0.0</g>
    <t>0.222222222222222</t>
   </pm-column>
   <pm-column position='2'>
    <a>0.111111111111111</a>
    <c>0.0</c>
    <g>0.111111111111111</g>
    <t>0.777777777777778</t>
   </pm-column>
   <pm-column position='3'>
    <a>0.777777777777778</a>
    <c>0.111111111111111</c>
    <g>0.0</g>
    <t>0.111111111111111</t>
   </pm-column>
   <pm-column position='4'>
    <a>0.333333333333333</a>
    <c>0.0</c>
    <g>0.0</g>
    <t>0.666666666666667</t>
   </pm-column>
   <pm-column position='5'>
    <a>0.0</a>
    <c>1.0</c>
    <g>0.0</g>
    <t>0.0</t>
   </pm-column>
   <pm-column position='6'>
    <a>0.111111111111111</a>
    <c>0.0</c>
    <g>0.888888888888889</g>
    <t>0.0</t>
   </pm-column>
   <pm-column position='7'>
    <a>1.0</a>
    <c>0.0</c>
    <g>0.0</g>
    <t>0.0</t>
   </pm-column>
   <pm-column position='8'>
    <a>0.0</a>
    <c>0.0</c>
    <g>0.0</g>
    <t>1.0</t>
   </pm-column>
   <pm-column position='9'>
    <a>0.777777777777778</a>
    <c>0.111111111111111</c>
    <g>0.111111111111111</g>
    <t>0.0</t>
   </pm-column>
   <pm-column position='10'>
    <a>0.333333333333333</a>
    <c>0.0</c>
    <g>0.666666666666667</g>
    <t>0.0</t>
   </pm-column>
  </PPM>
  <PWM length='10'>
   <pm-column position='1'>
    <a>0.916290731874155</a>
    <c>-0.693147180559945</c>
    <g>-2.30258509299405</g>
    <t>-0.105360515657826</t>
   </pm-column>
   <pm-column position='2'>
    <a>-0.693147180559945</a>
    <c>-2.30258509299405</c>
    <g>-0.693147180559945</g>
    <t>1.06471073699243</t>
   </pm-column>
   <pm-column position='3'>
    <a>1.06471073699243</a>
    <c>-0.693147180559945</c>
    <g>-2.30258509299405</g>
    <t>-0.693147180559945</t>
   </pm-column>
   <pm-column position='4'>
    <a>0.262364264467491</a>
    <c>-2.30258509299405</c>
    <g>-2.30258509299405</g>
    <t>0.916290731874155</t>
   </pm-column>
   <pm-column position='5'>
    <a>-2.30258509299405</a>
    <c>1.30833281965018</c>
    <g>-2.30258509299405</g>
    <t>-2.30258509299405</t>
   </pm-column>
   <pm-column position='6'>
    <a>-0.693147180559945</a>
    <c>-2.30258509299405</c>
    <g>1.19392246847243</g>
    <t>-2.30258509299405</t>
   </pm-column>
   <pm-column position='7'>
    <a>1.30833281965018</a>
    <c>-2.30258509299405</c>
    <g>-2.30258509299405</g>
    <t>-2.30258509299405</t>
   </pm-column>
   <pm-column position='8'>
    <a>-2.30258509299405</a>
    <c>-2.30258509299405</c>
    <g>-2.30258509299405</g>
    <t>1.30833281965018</t>
   </pm-column>
   <pm-column position='9'>
    <a>1.06471073699243</a>
    <c>-0.693147180559945</c>
    <g>-0.693147180559945</g>
    <t>-2.30258509299405</t>
   </pm-column>
   <pm-column position='10'>
    <a>0.262364264467491</a>
    <c>-2.30258509299405</c>
    <g>0.916290731874155</g>
    <t>-2.30258509299405</t>
   </pm-column>
  </PWM>
  <word-list size='10'>
   <word score='10.0402740864907'>TTATCGATAG</word>
   <word score='7.04070303662958'>CAAACGATAG</word>
   <word score='8.65014094906368'>ATTACGATAG</word>
   <word score='10.4079988666161'>ATATCGATAA</word>
   <word score='11.0619253340227'>ATATCGATAG</word>
   <word score='11.0619253340227'>ATATCGATAG</word>
   <word score='6.10914483262464'>ATAACAATCA</word>
   <word score='5.7883515813656'>AGCTCGATGG</word>
   <word score='9.38634761908408'>TTATCGATAA</word>
   <word score='9.38634761908408'>TTATCGATAA</word>
  </word-list>
 </motif>
</smallbismark>