<?xml version='1.0' encoding='UTF-8'?>
<smallbismark>
 <comment name='WARNING'>This is a draft version of small-BiSMark. Specification is the subject to change!</comment>
 <motif name='Med' id='MED.MTF'>
  <comment name='discrete information content by position'>[-0.640495497418073, 0.0, -0.503168961341719, -0.704348700395974, -0.531061905256154, -0.25993019270998, -0.503168961341719, -0.503168961341719, -0.531061905256154, -0.640495497418073, -0.640495497418073]</comment>
  <comment name='discrete information content'>-5.45739607989764</comment>
  <comment name='number of sequences in the corresponding alignment'>8</comment>
  <PPM length='11'>
   <pm-column position='1'>
    <a>0.125</a>
    <c>0.25</c>
    <g>0.625</g>
    <t>0.0</t>
   </pm-column>
   <pm-column position='2'>
    <a>0.0</a>
    <c>1.0</c>
    <g>0.0</g>
    <t>0.0</t>
   </pm-column>
   <pm-column position='3'>
    <a>0.625</a>
    <c>0.375</c>
    <g>0.0</g>
    <t>0.0</t>
   </pm-column>
   <pm-column position='4'>
    <a>0.0</a>
    <c>0.375</c>
    <g>0.5</g>
    <t>0.125</t>
   </pm-column>
   <pm-column position='5'>
    <a>0.0</a>
    <c>0.5</c>
    <g>0.5</g>
    <t>0.0</t>
   </pm-column>
   <pm-column position='6'>
    <a>0.0</a>
    <c>0.875</c>
    <g>0.125</g>
    <t>0.0</t>
   </pm-column>
   <pm-column position='7'>
    <a>0.0</a>
    <c>0.375</c>
    <g>0.625</g>
    <t>0.0</t>
   </pm-column>
   <pm-column position='8'>
    <a>0.375</a>
    <c>0.625</c>
    <g>0.0</g>
    <t>0.0</t>
   </pm-column>
   <pm-column position='9'>
    <a>0.5</a>
    <c>0.5</c>
    <g>0.0</g>
    <t>0.0</t>
   </pm-column>
   <pm-column position='10'>
    <a>0.25</a>
    <c>0.0</c>
    <g>0.625</g>
    <t>0.125</t>
   </pm-column>
   <pm-column position='11'>
    <a>0.125</a>
    <c>0.25</c>
    <g>0.0</g>
    <t>0.625</t>
   </pm-column>
  </PPM>
  <PWM length='11'>
   <pm-column position='1'>
    <a>-0.587786664902119</a>
    <c>0.0</c>
    <g>0.847297860387204</g>
    <t>-2.19722457733622</t>
   </pm-column>
   <pm-column position='2'>
    <a>-2.19722457733622</a>
    <c>1.29928298413026</c>
    <g>-2.19722457733622</g>
    <t>-2.19722457733622</t>
   </pm-column>
   <pm-column position='3'>
    <a>0.847297860387204</a>
    <c>0.367724780125317</c>
    <g>-2.19722457733622</g>
    <t>-2.19722457733622</t>
   </pm-column>
   <pm-column position='4'>
    <a>-2.19722457733622</a>
    <c>0.367724780125317</c>
    <g>0.635988766719997</g>
    <t>-0.587786664902119</t>
   </pm-column>
   <pm-column position='5'>
    <a>-2.19722457733622</a>
    <c>0.635988766719997</c>
    <g>0.635988766719997</g>
    <t>-2.19722457733622</t>
   </pm-column>
   <pm-column position='6'>
    <a>-2.19722457733622</a>
    <c>1.17007125265025</c>
    <g>-0.587786664902119</g>
    <t>-2.19722457733622</t>
   </pm-column>
   <pm-column position='7'>
    <a>-2.19722457733622</a>
    <c>0.367724780125317</c>
    <g>0.847297860387204</g>
    <t>-2.19722457733622</t>
   </pm-column>
   <pm-column position='8'>
    <a>0.367724780125317</a>
    <c>0.847297860387204</c>
    <g>-2.19722457733622</g>
    <t>-2.19722457733622</t>
   </pm-column>
   <pm-column position='9'>
    <a>0.635988766719997</a>
    <c>0.635988766719997</c>
    <g>-2.19722457733622</g>
    <t>-2.19722457733622</t>
   </pm-column>
   <pm-column position='10'>
    <a>0.0</a>
    <c>-2.19722457733622</c>
    <g>0.847297860387204</g>
    <t>-0.587786664902119</t>
   </pm-column>
   <pm-column position='11'>
    <a>-0.587786664902119</a>
    <c>0.0</c>
    <g>-2.19722457733622</g>
    <t>0.847297860387204</t>
   </pm-column>
  </PWM>
  <word-list size='8'>
   <word score='5.84310158182852'>GCATCCCAAGA</word>
   <word score='8.61380983887652'>GCAGCCGCAGC</word>
   <word score='6.31903994659407'>GCCCGCCACTT</word>
   <word score='6.58768793472947'>CCACCGGCAGT</word>
   <word score='8.61380983887652'>GCAGGCGCCAT</word>
   <word score='7.86597277201996'>CCACGCCCCGT</word>
   <word score='7.65466367835275'>GCCGCCGACAT</word>
   <word score='6.69915223332531'>ACCGGCGCAGC</word>
  </word-list>
 </motif>
</smallbismark>