<?xml version='1.0' encoding='UTF-8'?>
<smallbismark>
 <comment name='WARNING'>This is a draft version of small-BiSMark. Specification is the subject to change!</comment>
 <motif name='sd' id='SD.MTF'>
  <PPM length='12'>
   <pm-column position='1'>
    <a>0.157894736842105</a>
    <c>0.526315789473684</c>
    <g>0.315789473684211</g>
    <t>0.0</t>
   </pm-column>
   <pm-column position='2'>
    <a>0.421052631578947</a>
    <c>0.210526315789474</c>
    <g>0.368421052631579</g>
    <t>0.0</t>
   </pm-column>
   <pm-column position='3'>
    <a>0.578947368421053</a>
    <c>0.210526315789474</c>
    <g>0.0</g>
    <t>0.210526315789474</t>
   </pm-column>
   <pm-column position='4'>
    <a>0.842105263157895</a>
    <c>0.0526315789473684</c>
    <g>0.0526315789473684</g>
    <t>0.0526315789473684</t>
   </pm-column>
   <pm-column position='5'>
    <a>0.0526315789473684</a>
    <c>0.157894736842105</c>
    <g>0.0</g>
    <t>0.789473684210526</t>
   </pm-column>
   <pm-column position='6'>
    <a>0.157894736842105</a>
    <c>0.0</c>
    <g>0.157894736842105</g>
    <t>0.684210526315789</t>
   </pm-column>
   <pm-column position='7'>
    <a>0.263157894736842</a>
    <c>0.263157894736842</c>
    <g>0.0</g>
    <t>0.473684210526316</t>
   </pm-column>
   <pm-column position='8'>
    <a>0.0526315789473684</a>
    <c>0.736842105263158</c>
    <g>0.210526315789474</g>
    <t>0.0</t>
   </pm-column>
   <pm-column position='9'>
    <a>0.526315789473684</a>
    <c>0.105263157894737</c>
    <g>0.0</g>
    <t>0.368421052631579</t>
   </pm-column>
   <pm-column position='10'>
    <a>0.210526315789474</a>
    <c>0.0526315789473684</c>
    <g>0.0</g>
    <t>0.736842105263158</t>
   </pm-column>
   <pm-column position='11'>
    <a>0.157894736842105</a>
    <c>0.0</c>
    <g>0.0</g>
    <t>0.842105263157895</t>
   </pm-column>
   <pm-column position='12'>
    <a>0.0</a>
    <c>0.210526315789474</c>
    <g>0.368421052631579</g>
    <t>0.421052631578947</t>
   </pm-column>
  </PPM>
  <PWM length='12'>
   <pm-column position='1'>
    <a>-0.430782916092454</a>
    <c>0.717839793150317</c>
    <g>0.22314355131421</g>
    <t>-2.99573227355399</t>
   </pm-column>
   <pm-column position='2'>
    <a>0.500775287912489</a>
    <c>-0.162518929497775</c>
    <g>0.371563556432483</g>
    <t>-2.99573227355399</t>
   </pm-column>
   <pm-column position='3'>
    <a>0.810930216216329</a>
    <c>-0.162518929497775</c>
    <g>-2.99573227355399</g>
    <t>-0.162518929497775</t>
   </pm-column>
   <pm-column position='4'>
    <a>1.17865499634165</a>
    <c>-1.38629436111989</c>
    <g>-1.38629436111989</g>
    <t>-1.38629436111989</t>
   </pm-column>
   <pm-column position='5'>
    <a>-1.38629436111989</a>
    <c>-0.430782916092454</c>
    <g>-2.99573227355399</g>
    <t>1.11514159061932</t>
   </pm-column>
   <pm-column position='6'>
    <a>-0.430782916092454</a>
    <c>-2.99573227355399</c>
    <g>-0.430782916092454</g>
    <t>0.974559639998131</t>
   </pm-column>
   <pm-column position='7'>
    <a>0.048790164169432</a>
    <c>0.048790164169432</c>
    <g>-2.99573227355399</g>
    <t>0.615185639090233</t>
   </pm-column>
   <pm-column position='8'>
    <a>-1.38629436111989</a>
    <c>1.04731899428056</c>
    <g>-0.162518929497775</g>
    <t>-2.99573227355399</t>
   </pm-column>
   <pm-column position='9'>
    <a>0.717839793150317</a>
    <c>-0.798507696217772</c>
    <g>-2.99573227355399</g>
    <t>0.371563556432483</t>
   </pm-column>
   <pm-column position='10'>
    <a>-0.162518929497775</a>
    <c>-1.38629436111989</c>
    <g>-2.99573227355399</g>
    <t>1.04731899428056</t>
   </pm-column>
   <pm-column position='11'>
    <a>-0.430782916092454</a>
    <c>-2.99573227355399</c>
    <g>-2.99573227355399</g>
    <t>1.17865499634165</t>
   </pm-column>
   <pm-column position='12'>
    <a>-2.99573227355399</a>
    <c>-0.162518929497775</c>
    <g>0.371563556432483</g>
    <t>0.500775287912489</t>
   </pm-column>
  </PWM>
  <word-list size='19'>
   <word score='7.22232735945789'>CATACTTCATTC</word>
   <word score='5.72009828745671'>AACATTTAATTG</word>
   <word score='5.06655594337074'>CCAACTACACTG</word>
   <word score='7.40886303571872'>GAAAATTCATTT</word>
   <word score='9.21469178105712'>GAAATTACATTG</word>
   <word score='6.32872425006027'>CCCATTCCAATC</word>
   <word score='9.58017629141322'>CGAATTACATTG</word>
   <word score='5.37488217193661'>CGCATAACTTAT</word>
   <word score='6.14425552857702'>CGAATGTCCATT</word>
   <word score='8.02946846316951'>GAAATATCTTTG</word>
   <word score='6.4885063679107'>GGAATTCCCATT</word>
   <word score='4.41937072690917'>CGCGTGCCTTTT</word>
   <word score='6.41954310647286'>CAAACTCGATTC</word>
   <word score='7.69616137534598'>GGAATTTCTTAG</word>
   <word score='5.63690703378733'>CCTCTTACATTT</word>
   <word score='4.82665441672617'>AGAATATGTATG</word>
   <word score='4.04732088990596'>CATTTTTGATAT</word>
   <word score='6.38244679595037'>GAAATGCGTTTT</word>
   <word score='6.6100587027988'>ACTATTTCTTTC</word>
  </word-list>
 </motif>
</smallbismark>