<?xml version='1.0' encoding='UTF-8'?>
<smallbismark>
 <comment name='WARNING'>This is a draft version of small-BiSMark. Specification is the subject to change!</comment>
 <motif name='slbo' id='SLBO.MTF'>
  <comment name='discrete information content by position'>[-0.40690016021553, -0.718372628405811, -0.541019986246816, -0.207075554149, -0.852492454441864, -0.569059339303474, 0.0, -0.805857805447252, -0.7480955403957, -0.349137895163978]</comment>
  <comment name='discrete information content'>-5.19801136376942</comment>
  <comment name='number of sequences in the corresponding alignment'>12</comment>
  <PPM length='10'>
   <pm-column position='1'>
    <a>0.0833333333333333</a>
    <c>0.0</c>
    <g>0.0833333333333333</g>
    <t>0.833333333333333</t>
   </pm-column>
   <pm-column position='2'>
    <a>0.0833333333333333</a>
    <c>0.0</c>
    <g>0.416666666666667</g>
    <t>0.5</t>
   </pm-column>
   <pm-column position='3'>
    <a>0.0833333333333333</a>
    <c>0.166666666666667</c>
    <g>0.0</g>
    <t>0.75</t>
   </pm-column>
   <pm-column position='4'>
    <a>0.0</a>
    <c>0.0</c>
    <g>0.916666666666667</g>
    <t>0.0833333333333333</t>
   </pm-column>
   <pm-column position='5'>
    <a>0.0</a>
    <c>0.416666666666667</c>
    <g>0.25</g>
    <t>0.333333333333333</t>
   </pm-column>
   <pm-column position='6'>
    <a>0.5</a>
    <c>0.5</c>
    <g>0.0</g>
    <t>0.0</t>
   </pm-column>
   <pm-column position='7'>
    <a>1.0</a>
    <c>0.0</c>
    <g>0.0</g>
    <t>0.0</t>
   </pm-column>
   <pm-column position='8'>
    <a>0.25</a>
    <c>0.0833333333333333</c>
    <g>0.0833333333333333</g>
    <t>0.583333333333333</t>
   </pm-column>
   <pm-column position='9'>
    <a>0.0</a>
    <c>0.583333333333333</c>
    <g>0.166666666666667</g>
    <t>0.25</t>
   </pm-column>
   <pm-column position='10'>
    <a>0.833333333333333</a>
    <c>0.0</c>
    <g>0.0</g>
    <t>0.166666666666667</t>
   </pm-column>
  </PPM>
  <PWM length='10'>
   <pm-column position='1'>
    <a>-0.955511445027436</a>
    <c>-2.56494935746154</c>
    <g>-0.955511445027436</g>
    <t>1.14862270924277</t>
   </pm-column>
   <pm-column position='2'>
    <a>-0.955511445027436</a>
    <c>-2.56494935746154</c>
    <g>0.479573080261886</g>
    <t>0.653926467406664</t>
   </pm-column>
   <pm-column position='3'>
    <a>-0.955511445027436</a>
    <c>-0.367724780125317</c>
    <g>-2.56494935746154</g>
    <t>1.04596855518269</t>
   </pm-column>
   <pm-column position='4'>
    <a>-2.56494935746154</a>
    <c>-2.56494935746154</c>
    <g>1.24171313230878</g>
    <t>-0.955511445027436</t>
   </pm-column>
   <pm-column position='5'>
    <a>-2.56494935746154</a>
    <c>0.479573080261886</c>
    <g>0.0</g>
    <t>0.268263986594679</t>
   </pm-column>
   <pm-column position='6'>
    <a>0.653926467406664</a>
    <c>0.653926467406664</c>
    <g>-2.56494935746154</g>
    <t>-2.56494935746154</t>
   </pm-column>
   <pm-column position='7'>
    <a>1.32687094064909</a>
    <c>-2.56494935746154</c>
    <g>-2.56494935746154</g>
    <t>-2.56494935746154</t>
   </pm-column>
   <pm-column position='8'>
    <a>0.0</a>
    <c>-0.955511445027436</c>
    <g>-0.955511445027436</g>
    <t>0.802346472524937</t>
   </pm-column>
   <pm-column position='9'>
    <a>-2.56494935746154</a>
    <c>0.802346472524937</c>
    <g>-0.367724780125317</g>
    <t>0.0</t>
   </pm-column>
   <pm-column position='10'>
    <a>1.14862270924277</a>
    <c>-2.56494935746154</c>
    <g>-2.56494935746154</g>
    <t>-0.367724780125317</t>
   </pm-column>
  </PWM>
  <word-list size='12'>
   <word score='7.19978285248098'>GTTGCAATCA</word>
   <word score='9.09260791308398'>TTTGTAATCA</word>
   <word score='5.48169000043976'>TAAGTCATCA</word>
   <word score='6.45276596200831'>TGTTGCATCA</word>
   <word score='6.91352381177347'>TGCGCAAACA</word>
   <word score='5.7220613691419'>TGTGGAAGGA</word>
   <word score='7.7875695173831'>TTTGCAATCT</word>
   <word score='6.50884332512573'>TTCGTAATGA</word>
   <word score='6.39743637995605'>ATTGCCAACA</word>
   <word score='6.59956056404618'>TGTGTCATTT</word>
   <word score='7.21965098143943'>TTTGGCAATA</word>
   <word score='6.5693592295291'>TGTGCCACTA</word>
  </word-list>
 </motif>
</smallbismark>