<?xml version='1.0' encoding='UTF-8'?>
<smallbismark>
 <comment name='WARNING'>This is a draft version of small-BiSMark. Specification is the subject to change!</comment>
 <motif name='sna' id='SNA.MTF'>
  <PPM length='9'>
   <pm-column position='1'>
    <a>0.818181818181818</a>
    <c>0.181818181818182</c>
    <g>0.0</g>
    <t>0.0</t>
   </pm-column>
   <pm-column position='2'>
    <a>0.363636363636364</a>
    <c>0.0</c>
    <g>0.363636363636364</g>
    <t>0.272727272727273</t>
   </pm-column>
   <pm-column position='3'>
    <a>0.0</a>
    <c>1.0</c>
    <g>0.0</g>
    <t>0.0</t>
   </pm-column>
   <pm-column position='4'>
    <a>0.909090909090909</a>
    <c>0.0</c>
    <g>0.0909090909090909</g>
    <t>0.0</t>
   </pm-column>
   <pm-column position='5'>
    <a>0.363636363636364</a>
    <c>0.0</c>
    <g>0.545454545454545</g>
    <t>0.0909090909090909</t>
   </pm-column>
   <pm-column position='6'>
    <a>0.0</a>
    <c>0.0</c>
    <g>1.0</g>
    <t>0.0</t>
   </pm-column>
   <pm-column position='7'>
    <a>0.0</a>
    <c>0.0</c>
    <g>0.181818181818182</g>
    <t>0.818181818181818</t>
   </pm-column>
   <pm-column position='8'>
    <a>0.272727272727273</a>
    <c>0.0</c>
    <g>0.454545454545455</g>
    <t>0.272727272727273</t>
   </pm-column>
   <pm-column position='9'>
    <a>0.272727272727273</a>
    <c>0.181818181818182</c>
    <g>0.545454545454545</g>
    <t>0.0</t>
   </pm-column>
  </PPM>
  <PWM length='9'>
   <pm-column position='1'>
    <a>1.12601126285622</a>
    <c>-0.287682072451781</c>
    <g>-2.484906649788</g>
    <t>-2.484906649788</t>
   </pm-column>
   <pm-column position='2'>
    <a>0.348306694268216</a>
    <c>-2.484906649788</c>
    <g>0.348306694268216</g>
    <t>0.0800427076735364</t>
   </pm-column>
   <pm-column position='3'>
    <a>-2.484906649788</a>
    <c>1.32175583998232</c>
    <g>-2.484906649788</g>
    <t>-2.484906649788</t>
   </pm-column>
   <pm-column position='4'>
    <a>1.22866541691631</a>
    <c>-2.484906649788</c>
    <g>-0.8754687373539</g>
    <t>-2.484906649788</t>
   </pm-column>
   <pm-column position='5'>
    <a>0.348306694268216</a>
    <c>-2.484906649788</c>
    <g>0.733969175080201</g>
    <t>-0.8754687373539</t>
   </pm-column>
   <pm-column position='6'>
    <a>-2.484906649788</a>
    <c>-2.484906649788</c>
    <g>1.32175583998232</g>
    <t>-2.484906649788</t>
   </pm-column>
   <pm-column position='7'>
    <a>-2.484906649788</a>
    <c>-2.484906649788</c>
    <g>-0.287682072451781</g>
    <t>1.12601126285622</t>
   </pm-column>
   <pm-column position='8'>
    <a>0.0800427076735364</a>
    <c>-2.484906649788</c>
    <g>0.559615787935423</g>
    <t>0.0800427076735364</t>
   </pm-column>
   <pm-column position='9'>
    <a>0.0800427076735364</a>
    <c>-0.287682072451781</c>
    <g>0.733969175080201</g>
    <t>-2.484906649788</t>
   </pm-column>
  </PWM>
  <word-list size='11'>
   <word score='6.22113155857556'>CGCAAGTTG</word>
   <word score='6.22113155857556'>AGCAAGGTG</word>
   <word score='6.70070463883744'>CGCAAGTGG</word>
   <word score='5.86897129499135'>AACATGTGC</word>
   <word score='8.23179646836276'>ATCAGGTGG</word>
   <word score='3.58046943111599'>ATCGGGGAA</word>
   <word score='8.02048737469555'>AACAGGTAG</word>
   <word score='8.02048737469555'>AACAGGTTG</word>
   <word score='7.0982969206942'>ATCAGGTAA</word>
   <word score='7.84613398755077'>AACAGGTGA</word>
   <word score='7.09274672661347'>AGCAAGTGC</word>
  </word-list>
 </motif>
</smallbismark>